x,y,label,color
-3.1583295369483855,-6.435150905125953,1,#1f77b4
-3.095626285251026,-6.565502972735479,1,#1f77b4
-3.1357118249848575,-6.869598388038052,1,#1f77b4
-3.1218518361528256,-7.042778326838501,1,#1f77b4
-3.21222212856574,-7.253269606151312,1,#1f77b4
-3.380598632078835,-7.6894094376077895,1,#1f77b4
-3.543386328008572,-8.039388044969169,1,#1f77b4
-3.784595593126979,-8.531480038859492,1,#1f77b4
-3.945010808983576,-8.88148517798278,1,#1f77b4
-3.9922448169486473,-8.995223924650958,1,#1f77b4
-4.147345787807303,-9.140683514441017,1,#1f77b4
-4.364706437130759,-9.322375293519354,1,#1f77b4
-4.5730637564763565,-9.518725235839437,1,#1f77b4
-5.039270157470888,-9.865216967755517,1,#1f77b4
-5.432837271936586,-10.040603071498772,1,#1f77b4
-6.107012986419773,-10.103314239280166,1,#1f77b4
-6.872166142145823,-10.142224805534623,1,#1f77b4
-7.391965132131917,-10.191104619838542,1,#1f77b4
-7.800174112467262,-10.153292288520218,1,#1f77b4
-8.087860544670221,-10.160409974187251,1,#1f77b4
-8.571490171267941,-10.105629599597657,1,#1f77b4
-9.039354256428076,-9.986546771791753,1,#1f77b4
-9.320180615300291,-9.89227700274044,1,#1f77b4
-9.719572361468009,-9.690033126726009,1,#1f77b4
-9.992281262396736,-9.579700484123432,1,#1f77b4
-10.231101345772869,-9.502818368926764,1,#1f77b4
-10.460582295546219,-9.411782071475537,1,#1f77b4
-10.534899854050163,-9.393399978545961,1,#1f77b4
-10.676907061917063,-9.298876292737905,1,#1f77b4
-10.965277486408684,-9.085600848373415,1,#1f77b4
-11.195399058996955,-8.95526020235956,1,#1f77b4
-11.451301877987133,-8.736118475380225,1,#1f77b4
-11.619292145618799,-8.559894508753558,1,#1f77b4
-11.762309290782975,-8.482103971011032,1,#1f77b4
-11.950653745940597,-8.40483552147394,1,#1f77b4
-12.088973986887227,-8.35127726411239,1,#1f77b4
-12.24662518902545,-8.352185327346318,1,#1f77b4
-12.32321440961631,-8.329421292513551,1,#1f77b4
-12.397633585249777,-8.62287623541064,1,#1f77b4
-12.426865238914987,-8.65436227295074,1,#1f77b4
-12.400657474184593,-8.89393443987691,1,#1f77b4
-12.317748532902398,-9.16421184817971,1,#1f77b4
-12.231661735634653,-9.370443903717518,1,#1f77b4
-12.073400009836956,-9.57704438581029,1,#1f77b4
-11.96041926637278,-9.862634144343435,1,#1f77b4
-11.642688105705489,-10.131767861025594,1,#1f77b4
-11.333908777586581,-10.366979623521575,1,#1f77b4
-10.871482415751714,-10.704574796413143,1,#1f77b4
-10.21298310638678,-11.110277352458807,1,#1f77b4
-9.742291405384307,-11.377784814276387,1,#1f77b4
-9.234604032591836,-11.607768265903754,1,#1f77b4
-8.834562764370384,-11.735095380990453,1,#1f77b4
-8.460407848829158,-11.787945248812619,1,#1f77b4
-8.018264097260616,-11.701602744386507,1,#1f77b4
-7.613988515647085,-11.567918356206908,1,#1f77b4
-6.968439788175251,-11.32578402568919,1,#1f77b4
-6.50758678830926,-11.090596255846469,1,#1f77b4
-6.145115750407096,-10.84434700760531,1,#1f77b4
-5.687555718116997,-9.395993880217464,1,#1f77b4
-5.430113355670064,-8.934480972551524,1,#1f77b4
-5.198209751550883,-8.57952615113136,1,#1f77b4
-4.987555935601878,-8.282661691292322,1,#1f77b4
-4.721964570994873,-7.930874008126711,1,#1f77b4
-4.395743332890319,-7.437362332162006,1,#1f77b4
-4.178547492229074,-7.115196353528666,1,#1f77b4
-3.9915042094189195,-6.7605239957095336,1,#1f77b4
-3.904315521553531,-6.53758131278436,1,#1f77b4
-3.7204717223959833,-6.280960598055434,1,#1f77b4
-3.609272082760981,-6.172035639295938,1,#1f77b4
-3.456950019992752,-6.119908028874234,1,#1f77b4
-3.3506846700973174,-6.182583152189588,1,#1f77b4
-3.2086462017966864,-6.230180002240111,1,#1f77b4
-1.887416124944977,-4.389870787575011,2,#aec7e8
-1.819240093612425,-4.445824984716382,2,#aec7e8
-1.6892896952785752,-4.448512662737988,2,#aec7e8
-1.6638626007077042,-4.719636699196404,2,#aec7e8
-1.548878707984129,-4.89878055328724,2,#aec7e8
-1.3539344110023486,-5.147667104686422,2,#aec7e8
-1.1578850564666967,-5.356705534231388,2,#aec7e8
-0.9142378063011215,-5.6725771047998155,2,#aec7e8
-0.7149211297795514,-5.899800413429744,2,#aec7e8
-0.43264126087952925,-6.162148146354003,2,#aec7e8
-0.0479241127377809,-6.317713845737141,2,#aec7e8
0.38718964799220046,-6.460498254655605,2,#aec7e8
5.764995612990914,-7.379212040465576,2,#aec7e8
6.271870423274483,-7.71886099971119,2,#aec7e8
13.214975615869658,-19.30532648729091,2,#aec7e8
13.877529047636811,-19.184661343419396,2,#aec7e8
14.670737568861293,-18.9299424177768,2,#aec7e8
15.267523300310476,-18.944758569043508,2,#aec7e8
15.438532300287678,-19.55562729587021,2,#aec7e8
15.391256198495993,-20.313691614032532,2,#aec7e8
15.07235243909943,-20.830665839188825,2,#aec7e8
14.701745073616117,-21.013096522204695,2,#aec7e8
1.72487926268348,-14.356373041866178,2,#aec7e8
1.2473264313980446,-14.140205974173611,2,#aec7e8
0.8267652157364755,-14.07151166692136,2,#aec7e8
0.38721638308275397,-13.995296252704154,2,#aec7e8
-0.037623268277724185,-13.950485396468338,2,#aec7e8
-0.42803399790616786,-13.848512998145843,2,#aec7e8
-11.482550961072313,-6.005460891440792,2,#aec7e8
-11.782106164783592,-5.976380929369753,2,#aec7e8
-12.08416611860691,-5.870896923703247,2,#aec7e8
-12.321922458480493,-5.787861158133562,2,#aec7e8
-12.505045660641636,-5.685656100465152,2,#aec7e8
-12.610392016360096,-5.577905981442289,2,#aec7e8
-12.704065152376838,-5.509210884427932,2,#aec7e8
-12.76124847424362,-5.3518421374655745,2,#aec7e8
-12.842363283319036,-5.169893421865909,2,#aec7e8
-13.055531106998036,-5.081936140225022,2,#aec7e8
-13.191247096819428,-5.1808929242079875,2,#aec7e8
-13.294394471321116,-5.21316193699157,2,#aec7e8
-13.35034702986234,-5.407848636203955,2,#aec7e8
-13.4113816128136,-5.7230611146540395,2,#aec7e8
-13.449788291816011,-5.871613947956718,2,#aec7e8
-13.443042786157372,-6.22471501544638,2,#aec7e8
-13.513206334025698,-6.450645894937069,2,#aec7e8
6.818722138235709,-1.794864534871182,2,#aec7e8
7.012873653527483,-1.3979487434904554,2,#aec7e8
7.174190940220693,-1.3375853223350511,2,#aec7e8
7.658290149643129,-1.3669381217092487,2,#aec7e8
24.983290860192827,-1.095984945311918,2,#aec7e8
25.068078320101677,-1.2029429314815623,2,#aec7e8
19.38386343565936,-12.831986375130635,2,#aec7e8
19.589467195683042,-14.036313386294212,2,#aec7e8
19.847005256186392,-14.437945934010518,2,#aec7e8
20.060298829585765,-14.50505310227534,2,#aec7e8
20.683490596176956,-14.722781606604803,2,#aec7e8
21.78071192391941,-12.280523486384359,2,#aec7e8
6.292773229457215,-5.681419664084078,2,#aec7e8
1.9795506766948965,-2.6550791966869514,2,#aec7e8
1.568117560788966,-2.500583656753134,2,#aec7e8
1.150703534332898,-2.5498589321330534,2,#aec7e8
0.5201519821477528,-2.8662105620974705,2,#aec7e8
-0.1606895805392382,-3.137314380020581,2,#aec7e8
-0.6559640603164456,-3.2514541364955996,2,#aec7e8
-0.9668810257931877,-3.3424684792728367,2,#aec7e8
-1.1659800565880614,-3.4286430154143197,2,#aec7e8
-1.4698540610351043,-3.367925033175216,2,#aec7e8
-1.6433079155620203,-3.489264307885531,2,#aec7e8
-1.7256838885105883,-3.726162606753769,2,#aec7e8
-1.7917756294575955,-3.841939592196655,2,#aec7e8
-1.9827564491050613,-3.9558192120498856,2,#aec7e8
-1.9715852568404875,-4.090649817244275,2,#aec7e8
-20.17654919029577,14.883978227095929,3,#ff7f0e
-20.898617213738866,14.798307514985954,3,#ff7f0e
-21.153000542651593,14.292398811655868,3,#ff7f0e
-21.33391222217859,13.881746352059912,3,#ff7f0e
-21.487192359349976,13.534712662911117,3,#ff7f0e
-21.676158266808255,13.034537288126643,3,#ff7f0e
-21.662470108798146,12.711137312231655,3,#ff7f0e
-21.6586092328862,12.455527646990488,3,#ff7f0e
-21.68356098274853,11.898158477685802,3,#ff7f0e
-21.64594409186381,11.356420068964661,3,#ff7f0e
-21.261972091119244,10.636556373212533,3,#ff7f0e
-20.86539007208296,10.025542965381511,3,#ff7f0e
-20.56389813001658,9.55533292790407,3,#ff7f0e
-19.966475668345524,8.947712559795642,3,#ff7f0e
-7.056851484494884,3.459149075014627,3,#ff7f0e
-6.386278563080331,2.983475976096204,3,#ff7f0e
-5.031397697873187,-0.6998320412346437,3,#ff7f0e
-5.009496914281984,-1.2106884342020443,3,#ff7f0e
-5.477563184283565,-1.4000350572776332,3,#ff7f0e
-12.246203966679888,1.3266448533033892,3,#ff7f0e
-12.21038760753936,1.1838785563533312,3,#ff7f0e
-13.476523563071353,12.182076728939066,3,#ff7f0e
-14.058435661084541,12.97398328190582,3,#ff7f0e
-14.526782838624905,13.496578670383672,3,#ff7f0e
-15.055629279728489,13.89416910960042,3,#ff7f0e
-15.593233869139139,14.232494168513988,3,#ff7f0e
-16.081491590312094,14.543750559510022,3,#ff7f0e
-16.716533715888175,14.7166349154709,3,#ff7f0e
-17.139563629256735,14.849270343505658,3,#ff7f0e
-17.559621126442998,14.903881959786025,3,#ff7f0e
-17.856535158245276,14.96631536909648,3,#ff7f0e
-18.45784265359909,15.039119064105604,3,#ff7f0e
-18.930394483631197,14.76336033784887,3,#ff7f0e
-19.276280825581317,14.739217814450763,3,#ff7f0e
-19.76498607230709,14.576336477347924,3,#ff7f0e
-20.11230541002486,14.298614744454653,3,#ff7f0e
-20.300338585166646,14.290612307426796,3,#ff7f0e
-20.446698407018086,13.870597237066326,3,#ff7f0e
-20.68287827449396,13.477850299041764,3,#ff7f0e
-20.847419701047563,13.045913429695709,3,#ff7f0e
-21.073771778246126,12.604084656251336,3,#ff7f0e
-21.20379636235525,12.185295008007433,3,#ff7f0e
-21.382208789123148,11.703680438329952,3,#ff7f0e
-21.277432072988407,11.27297490553743,3,#ff7f0e
-21.27154297773703,10.622614040437966,3,#ff7f0e
-21.369118739083255,9.821626867702932,3,#ff7f0e
-21.231350878382514,9.131558982003643,3,#ff7f0e
-21.010769751984938,8.499572697050201,3,#ff7f0e
-20.505918058163097,7.942345216879708,3,#ff7f0e
-7.025429261569092,2.6962680248609487,3,#ff7f0e
-5.736484981259428,2.286572114689827,3,#ff7f0e
-4.674662878686047,1.413616775918859,3,#ff7f0e
-3.7072121085128202,0.08313338091910684,3,#ff7f0e
-3.50983282024983,-0.61203548819284,3,#ff7f0e
-3.6226941760933973,-1.3630963715983302,3,#ff7f0e
-9.782514997219998,-2.8057114108735863,3,#ff7f0e
-11.760636641403677,-0.9546103022236853,3,#ff7f0e
-12.398013037309372,0.07242877213923794,3,#ff7f0e
-12.970039020314351,12.601515664735214,3,#ff7f0e
-13.252138576631213,13.068886333508477,3,#ff7f0e
-13.698721599920484,13.673728637780457,3,#ff7f0e
-14.220350040658792,14.196507466505585,3,#ff7f0e
-14.77961920100665,14.683901369477086,3,#ff7f0e
-15.420858367180573,15.020756967100615,3,#ff7f0e
-15.963722720762918,15.329701556988564,3,#ff7f0e
-16.5734170807356,15.520199727235449,3,#ff7f0e
-17.386584675083864,15.707168852909538,3,#ff7f0e
-18.03750665132356,15.606531035496483,3,#ff7f0e
-18.474032420687678,15.551415996721376,3,#ff7f0e
-18.943271250307415,15.420379442938522,3,#ff7f0e
-19.285094613012266,15.291486228662286,3,#ff7f0e
-19.68566162677461,15.096022512885192,3,#ff7f0e
12.760126523052614,-12.49796613144261,4,#ffbb78
13.125316373009039,-12.513994959420318,4,#ffbb78
13.561671202143787,-12.513975645398297,4,#ffbb78
13.980169348440713,-12.566665718408812,4,#ffbb78
14.492611191687939,-12.67602256510929,4,#ffbb78
20.724529082960878,-13.039697740772565,4,#ffbb78
20.992485613939017,-13.268284654233893,4,#ffbb78
21.12407921453345,-13.526255908046142,4,#ffbb78
21.247680082261343,-13.745093064039478,4,#ffbb78
21.3357623441658,-13.951978751747843,4,#ffbb78
21.541317459654568,-14.145183169749407,4,#ffbb78
21.656687082633937,-14.325297160226594,4,#ffbb78
21.816410474891452,-14.502528648409525,4,#ffbb78
21.90593256144857,-14.675406628509469,4,#ffbb78
22.03311761477564,-14.840435536618465,4,#ffbb78
22.107450056592086,-15.113245408683639,4,#ffbb78
22.19404187977976,-15.257968188969134,4,#ffbb78
22.283046026479315,-15.458695470315458,4,#ffbb78
22.366206526746222,-15.679995557304325,4,#ffbb78
22.418948692639855,-15.881151728591119,4,#ffbb78
22.50448981138921,-16.054206634196934,4,#ffbb78
22.66938280746819,-16.249469853009707,4,#ffbb78
22.75394398338697,-16.424124557972796,4,#ffbb78
22.860102330984628,-16.616671910798924,4,#ffbb78
23.061799390132116,-16.81309010541044,4,#ffbb78
23.16883580472001,-16.969983264236195,4,#ffbb78
23.263799890645203,-17.172522790625315,4,#ffbb78
23.31999792165933,-17.366642680653314,4,#ffbb78
23.353724993793364,-17.563167027690934,4,#ffbb78
23.30616599842676,-17.7029689905902,4,#ffbb78
23.264730025215037,-17.861937623924423,4,#ffbb78
23.155223067949134,-18.01551771058635,4,#ffbb78
23.11729854742043,-18.23716692562512,4,#ffbb78
23.066940377883085,-18.308509109513167,4,#ffbb78
22.927259828575536,-18.452670426137576,4,#ffbb78
22.80554840437392,-18.454438121703262,4,#ffbb78
22.676529638779538,-18.47440863153582,4,#ffbb78
22.510916178288195,-18.336583228915266,4,#ffbb78
22.358733356874534,-18.20363634643242,4,#ffbb78
22.24030970479583,-18.144758890337954,4,#ffbb78
22.063903710691072,-18.144742156895283,4,#ffbb78
21.807853843053763,-18.085703203360417,4,#ffbb78
21.49319693007924,-18.13814540814816,4,#ffbb78
21.14781433181378,-18.33204993902419,4,#ffbb78
20.656453379313035,-18.70648987745813,4,#ffbb78
20.363862552011746,-18.89049183724055,4,#ffbb78
20.018163130227272,-19.269722277853386,4,#ffbb78
19.756956186995875,-19.52545101229334,4,#ffbb78
19.50914672819434,-19.690497157938896,4,#ffbb78
19.244678061129118,-19.86241634220187,4,#ffbb78
19.081999656523767,-19.88860081050507,4,#ffbb78
18.86471295590673,-19.822483803720207,4,#ffbb78
18.53724614791179,-19.766605357691713,4,#ffbb78
13.820198344281911,-16.833785032312502,4,#ffbb78
13.761753479338159,-16.660389387078016,4,#ffbb78
13.682128686979773,-16.51839042057197,4,#ffbb78
13.613183510283694,-16.313462756345213,4,#ffbb78
13.708240299414678,-16.15009101345192,4,#ffbb78
13.658450671273997,-16.00262057142649,4,#ffbb78
13.565899508569595,-15.770691830346385,4,#ffbb78
13.343650747802313,-15.314760022166361,4,#ffbb78
13.20751006252282,-15.003814254489711,4,#ffbb78
13.106466308216152,-14.73267030687871,4,#ffbb78
12.932128031240072,-14.331454125088634,4,#ffbb78
12.793834834697396,-13.986964833396929,4,#ffbb78
12.717982474749071,-13.758756312824044,4,#ffbb78
12.572031492366898,-13.54748828239838,4,#ffbb78
12.495578244666556,-13.306286285831309,4,#ffbb78
12.43603113910455,-13.064225026183381,4,#ffbb78
12.41920011876491,-12.870766114926033,4,#ffbb78
12.467096064585231,-12.726776511679681,4,#ffbb78
12.588980633480677,-12.565635533701585,4,#ffbb78
-9.928830511726044,8.287262033994754,5,#2ca02c
-9.869198594415549,8.069834852819714,5,#2ca02c
-9.886039361586802,7.750249743710364,5,#2ca02c
-9.730835584026787,7.466678990433251,5,#2ca02c
-9.589562101910294,7.236782424358711,5,#2ca02c
-9.323589952133755,7.049796863766241,5,#2ca02c
-9.016512888460902,6.81542176317088,5,#2ca02c
-8.704349012628528,6.599327870238372,5,#2ca02c
-8.254526920010443,6.4156441805961615,5,#2ca02c
-7.756876163057228,6.11531960422564,5,#2ca02c
-6.95966238310667,5.540458298368075,5,#2ca02c
-6.282924424156763,4.950438497684711,5,#2ca02c
-5.3997764634629934,4.179550456731431,5,#2ca02c
-4.581674180128752,3.459632640844436,5,#2ca02c
-3.458541495022462,2.507672459242916,5,#2ca02c
-2.7436934490576523,1.3588153775941172,5,#2ca02c
1.5383545668202643,-6.68333297960371,5,#2ca02c
1.7299776067871553,-7.745110274145809,5,#2ca02c
1.4499045047232704,-8.166717707959172,5,#2ca02c
0.742352598833397,-8.042840051077812,5,#2ca02c
-9.871743508624123,-1.6544218911819548,5,#2ca02c
-10.218388126071822,-0.8693152292842653,5,#2ca02c
-10.729723751217419,0.19547661841090572,5,#2ca02c
-10.94711266038648,12.633512703247188,5,#2ca02c
-10.943614371812526,12.404365240861539,5,#2ca02c
-10.743089104847137,12.044279827613618,5,#2ca02c
-10.571036171969496,11.68717264914233,5,#2ca02c
-10.398599237836201,11.297285457268634,5,#2ca02c
-10.141899363203873,10.954999627209398,5,#2ca02c
-9.93801478209839,10.501127669130536,5,#2ca02c
-9.796534145700408,10.143857343298928,5,#2ca02c
-9.722592767021155,9.909228628243538,5,#2ca02c
-9.582440036865972,9.582828220051864,5,#2ca02c
-9.44310742879003,9.317012010074624,5,#2ca02c
-9.194711914642717,9.07581162386281,5,#2ca02c
-9.185930275817187,9.131324640725621,5,#2ca02c
-8.996423261329921,8.490787393018989,5,#2ca02c
-9.058176124146595,8.305807112341732,5,#2ca02c
-9.121443771443067,8.063357289596148,5,#2ca02c
-9.125200031496917,7.782091112413948,5,#2ca02c
-9.076640558618704,7.619273616866799,5,#2ca02c
-8.976529949729553,7.440173225586004,5,#2ca02c
-8.742654887963878,7.320405371675566,5,#2ca02c
-8.429015859578927,7.047759844802247,5,#2ca02c
-8.091803434925541,6.735325939340423,5,#2ca02c
-7.731234005462704,6.294877013321331,5,#2ca02c
-7.107605817927291,5.712968342954839,5,#2ca02c
-6.386109002776917,5.009616092575968,5,#2ca02c
-5.731641727737517,4.453171307963629,5,#2ca02c
-5.009306714795384,3.8130651431064955,5,#2ca02c
-3.9952513485522716,2.700759793759868,5,#2ca02c
-3.489404561455551,1.833117874963871,5,#2ca02c
0.9901585524801026,-9.000428839486085,5,#2ca02c
1.1742394939579905,-9.646911742634146,5,#2ca02c
0.871895704802502,-9.669621747547811,5,#2ca02c
-8.972115347358619,-3.637618674253906,5,#2ca02c
-9.443502856676947,-2.264766210119109,5,#2ca02c
-10.348930024768652,-0.5119926510291852,5,#2ca02c
-10.813263091311105,0.452922404172242,5,#2ca02c
-11.399460729295784,12.044648683466043,5,#2ca02c
-11.201194503639375,11.990027021928167,5,#2ca02c
-11.02302375179284,11.686829740695886,5,#2ca02c
-10.768804934927036,11.354415984877209,5,#2ca02c
-10.658465412473939,10.92316930975488,5,#2ca02c
-10.504138155198223,10.552474019672287,5,#2ca02c
-10.474143775249432,10.147946312457425,5,#2ca02c
-10.406670409624242,9.822201310042868,5,#2ca02c
-10.387134317461966,9.501968159026724,5,#2ca02c
-10.362934448171364,9.26394496216957,5,#2ca02c
-10.122727583338396,9.140136538990884,5,#2ca02c
-10.000848042266748,8.923855472969162,5,#2ca02c
-9.908143513744282,8.533023837671895,5,#2ca02c
-21.17876020126623,15.549960767241231,6,#98df8a
-22.032867758062128,14.944960049502352,6,#98df8a
-22.290472847383334,14.43861616843429,6,#98df8a
-22.54717985211129,14.025930167653417,6,#98df8a
-22.787687535011514,13.487006029054086,6,#98df8a
-22.988323506825452,12.852588243858156,6,#98df8a
-23.076978407188854,12.198489357038769,6,#98df8a
-22.999390311781507,11.577884542677257,6,#98df8a
-22.84984468762225,10.963657863035936,6,#98df8a
-22.593348707183626,10.318811274322883,6,#98df8a
-22.19385635666511,9.40931484924707,6,#98df8a
-21.84326951041884,8.714550618285884,6,#98df8a
-21.369570255748283,7.957912502290132,6,#98df8a
-20.857602622520556,7.32526082252619,6,#98df8a
-6.379071854158483,1.9876729293083348,6,#98df8a
-5.60390327874981,1.3254669158668226,6,#98df8a
-5.0985265515053095,0.5613118352684185,6,#98df8a
-4.892542227403095,-13.556613327285849,6,#98df8a
-4.917731943098803,-13.586069955107202,6,#98df8a
-11.655878545971524,-2.39096828647379,6,#98df8a
-12.438170090647457,-1.2413875684996998,6,#98df8a
-12.869548257875241,-0.378612558920218,6,#98df8a
-11.818137918879046,13.98057740552927,6,#98df8a
-12.443316539807357,14.388768338736817,6,#98df8a
-12.999531183603098,14.75660450860518,6,#98df8a
-13.631394475886706,15.283139052037637,6,#98df8a
-14.237504408353859,15.710642485316788,6,#98df8a
-14.995244932507218,16.156567820831764,6,#98df8a
-15.575789515961857,16.43672826740262,6,#98df8a
-16.232343963453644,16.628449314887497,6,#98df8a
-16.80734203984082,16.740338475009313,6,#98df8a
-17.46143284850657,16.845103161616056,6,#98df8a
-18.07955411808933,16.870024578630154,6,#98df8a
-18.7601300262958,16.86768266025878,6,#98df8a
-19.395000604833946,16.682971578386077,6,#98df8a
-20.266566937634405,16.375783949300228,6,#98df8a
-20.993201516756113,15.980181248027174,6,#98df8a
-21.41260054360487,15.709759887799635,6,#98df8a
-22.004737910232215,15.109984656565473,6,#98df8a
-22.4406259539429,14.411917209180453,6,#98df8a
-22.882095627741073,13.631474179004554,6,#98df8a
-23.05167293527755,13.145290747257812,6,#98df8a
-23.149604567148835,12.313194836340292,6,#98df8a
-23.100694946463133,11.47873365586961,6,#98df8a
-22.94010209331928,10.719231572770338,6,#98df8a
-22.666945009236883,9.965422085424862,6,#98df8a
-22.244804810426047,9.058579109048349,6,#98df8a
-21.718682617271508,8.307135970621296,6,#98df8a
-21.208999510259787,7.679668085381263,6,#98df8a
-20.49486539301534,7.037780177809864,6,#98df8a
-6.034661868121889,1.9413909918141992,6,#98df8a
-5.303616814975717,1.4860593271984184,6,#98df8a
-4.480274001496007,0.687369190759444,6,#98df8a
-4.6026515870689515,-14.274042096248131,6,#98df8a
-4.711664294520322,-14.28483172729002,6,#98df8a
-11.037154052916327,-2.587147477446606,6,#98df8a
-11.892699243513281,-1.6072282862397347,6,#98df8a
-12.479319000377233,-0.5824112401906745,6,#98df8a
-11.793281845152023,13.786440791161052,6,#98df8a
-12.284134135986843,14.02031446761044,6,#98df8a
-12.801129891898565,14.37257492361773,6,#98df8a
-13.53949295770696,15.039048093831669,6,#98df8a
-14.186222995874159,15.552537090797736,6,#98df8a
-14.801386743121977,15.991877361183247,6,#98df8a
-15.568681948469765,16.35935191908749,6,#98df8a
-16.328466632965412,16.604708518815237,6,#98df8a
-17.049023826188932,16.73057262060258,6,#98df8a
-17.694307151784923,16.754988320622022,6,#98df8a
-18.24003326066503,16.724219827033757,6,#98df8a
-19.294884500339315,16.510154078676972,6,#98df8a
-19.95739087209351,16.21316672066089,6,#98df8a
-20.501839967810565,16.029817235107,6,#98df8a
3.5809250118005314,-8.736384740091747,7,#d62728
3.830123382970304,-9.077569225761737,7,#d62728
4.131725996276257,-9.45042676502738,7,#d62728
4.494618676250823,-9.985560822046644,7,#d62728
5.027468325857609,-10.654588049808456,7,#d62728
5.039604182751801,-10.882111934405168,7,#d62728
5.024414077704029,-11.20138483720086,7,#d62728
4.913747249590794,-11.358890183754854,7,#d62728
4.79373529633719,-11.54883081853564,7,#d62728
4.676489903516802,-11.73107402286388,7,#d62728
4.559114039435535,-11.910625442655425,7,#d62728
4.122353519064122,-12.103372391360212,7,#d62728
3.9800398459698463,-12.175347194101017,7,#d62728
3.6731475342740993,-12.268189836596015,7,#d62728
3.273265683186265,-12.33859732724868,7,#d62728
2.9644171098307925,-12.42360794180205,7,#d62728
2.6222639219376527,-12.511986012425782,7,#d62728
2.429184205444334,-12.49080784875707,7,#d62728
2.0472985385292035,-12.463905147654465,7,#d62728
1.8921412926472228,-12.33364880260394,7,#d62728
1.6700863791582539,-12.217636999036795,7,#d62728
1.4569417839607215,-12.115177407394274,7,#d62728
1.2689542102008637,-11.9243559692762,7,#d62728
1.16813795231841,-11.78731367125423,7,#d62728
0.8748379236336244,-11.715386738145025,7,#d62728
0.8475598071383108,-11.55123007558881,7,#d62728
0.7878230685104177,-11.460831780917076,7,#d62728
0.7844992638114068,-11.367853192509301,7,#d62728
1.0206956783598322,-11.273365284974359,7,#d62728
1.142578811595629,-11.15829282573223,7,#d62728
1.389162883296965,-11.148242193475294,7,#d62728
1.5035357092551116,-11.052702968860741,7,#d62728
1.779503821230032,-11.053645482826683,7,#d62728
1.994790076489153,-11.021341645409333,7,#d62728
2.2528261364068363,-10.991846064977425,7,#d62728
2.3326888618206274,-10.771287987714887,7,#d62728
2.400786675767395,-10.664377869978136,7,#d62728
2.5141240314751543,-10.798342236728637,7,#d62728
2.707048251245534,-10.737303664870653,7,#d62728
3.048712766948803,-10.794298140152232,7,#d62728
3.381988039641477,-10.76901844302491,7,#d62728
3.6397373680632334,-10.75463688580482,7,#d62728
3.9965162916340837,-10.7349994021392,7,#d62728
4.244773996794862,-10.608203158952367,7,#d62728
4.697811197307037,-10.347931325476932,7,#d62728
5.014872398161469,-10.090318954611574,7,#d62728
5.079279569496147,-9.770514893489066,7,#d62728
5.093896853080473,-9.433068827934548,7,#d62728
4.937316765162791,-9.076512218867746,7,#d62728
4.776711039163239,-8.717014419778579,7,#d62728
4.518080877916598,-8.411324040534845,7,#d62728
4.187891602975585,-8.078500325328086,7,#d62728
4.046955900435259,-7.872626474649537,7,#d62728
3.8609704026483977,-7.714927343166837,7,#d62728
3.7942559236117024,-7.69142920587915,7,#d62728
3.6075733774522227,-7.456052965423309,7,#d62728
3.5219466974564804,-7.388413017794617,7,#d62728
3.4572704152519207,-7.35950001515189,7,#d62728
3.298553975115881,-7.283473767021313,7,#d62728
3.123065006198437,-7.245785729158733,7,#d62728
2.947471723533058,-7.1241944947660665,7,#d62728
2.7746942075804486,-7.090405518462579,7,#d62728
2.7068347877663013,-7.100551570549,7,#d62728
2.5541416208214645,-7.124774343024236,7,#d62728
2.4983679129068275,-7.189269043679405,7,#d62728
2.520509113445128,-7.278539255720411,7,#d62728
2.613070591882235,-7.421717967547759,7,#d62728
2.617810377802743,-7.543124700761829,7,#d62728
2.746630875093934,-7.745205322953038,7,#d62728
2.905752546200798,-7.928483775591564,7,#d62728
3.140635913977593,-8.090741640166986,7,#d62728
3.3827398000285727,-8.387308923257445,7,#d62728
19.731060422794936,-16.507112377094305,8,#ff9896
19.699058353925047,-16.791649324587695,8,#ff9896
19.669925413253907,-16.968785502944684,8,#ff9896
19.454454138592137,-17.128878938929233,8,#ff9896
19.29446641628005,-17.161938124948044,8,#ff9896
19.12267969721986,-17.085193671411464,8,#ff9896
18.959237893615178,-17.0757080350477,8,#ff9896
18.74078044502661,-16.637466926681558,8,#ff9896
18.571115022575082,-16.38865032605029,8,#ff9896
18.44297837509728,-16.165190695411898,8,#ff9896
18.170576320920134,-16.026475203993876,8,#ff9896
17.58515428820355,-15.908219573024954,8,#ff9896
17.11450393466246,-16.07202630419932,8,#ff9896
16.601735439449374,-16.560597980441948,8,#ff9896
16.285697763745716,-16.89688635075937,8,#ff9896
16.06302469368322,-17.320248767309405,8,#ff9896
15.832788312206425,-17.843114358949858,8,#ff9896
15.969720759688602,-18.130509141038686,8,#ff9896
15.908897775107684,-18.275387002571225,8,#ff9896
16.420713933047114,-18.299787566754034,8,#ff9896
16.823614779546162,-18.246567666526836,8,#ff9896
17.156817548223305,-18.07262265929235,8,#ff9896
17.346864345423832,-17.880932914830307,8,#ff9896
17.793929196252186,-17.601987379973032,8,#ff9896
17.95026356840165,-17.329334049097525,8,#ff9896
17.85515532422763,-16.83059965127228,8,#ff9896
17.87670401505322,-16.562515617368614,8,#ff9896
17.902028341490567,-16.02374638722454,8,#ff9896
18.031608500421356,-15.654778320425535,8,#ff9896
18.094737480586875,-15.403644198978341,8,#ff9896
18.270941282274023,-15.24140155574218,8,#ff9896
18.399810486523577,-15.218008333899423,8,#ff9896
18.53013455667496,-15.073155734075245,8,#ff9896
18.743955594627547,-14.97140187413838,8,#ff9896
18.8915733671679,-14.85072993032566,8,#ff9896
18.895784145604388,-14.80800432616869,8,#ff9896
18.797855325291103,-14.459647550075736,8,#ff9896
18.779350075585562,-14.410987521671714,8,#ff9896
18.607146702737488,-14.169875228104214,8,#ff9896
18.429063473559196,-14.038878487416442,8,#ff9896
18.266973621767992,-13.94264029755777,8,#ff9896
18.04087377914781,-13.983268045858159,8,#ff9896
17.88423169384793,-14.095680794607654,8,#ff9896
17.639805156411544,-14.16358932839017,8,#ff9896
17.49093165454231,-14.32025460947257,8,#ff9896
17.285151617075172,-14.47395851755212,8,#ff9896
17.090854744247114,-14.714382610733209,8,#ff9896
16.88901315036664,-15.017485397232608,8,#ff9896
16.616357722660528,-15.359049234563782,8,#ff9896
16.336364391512312,-15.60929748828571,8,#ff9896
16.092819775742758,-16.17870178522214,8,#ff9896
15.907884858517368,-16.584636790971317,8,#ff9896
15.77231066165048,-17.0765837537635,8,#ff9896
15.69627980475891,-17.516181373144153,8,#ff9896
15.79327744977768,-17.806627099834888,8,#ff9896
16.041651647073554,-17.92969108365278,8,#ff9896
16.318967046772688,-17.839312206298825,8,#ff9896
16.75604976271577,-17.774029043311238,8,#ff9896
17.214525072912604,-17.584328819589608,8,#ff9896
17.652729088778862,-17.34506696949373,8,#ff9896
18.111078662489767,-16.99690850771173,8,#ff9896
18.409681818321076,-16.741336885703625,8,#ff9896
18.50622751222631,-16.578559062949427,8,#ff9896
18.570840395564826,-16.32037287318064,8,#ff9896
18.6577520480726,-16.21613021813296,8,#ff9896
18.73584319779729,-16.013729677309065,8,#ff9896
18.88470920787646,-15.940836340256517,8,#ff9896
19.028016261509123,-15.915962483907903,8,#ff9896
19.21431650037306,-15.853561190769732,8,#ff9896
19.33833926602479,-15.932822054567026,8,#ff9896
19.558301546847428,-16.128958887621465,8,#ff9896
19.70262453280477,-16.368978486047165,8,#ff9896
-5.798328737249436,9.409455324788583,9,#9467bd
-5.741801301103001,8.890042438611802,9,#9467bd
-5.883836172621204,8.62391610629205,9,#9467bd
-6.25832109020567,8.258233090914336,9,#9467bd
-6.30138707317375,7.9667938305306985,9,#9467bd
-6.34982562785911,7.654467364820307,9,#9467bd
-6.205508853334542,7.4333877484792525,9,#9467bd
-6.008851953739375,7.1172884458196854,9,#9467bd
-5.748069526971924,6.732447386519606,9,#9467bd
-5.446891051567271,6.3496394971656525,9,#9467bd
-5.073145817696114,5.8424883025191745,9,#9467bd
-4.6272275641080975,5.301396139631393,9,#9467bd
-3.905343297231519,4.320991199950159,9,#9467bd
-2.645765538077193,3.279502111601848,9,#9467bd
-1.8950056791046894,2.5794426593864923,9,#9467bd
-1.0727839826519763,1.9297099217084823,9,#9467bd
2.8977671740364204,-5.338558169036087,9,#9467bd
3.4375707591880214,-5.538027358113215,9,#9467bd
3.8204902356448547,-5.187184304013274,9,#9467bd
3.709966167234469,-4.156066548810974,9,#9467bd
-8.13500638142912,-2.222427241483814,9,#9467bd
-8.755425915120528,-1.4077241708289634,9,#9467bd
-9.150083216194098,-0.5344782165072102,9,#9467bd
-9.549922534108502,0.2739262211727223,9,#9467bd
-9.872640810836483,1.1759514454576743,9,#9467bd
-10.01442015578294,2.058111363566831,9,#9467bd
-7.928653662304175,11.626267361131559,9,#9467bd
-7.71503824185793,11.351309043251096,9,#9467bd
-7.404593139233451,11.11532135416767,9,#9467bd
-7.238595325418531,10.837057792257621,9,#9467bd
-7.065459480398493,10.623473308010478,9,#9467bd
-6.815866795499073,10.473646921773318,9,#9467bd
-6.581236312708992,10.331747392882836,9,#9467bd
-6.351481280496721,10.329410819592868,9,#9467bd
-6.118786845747046,10.08034908738267,9,#9467bd
-5.630401131311331,9.765352023928445,9,#9467bd
-5.73482784570297,9.555004171166784,9,#9467bd
-5.834880715248448,9.09722699550271,9,#9467bd
-5.944922637173335,8.757456204234765,9,#9467bd
-6.10419205682794,8.475482147042934,9,#9467bd
-6.167983588178331,8.21228199732157,9,#9467bd
-6.032455393574427,7.843089702594099,9,#9467bd
-5.922624998926206,7.526916652314528,9,#9467bd
-5.789515117766721,7.229597904831856,9,#9467bd
-5.643157254993403,6.856573510023361,9,#9467bd
-5.294265820791568,6.35740951829642,9,#9467bd
-5.031885008509012,5.912424172799113,9,#9467bd
-4.561030567212293,5.182481106577212,9,#9467bd
-3.719369779612496,4.408512389750543,9,#9467bd
-3.088218548989464,3.6205376739726964,9,#9467bd
-2.32329259804431,2.702833415504354,9,#9467bd
-1.3527859177464834,1.9524133596695505,9,#9467bd
2.694425586538183,-5.312461664074462,9,#9467bd
3.4998801822354646,-5.380418249477779,9,#9467bd
3.7535866220739256,-4.966515719609038,9,#9467bd
3.8526619208108848,-3.5410693358198455,9,#9467bd
-7.9170621069157985,-2.299985745259769,9,#9467bd
-8.412100185665489,-1.6174269419936202,9,#9467bd
-8.95406349081179,-0.8291376677636277,9,#9467bd
-9.607737886645591,0.0727639692463351,9,#9467bd
-10.019773380945585,1.0775394444818986,9,#9467bd
-10.126132350150904,1.7210229109595054,9,#9467bd
-8.032980100522712,11.424281176989682,9,#9467bd
-7.899973839902238,11.139316723677153,9,#9467bd
-7.734456214460282,10.851051797430472,9,#9467bd
-7.489453976234159,10.574899564227461,9,#9467bd
-7.370920484682518,10.348018924999476,9,#9467bd
-7.147283789988484,10.14580090704835,9,#9467bd
-7.040958187939967,10.039848292129484,9,#9467bd
-6.638337824675563,9.945747403903972,9,#9467bd
-6.1733472810602805,9.839573643882044,9,#9467bd
-6.0219700312806985,9.68649263102422,9,#9467bd
16.56058857514217,-0.9034944645735902,10,#c5b0d5
16.430739385983024,-0.8385504101713162,10,#c5b0d5
16.096949807098554,-0.858641495411994,10,#c5b0d5
15.849704056453414,-0.9237586655822896,10,#c5b0d5
15.512901773025686,-1.103613781908742,10,#c5b0d5
15.346971375080342,-1.1888955969127086,10,#c5b0d5
15.15763601256923,-1.5065916329207212,10,#c5b0d5
15.039706645609803,-1.82068023253147,10,#c5b0d5
13.897209401626418,-3.9247968757978335,10,#c5b0d5
13.781580222355643,-4.345562361669382,10,#c5b0d5
13.699878352358974,-4.798840399805276,10,#c5b0d5
13.697701538606085,-5.278004189133536,10,#c5b0d5
13.705002421585075,-5.623906321977998,10,#c5b0d5
13.718629432156115,-5.9799351387167885,10,#c5b0d5
13.884512052392635,-6.31857150514822,10,#c5b0d5
14.07448474699083,-6.455304856315281,10,#c5b0d5
14.308096293314197,-6.646067548835286,10,#c5b0d5
14.653519649347407,-6.812973195956096,10,#c5b0d5
14.904647931615825,-6.641602090446738,10,#c5b0d5
15.10896310398612,-6.585987960210701,10,#c5b0d5
15.202576956429695,-6.293183361813074,10,#c5b0d5
15.234650261987525,-6.002522748073977,10,#c5b0d5
15.197143265590368,-5.668305672613671,10,#c5b0d5
15.236357819019851,-5.172751355956152,10,#c5b0d5
15.229459531605595,-4.804239763795197,10,#c5b0d5
15.17175582058431,-4.384765444313239,10,#c5b0d5
15.091343782602474,-3.8245604834921276,10,#c5b0d5
14.961282111203092,-3.4742566754892867,10,#c5b0d5
14.761148910531617,-3.0973229338275656,10,#c5b0d5
14.363091797371114,-2.632564274230423,10,#c5b0d5
14.076330477874626,-2.3215440373731795,10,#c5b0d5
13.730903933372613,-1.8958928878684802,10,#c5b0d5
13.539405696225412,-1.7105365320575499,10,#c5b0d5
13.349571524924963,-1.4948030862979533,10,#c5b0d5
13.136836970957313,-1.3200899475267458,10,#c5b0d5
12.954697585291774,-1.2333282377479136,10,#c5b0d5
12.875956042075018,-1.1803592258499513,10,#c5b0d5
12.626899692984303,-1.1291721175842588,10,#c5b0d5
12.506796809438416,-1.2699821126742576,10,#c5b0d5
12.52346018191648,-1.5796841964719222,10,#c5b0d5
12.594415475054603,-1.8545172610900829,10,#c5b0d5
12.699288990715296,-2.1067403160989886,10,#c5b0d5
12.89249275856494,-2.457749181654176,10,#c5b0d5
13.22541411150441,-2.978857806534091,10,#c5b0d5
13.272801422212988,-3.5530461070796377,10,#c5b0d5
13.362518373047212,-4.2591877084270555,10,#c5b0d5
13.422390647546331,-4.835795430781236,10,#c5b0d5
13.587258803867298,-5.258626436047467,10,#c5b0d5
13.743480013011508,-5.669014633009324,10,#c5b0d5
13.905049658529016,-5.977950988274195,10,#c5b0d5
14.098657314387935,-6.20035575108819,10,#c5b0d5
14.182489559367571,-6.427306783449775,10,#c5b0d5
14.419260356178164,-6.600207762870713,10,#c5b0d5
14.576808193509091,-6.703240371865226,10,#c5b0d5
14.88827643355695,-6.635625841055986,10,#c5b0d5
15.062639393290643,-6.555267921144495,10,#c5b0d5
15.319069805047862,-6.246903973598054,10,#c5b0d5
15.433007004190154,-5.9361092432686196,10,#c5b0d5
15.56143530390808,-5.53428001251326,10,#c5b0d5
15.654912400442788,-5.143848132396018,10,#c5b0d5
15.710873289476162,-4.666689694806546,10,#c5b0d5
15.724248176424142,-4.138293869106886,10,#c5b0d5
15.8114909774152,-3.679189411658834,10,#c5b0d5
15.884997290834338,-3.287955318102358,10,#c5b0d5
15.977914678087172,-2.767418182170583,10,#c5b0d5
16.12496835907445,-2.50364013105559,10,#c5b0d5
16.292965234169618,-2.1826461149537955,10,#c5b0d5
16.465775907931977,-1.727794544382059,10,#c5b0d5
16.593995700420457,-1.5062655573844752,10,#c5b0d5
16.747241126449502,-1.2650960120311214,10,#c5b0d5
16.74930392511821,-1.1114341314919833,10,#c5b0d5
16.60358206369141,-0.9060948570779618,10,#c5b0d5
20.126506804327953,11.414896904410668,11,#8c564b
20.311848746467067,11.644369954859012,11,#8c564b
20.489943742085707,11.701622754170259,11,#8c564b
20.68774935127434,11.761054007933998,11,#8c564b
20.87083082354106,11.776916812579424,11,#8c564b
21.071282727040238,11.742732217093275,11,#8c564b
21.281395971563025,11.666892326546881,11,#8c564b
21.44330167999648,11.566668480584525,11,#8c564b
21.695282248143922,11.460172291960157,11,#8c564b
21.92965420689669,11.409441038243278,11,#8c564b
22.24303756173927,11.241664854734761,11,#8c564b
22.547224308987868,11.05894340502582,11,#8c564b
22.850792309864435,10.777046739845094,11,#8c564b
23.190106879831838,10.380392652402213,11,#8c564b
19.092129379113782,-10.507372315004046,11,#8c564b
18.522009655041767,-11.242100214028808,11,#8c564b
17.974040415839415,-11.900627422430693,11,#8c564b
17.531827506561623,-12.066591813831376,11,#8c564b
17.211813892322283,-11.912954711542428,11,#8c564b
17.066865592667888,-11.156256537961601,11,#8c564b
17.11219025228328,-9.960855245369283,11,#8c564b
17.26545814743443,-8.91370428572085,11,#8c564b
17.41021887930517,-8.419309429354549,11,#8c564b
17.871748015652493,-7.51441894957497,11,#8c564b
19.637511095475304,7.527902348761508,11,#8c564b
19.616813051597514,7.970883901872511,11,#8c564b
19.705942214689777,8.376189559806145,11,#8c564b
19.714736143081844,8.742150418449564,11,#8c564b
19.72369560478307,9.17084482445703,11,#8c564b
19.695432445956808,9.538056364423008,11,#8c564b
19.70728423983604,9.910823720525626,11,#8c564b
19.682967090970795,10.22222770015255,11,#8c564b
19.662978323143303,10.4536663663787,11,#8c564b
19.739648857365236,10.701080852207692,11,#8c564b
19.75301829001236,10.933526262894821,11,#8c564b
19.857496423570602,11.009558244012878,11,#8c564b
20.038344546675447,11.260149270310702,11,#8c564b
20.165435117892674,11.539098670173683,11,#8c564b
20.289306635965513,11.486054520757142,11,#8c564b
20.54338357442924,11.539103505362203,11,#8c564b
20.764947071460146,11.397573222317522,11,#8c564b
20.952937099781213,11.267177260512366,11,#8c564b
21.099757219169025,11.23762485646223,11,#8c564b
21.27729688367169,11.20174589369129,11,#8c564b
21.49942429821732,11.104109727363952,11,#8c564b
21.795859800929307,10.979582717868968,11,#8c564b
22.150694674047223,10.788200596782815,11,#8c564b
22.54684499894932,10.5199404198378,11,#8c564b
22.96796310138996,10.107400894966405,11,#8c564b
18.832635061620383,-10.591321191750504,11,#8c564b
18.403257028684802,-11.046383965898013,11,#8c564b
17.999532786100364,-11.592387106703747,11,#8c564b
17.67840572999944,-11.852092456302161,11,#8c564b
17.402066803615302,-11.827962102651401,11,#8c564b
17.240543267079204,-11.420902089862805,11,#8c564b
17.206761070068893,-10.705951458167746,11,#8c564b
17.334367766572015,-9.450422215183826,11,#8c564b
17.471114397864188,-8.772773594836861,11,#8c564b
17.84891069203409,-7.949676376985209,11,#8c564b
19.995944159207713,7.087161671725807,11,#8c564b
20.01021161395367,7.775534410573592,11,#8c564b
19.96695848175361,8.161764663983071,11,#8c564b
19.96799076038842,8.706233546816671,11,#8c564b
19.962358637574706,9.048777651496756,11,#8c564b
19.956297724857293,9.434503257897584,11,#8c564b
19.992853622559625,9.738047277849706,11,#8c564b
20.033070966822496,9.963945433299857,11,#8c564b
20.093461940246836,10.189742542446725,11,#8c564b
20.069603518458276,10.401597395076601,11,#8c564b
20.1253396973843,10.62419422531605,11,#8c564b
20.081799449665827,10.917260008142792,11,#8c564b
19.896483030399406,11.250123021650447,11,#8c564b
21.765862771877433,2.279048972301492,12,#c49c94
21.72721938813081,2.4966699825791743,12,#c49c94
21.811321096733234,2.6172400326408787,12,#c49c94
22.254744775682163,2.3139041478350473,12,#c49c94
22.254470234523843,2.3782060477237152,12,#c49c94
22.3213885053931,2.3665719095077677,12,#c49c94
22.356963003438498,2.577172645496627,12,#c49c94
22.154275903453936,2.893945973904785,12,#c49c94
22.16367670419689,3.119630310441558,12,#c49c94
22.202256960680863,3.31074720693492,12,#c49c94
22.41819540139013,3.4394342958942064,12,#c49c94
22.72576375472585,3.397303450488496,12,#c49c94
22.874454161001232,3.56976841440389,12,#c49c94
23.055641715584933,3.6503020073601804,12,#c49c94
23.16695726508371,3.5299577163188953,12,#c49c94
23.3409943451762,3.3788640848304796,12,#c49c94
23.263755060540262,3.181264935866824,12,#c49c94
23.342726857768916,3.0798031553698655,12,#c49c94
23.659125565285272,2.965294281791852,12,#c49c94
23.60847601314053,3.269789916467076,12,#c49c94
23.516317410107177,3.106355530877188,12,#c49c94
23.889553662162044,3.633446855583073,12,#c49c94
23.66020330620925,3.246304870651416,12,#c49c94
23.779837761734914,3.7173652445304244,12,#c49c94
23.918570692702787,3.41338437506948,12,#c49c94
23.812320571601266,3.7559750768814357,12,#c49c94
24.101282725291764,3.418780214102241,12,#c49c94
24.210482570725297,3.657483545243491,12,#c49c94
24.50078458212211,3.4787811080970594,12,#c49c94
24.359484142268666,3.6157254104696066,12,#c49c94
24.465962092868534,3.342050387021995,12,#c49c94
24.730966407115858,3.5768278150119737,12,#c49c94
24.966225490197868,3.3799695925907716,12,#c49c94
25.05529453699312,3.529691245849631,12,#c49c94
25.2984348509055,3.467330786018572,12,#c49c94
25.148841624056857,3.437750586084613,12,#c49c94
25.19024141327564,3.2298829132172266,12,#c49c94
25.41786689076833,3.496909064531232,12,#c49c94
25.62501285071689,3.3817862243596126,12,#c49c94
25.6178247526232,3.4458713875154094,12,#c49c94
25.765315470950686,3.3468975891095045,12,#c49c94
25.649727572474795,3.096777464878773,12,#c49c94
26.00111533493959,3.377554048766387,12,#c49c94
26.025353835571607,3.195130321796952,12,#c49c94
25.937834671398317,3.013510209152546,12,#c49c94
26.147616630748008,3.052393733586765,12,#c49c94
26.010934633125302,2.9427117902271083,12,#c49c94
26.249318973589613,3.147394426451284,12,#c49c94
26.229917154455922,2.9572660467536562,12,#c49c94
26.18069696794582,2.7033902204527247,12,#c49c94
26.06634980556161,2.6059299905846887,12,#c49c94
25.94942606976097,2.5113945648702605,12,#c49c94
25.806542464720167,2.4035867575887826,12,#c49c94
25.917887742354253,2.366242178755874,12,#c49c94
25.69495308451718,2.2065917669198503,12,#c49c94
25.49718902291595,2.102766667953827,12,#c49c94
25.292935900358046,1.822499247884958,12,#c49c94
25.193682222597296,1.7969256523103305,12,#c49c94
24.855792797760568,1.6147218450322292,12,#c49c94
24.703592285416253,1.6650989206215023,12,#c49c94
24.53861281081239,1.6003052994120333,12,#c49c94
24.28996501419132,1.627758695038394,12,#c49c94
24.004054520549087,1.5555716623800533,12,#c49c94
23.65336907325604,1.5526755645171626,12,#c49c94
23.269084808181734,1.5067461969407514,12,#c49c94
22.726017438605478,1.6405834494745732,12,#c49c94
22.577289590773898,1.6639814456860091,12,#c49c94
22.39502510058869,1.7688426967390445,12,#c49c94
22.110095003838833,1.7292085687096146,12,#c49c94
21.90996093479132,1.926742091152568,12,#c49c94
21.835048715895084,2.000394330911473,12,#c49c94
21.773299336740582,2.257686009336941,12,#c49c94
11.793467712158686,16.55176072292431,13,#e377c2
11.997288937619713,16.815892276388347,13,#e377c2
12.155920075612835,17.009162952973835,13,#e377c2
12.3664800064425,17.213864968518607,13,#e377c2
12.626352735074054,17.377957482171922,13,#e377c2
12.82421179040047,17.44722433733207,13,#e377c2
17.701656726528928,15.113155392797179,13,#e377c2
17.736668078920346,14.772283156567859,13,#e377c2
17.426396906485092,14.68788778819852,13,#e377c2
17.05346333144142,14.599237592265188,13,#e377c2
16.660987622740393,14.56492658160205,13,#e377c2
16.4303508285437,14.620478590358852,13,#e377c2
16.157751095985343,14.696021398107918,13,#e377c2
15.958474353962677,14.706529684123616,13,#e377c2
15.757748035556522,14.779799044600724,13,#e377c2
15.555317192280546,14.820111093192933,13,#e377c2
15.355786897188402,14.866941842138896,13,#e377c2
15.18872167121028,14.947953794348287,13,#e377c2
15.053572424670552,15.029002264713167,13,#e377c2
14.88516794630231,14.994173819506658,13,#e377c2
14.77541150642571,15.049258774518862,13,#e377c2
14.654651654667768,15.050559173868356,13,#e377c2
14.605844142244193,15.20395850234001,13,#e377c2
14.555756195117743,15.229413007790969,13,#e377c2
14.561405245337914,15.399499489323684,13,#e377c2
14.673500966576196,15.91976992505718,13,#e377c2
14.802589388970935,16.511596766898442,13,#e377c2
14.78399553219689,16.78319639932312,13,#e377c2
14.715434070199569,16.98146958413689,13,#e377c2
14.609083128687416,17.173568825481713,13,#e377c2
14.469233598822562,17.4117026249632,13,#e377c2
14.423778138716829,17.681629985274995,13,#e377c2
14.422703076831944,17.864765335240232,13,#e377c2
14.48270257156563,18.01985798005477,13,#e377c2
14.641111643119032,18.158749913918314,13,#e377c2
14.811524686621079,18.239903697171865,13,#e377c2
15.000726461836182,18.270746037441775,13,#e377c2
15.27370354501598,18.22797950344788,13,#e377c2
15.519642708746641,18.171516043279766,13,#e377c2
15.783231006512898,18.057436316629353,13,#e377c2
15.99652529601746,17.816059314708795,13,#e377c2
16.27083976668586,17.56543195877885,13,#e377c2
16.483536955839302,17.327216628688895,13,#e377c2
16.7193894547623,16.97866120484435,13,#e377c2
16.8686502999779,16.72450507480314,13,#e377c2
16.9566431588356,16.43360671792952,13,#e377c2
16.79876216686255,16.13259561814345,13,#e377c2
16.690963145776784,15.898142742234354,13,#e377c2
16.392449660630618,15.735056417257892,13,#e377c2
16.11496854532106,15.62041358973519,13,#e377c2
15.854669556254542,15.583867543836766,13,#e377c2
15.67929568198719,15.608998535374392,13,#e377c2
15.50574394979582,15.701470971589883,13,#e377c2
15.412710484066123,15.678575980819744,13,#e377c2
15.30038320661066,15.861097717806473,13,#e377c2
15.229264065133775,15.805674708712234,13,#e377c2
15.118464252897875,15.906929668981142,13,#e377c2
15.040065211665425,16.03912209519345,13,#e377c2
14.950587606360967,16.177988264265434,13,#e377c2
14.845292822984941,16.299843591531822,13,#e377c2
14.559820141599188,16.13670329309229,13,#e377c2
14.292507479963968,15.993088568315274,13,#e377c2
13.998006875209562,15.860675003279377,13,#e377c2
13.673512892790118,15.704735884608505,13,#e377c2
13.328863357812146,15.702110764998652,13,#e377c2
13.093825700243071,15.704792595879832,13,#e377c2
12.822839526353775,15.72874364405376,13,#e377c2
12.576377142838256,15.819906761178954,13,#e377c2
12.312428581379361,15.91224051404096,13,#e377c2
12.15886830723872,16.058079142521372,13,#e377c2
11.99738018606663,16.158732163832575,13,#e377c2
11.812353914032055,16.36854849708785,13,#e377c2
-7.53117607890923,-14.543772694936035,14,#f7b6d2
-7.690240306348796,-14.284316922074922,14,#f7b6d2
-8.384913829814375,-13.932408251848422,14,#f7b6d2
-9.174111968520567,-13.70693331728201,14,#f7b6d2
-10.15805939819321,-13.55633247396065,14,#f7b6d2
-10.877125139970703,-13.629139881303042,14,#f7b6d2
-11.464649241812362,-13.79925065023051,14,#f7b6d2
-11.852755925605154,-14.288898268803326,14,#f7b6d2
-11.97772898661834,-14.756022178467033,14,#f7b6d2
-11.90154873211011,-15.047198834779758,14,#f7b6d2
-11.676176529641296,-15.439310004023516,14,#f7b6d2
-11.355993535018973,-15.666277357319206,14,#f7b6d2
-10.779487464698295,-15.86111524309256,14,#f7b6d2
-10.101257144507592,-15.929298570744047,14,#f7b6d2
-9.110734213800841,-15.919656181208973,14,#f7b6d2
-8.052654300974197,-15.871062387595552,14,#f7b6d2
-7.665912247086898,-15.679687702065989,14,#f7b6d2
-7.361676114479762,-15.426034079564385,14,#f7b6d2
-7.659125758318879,-14.715360315540375,14,#f7b6d2
-7.978783782225243,-14.303657961242264,14,#f7b6d2
-8.359440091268125,-13.939224533630094,14,#f7b6d2
-9.470258827700574,-13.709962903642431,14,#f7b6d2
-10.294922286998045,-13.704564566243409,14,#f7b6d2
-10.870673857407441,-13.881096325722655,14,#f7b6d2
-11.125354159663997,-14.079497241212716,14,#f7b6d2
-11.321691298513777,-14.311672150262014,14,#f7b6d2
-11.440003636321704,-14.4494873691399,14,#f7b6d2
-11.372113380287152,-14.666535465641008,14,#f7b6d2
-11.30502437892076,-14.86657248485251,14,#f7b6d2
-11.005720933404652,-15.07600005941181,14,#f7b6d2
-10.66873335419424,-15.296238520917926,14,#f7b6d2
-10.08364420631563,-15.465556263902997,14,#f7b6d2
-8.94653747101183,-15.557336098113318,14,#f7b6d2
-8.34008653645037,-15.504196585931615,14,#f7b6d2
-7.928758761146241,-15.287236917235456,14,#f7b6d2
-7.558430049639794,-15.010205859254585,14,#f7b6d2
-7.438592079507353,-14.639915268658166,14,#f7b6d2
-7.7367817548856825,-14.2648290474818,14,#f7b6d2
-8.369194273963286,-13.981087917164741,14,#f7b6d2
-8.98721664948669,-13.775930329588526,14,#f7b6d2
-10.052640992520493,-13.592858223069658,14,#f7b6d2
-10.863350451351048,-13.635936314830511,14,#f7b6d2
-11.321927152067284,-13.717162145141238,14,#f7b6d2
-11.694538559618481,-13.95071992527987,14,#f7b6d2
-11.958356072208126,-14.397811583985371,14,#f7b6d2
-11.931594832147729,-14.766276712492195,14,#f7b6d2
-11.77534021304997,-15.03707941708375,14,#f7b6d2
-11.541252022050037,-15.340547557297901,14,#f7b6d2
-10.893127675813938,-15.612032156339298,14,#f7b6d2
-10.243026442457882,-15.792522462328538,14,#f7b6d2
-9.181973287414475,-15.842242555995437,14,#f7b6d2
-8.366002613747266,-15.76165127846723,14,#f7b6d2
-7.926095386831179,-15.559686178169555,14,#f7b6d2
-7.477238535357864,-15.238604108956089,14,#f7b6d2
-7.223029212129316,-14.955914129576653,14,#f7b6d2
-7.103434220076909,-14.632171189639777,14,#f7b6d2
-7.966205539177844,-14.105241147572114,14,#f7b6d2
-8.93641060912174,-13.719995950352285,14,#f7b6d2
-10.028478154067702,-13.579444045101772,14,#f7b6d2
-10.669915600012317,-13.589521699948998,14,#f7b6d2
-11.316517125949856,-13.661489428840317,14,#f7b6d2
-11.559961516514358,-13.967616495995367,14,#f7b6d2
-11.751154579406109,-14.128828349515999,14,#f7b6d2
-11.861770066095206,-14.363881362641363,14,#f7b6d2
-11.649469658800076,-14.694096558720332,14,#f7b6d2
-11.324271593658464,-14.939042728797785,14,#f7b6d2
-10.80964937928645,-15.248632521625494,14,#f7b6d2
-10.180377885464129,-15.401862358345436,14,#f7b6d2
-9.319274979823483,-15.46772383539668,14,#f7b6d2
-8.29874072695429,-15.392165947492895,14,#f7b6d2
-7.618898566171492,-15.334457263357692,14,#f7b6d2
-7.303985457311625,-15.052977108932291,14,#f7b6d2
3.8681963826633075,-0.08318973632076661,15,#7f7f7f
3.8235064040058804,-0.13309506240472738,15,#7f7f7f
3.742244569341762,-0.011662165773169596,15,#7f7f7f
3.7318273066569785,0.20038427798957323,15,#7f7f7f
3.6495575646393177,0.3040137053206358,15,#7f7f7f
3.7373768298992833,0.41171402209258207,15,#7f7f7f
3.698993735469774,0.47088943601469846,15,#7f7f7f
3.558748155483307,0.022800456704324363,15,#7f7f7f
3.764829220535331,0.4404552405863228,15,#7f7f7f
3.78640290418309,0.468978455195217,15,#7f7f7f
3.912144440153663,0.812604584564997,15,#7f7f7f
3.9357439843190254,0.8713057164036513,15,#7f7f7f
3.8486902450828775,0.8886441248278943,15,#7f7f7f
3.84018995112329,1.0034049536106706,15,#7f7f7f
3.9310377736005604,1.4029187392233007,15,#7f7f7f
3.8196366398336052,1.4870119122549899,15,#7f7f7f
3.768054851993647,1.5002181112435184,15,#7f7f7f
3.81907836643437,1.7593190244463381,15,#7f7f7f
3.8178739420141548,1.854322448685685,15,#7f7f7f
3.7606194282838525,2.0423066253351045,15,#7f7f7f
4.08522069388873,1.9351351648153476,15,#7f7f7f
4.200201776706851,1.989028525414211,15,#7f7f7f
4.214508477583558,2.265550315603708,15,#7f7f7f
4.425820692852156,2.134824603626741,15,#7f7f7f
4.5161477732490845,2.335133484690323,15,#7f7f7f
4.7579881427280295,2.4212408788689395,15,#7f7f7f
4.823287250644078,2.5234215975862337,15,#7f7f7f
4.901415720102535,2.6018880414874546,15,#7f7f7f
5.050668445797588,2.5835342571260997,15,#7f7f7f
5.187038627519281,2.8623729574133083,15,#7f7f7f
5.12196172678596,2.7517727317478062,15,#7f7f7f
5.317665848060579,2.9872670273347004,15,#7f7f7f
5.461303383068715,2.823702034882063,15,#7f7f7f
5.570214454913142,2.900662712611959,15,#7f7f7f
5.649849308289839,2.930552280975536,15,#7f7f7f
5.81252751329496,2.951230503886906,15,#7f7f7f
6.072848322290139,2.8739998110988245,15,#7f7f7f
6.002836265941086,2.865208918101879,15,#7f7f7f
6.142104742594695,2.846557826872349,15,#7f7f7f
6.267743584140381,2.808172356865474,15,#7f7f7f
6.369869486035551,2.7605920765898015,15,#7f7f7f
6.505459100933743,2.6955998068958844,15,#7f7f7f
6.617505435753952,2.565490520027057,15,#7f7f7f
6.721728733100351,2.459158887507165,15,#7f7f7f
6.811400339241652,2.311497341347127,15,#7f7f7f
6.792977621962573,2.236089670986148,15,#7f7f7f
6.8556634006175186,2.148687026526981,15,#7f7f7f
6.947344734103268,2.0312179204992162,15,#7f7f7f
6.996948887718374,1.891520623612442,15,#7f7f7f
6.946809915293147,1.796154414912257,15,#7f7f7f
6.921793046984759,1.6605319888650187,15,#7f7f7f
6.844804059593878,1.474096718353282,15,#7f7f7f
6.782975278805628,1.2299168822719166,15,#7f7f7f
6.640974850175224,1.1190235374167836,15,#7f7f7f
6.7462280125759655,1.001885596530476,15,#7f7f7f
6.478004704887415,0.7727997869405236,15,#7f7f7f
6.039153879013011,0.6478451663534014,15,#7f7f7f
5.359673559695026,0.3189467519576906,15,#7f7f7f
5.2817829794404085,0.0007168583119565611,15,#7f7f7f
5.185073649943254,0.3003901391520307,15,#7f7f7f
4.816304267332433,-0.18606129170046143,15,#7f7f7f
4.917648886544715,0.32377348293711766,15,#7f7f7f
4.569909934539599,-0.6049975898487392,15,#7f7f7f
4.6658377418891845,0.23512809440845375,15,#7f7f7f
4.434406888150352,-0.2539974422359311,15,#7f7f7f
4.493255530634758,0.2798230038600285,15,#7f7f7f
4.250113547555959,-0.36201023220653156,15,#7f7f7f
4.450771950079132,0.23685049747826836,15,#7f7f7f
4.133372756536789,-0.33983952950586305,15,#7f7f7f
4.029664144385628,-0.41113485983011994,15,#7f7f7f
3.9742829230504757,-0.30020048354009626,15,#7f7f7f
3.8569072922581817,-0.35508517311276916,15,#7f7f7f
16.577481639023617,-26.88120563524483,16,#c7c7c7
16.71152702009105,-26.460430950119925,16,#c7c7c7
16.767351346238705,-26.26440004202672,16,#c7c7c7
16.857177171192056,-26.10195982225592,16,#c7c7c7
16.826233706893483,-25.80630915664213,16,#c7c7c7
16.773117712443547,-25.47873269657675,16,#c7c7c7
16.600148617337155,-25.161427641786194,16,#c7c7c7
16.609124535094352,-25.029498422435864,16,#c7c7c7
16.226393580931447,-24.84073146333835,16,#c7c7c7
15.837866990685653,-24.73681389390219,16,#c7c7c7
15.864838830322304,-24.662693178925867,16,#c7c7c7
15.581205093394232,-24.77872367576216,16,#c7c7c7
15.517286379247148,-24.840702111717714,16,#c7c7c7
15.17143322788094,-25.14672047247314,16,#c7c7c7
15.168577126543983,-25.2406443531807,16,#c7c7c7
15.272799390277502,-25.25198740801398,16,#c7c7c7
15.49740793477387,-25.315567580991615,16,#c7c7c7
15.573855518182658,-25.2341215380318,16,#c7c7c7
15.214502290922589,-25.938434481864768,16,#c7c7c7
15.174449617646543,-25.634807242640797,16,#c7c7c7
15.029282089028806,-25.93341887730335,16,#c7c7c7
15.098774012799986,-25.561685318443676,16,#c7c7c7
15.093025295877544,-25.706870760823772,16,#c7c7c7
14.844979671119289,-25.58705552229622,16,#c7c7c7
14.85778716121298,-25.697533101060507,16,#c7c7c7
14.842423069285754,-25.6187923156417,16,#c7c7c7
14.625587961270844,-25.85572679625716,16,#c7c7c7
14.631133532155802,-25.786109755775016,16,#c7c7c7
14.468827125287959,-25.94227522913864,16,#c7c7c7
14.41468371119726,-26.163008292203287,16,#c7c7c7
14.19206200162791,-25.98992806731589,16,#c7c7c7
14.198939772349954,-26.12054036544943,16,#c7c7c7
14.27998220558699,-26.288630348210692,16,#c7c7c7
13.533429758702459,-26.652626492252487,16,#c7c7c7
13.755430705423231,-26.26189931573649,16,#c7c7c7
13.678207353054464,-26.40576658396773,16,#c7c7c7
13.00644699711521,-26.755228159865087,16,#c7c7c7
13.510639167259354,-26.308494667845004,16,#c7c7c7
12.993979066227876,-26.455350303151157,16,#c7c7c7
12.6069707974336,-26.76949560154771,16,#c7c7c7
12.764610916603502,-26.47869531987663,16,#c7c7c7
12.505938597852097,-26.68160059944585,16,#c7c7c7
12.688082272553437,-26.347872540852336,16,#c7c7c7
12.473276216396865,-26.355381649675245,16,#c7c7c7
12.40585435816603,-26.48761460757909,16,#c7c7c7
12.69705984554444,-26.06661071933136,16,#c7c7c7
12.586807909689417,-26.06842369642281,16,#c7c7c7
12.564958966938345,-26.00170944192881,16,#c7c7c7
12.429299264379527,-25.983636920966745,16,#c7c7c7
12.422343997445093,-25.949853753863707,16,#c7c7c7
12.338014521311491,-25.955869299297724,16,#c7c7c7
12.673704507213651,-25.642657699313773,16,#c7c7c7
12.59624295033434,-25.669082462549767,16,#c7c7c7
12.897516757463547,-25.408077607408142,16,#c7c7c7
12.94361269889567,-25.503697918887703,16,#c7c7c7
13.020655218357344,-25.14191001211294,16,#c7c7c7
13.025549636071196,-25.28760757838914,16,#c7c7c7
13.199640340763906,-25.133478767818985,16,#c7c7c7
13.399141979492127,-24.918205281129616,16,#c7c7c7
13.580173373311098,-24.803685024112823,16,#c7c7c7
13.740331165498732,-24.773981042639353,16,#c7c7c7
13.925763945321219,-24.63484579681332,16,#c7c7c7
14.283117659327065,-24.65133341752785,16,#c7c7c7
14.24685006652116,-24.509666986980992,16,#c7c7c7
14.562961343198138,-24.697215545273295,16,#c7c7c7
15.12663991438942,-26.592581169930547,16,#c7c7c7
15.213249594930812,-26.811109980371622,16,#c7c7c7
15.261255077870706,-26.980204217699086,16,#c7c7c7
15.576734141977052,-27.182625795955012,16,#c7c7c7
15.804376252395034,-27.29568936287605,16,#c7c7c7
16.027422385753898,-27.06792467881043,16,#c7c7c7
16.297190124361315,-27.077497712757665,16,#c7c7c7
10.215473914656947,38.3824388512031,17,#bcbd22
10.541343971123998,38.65581183346877,17,#bcbd22
10.65655349686229,38.53740455556174,17,#bcbd22
10.518566273754764,38.71183503585568,17,#bcbd22
10.309493938515198,39.24752754405129,17,#bcbd22
10.417484759352883,39.03374536166529,17,#bcbd22
10.626112244812498,39.23919277533936,17,#bcbd22
10.66615737412596,39.41511017644535,17,#bcbd22
10.583818802769569,39.668746293941425,17,#bcbd22
10.648277538531858,39.74633738905164,17,#bcbd22
10.698997373412848,39.93865150266805,17,#bcbd22
10.80633915882866,40.168380661529994,17,#bcbd22
10.804194672349963,40.306217257130015,17,#bcbd22
10.914014060451576,40.38197341830016,17,#bcbd22
10.818153113744923,40.12573683495455,17,#bcbd22
10.895165875700345,40.28969120230321,17,#bcbd22
11.061187394731862,40.00916094572286,17,#bcbd22
11.330668861202206,40.83399329867689,17,#bcbd22
11.462236572377629,40.16016850132807,17,#bcbd22
11.698525595693958,40.26155912727044,17,#bcbd22
11.73875795619579,40.187706332813406,17,#bcbd22
11.97828681285227,40.32275558190705,17,#bcbd22
12.105742783981585,40.79062186375385,17,#bcbd22
12.264862951543,41.10483833760751,17,#bcbd22
12.36468712341319,40.78148436830703,17,#bcbd22
12.516586846152046,41.08165537099274,17,#bcbd22
12.606519114777063,41.008335814953476,17,#bcbd22
12.761464807915388,41.105499671229026,17,#bcbd22
12.813236723733711,40.87503236927899,17,#bcbd22
12.847017864988475,40.45586025861569,17,#bcbd22
12.920984881503568,40.54430923277041,17,#bcbd22
12.948630050911778,40.34767304634119,17,#bcbd22
13.014814805400931,40.121520962317405,17,#bcbd22
13.326590978502987,40.131283233379555,17,#bcbd22
13.5036455882888,39.98425627979761,17,#bcbd22
13.843099426679327,39.98047413656725,17,#bcbd22
13.782411043888574,39.66681626801682,17,#bcbd22
13.440489364972487,38.96132050441292,17,#bcbd22
13.764479051374817,39.28564142273686,17,#bcbd22
13.859185805696825,39.643478541300205,17,#bcbd22
13.596941631024839,38.653909727360414,17,#bcbd22
13.76012706490792,38.717419278618195,17,#bcbd22
13.648988360074345,38.730766754472604,17,#bcbd22
13.701684250757863,38.37419168950684,17,#bcbd22
13.610515919689755,38.30403512173594,17,#bcbd22
13.335807893038297,39.50301327032756,17,#bcbd22
13.630998399531391,39.13043653176828,17,#bcbd22
13.331873110115207,39.287824945527944,17,#bcbd22
13.228689136705997,39.065308240987264,17,#bcbd22
13.196574277239218,38.8297417351891,17,#bcbd22
13.030824801661774,39.184450501301455,17,#bcbd22
13.10914694192752,38.3672945201407,17,#bcbd22
13.084834935460627,38.140347441977944,17,#bcbd22
12.914349704805515,38.06106839343658,17,#bcbd22
12.783530589130985,37.98758514215251,17,#bcbd22
12.723315996355327,37.88040268019889,17,#bcbd22
12.66160514435366,38.64582629799443,17,#bcbd22
12.439732007248965,37.93687862326066,17,#bcbd22
12.353505599133982,38.968805049351,17,#bcbd22
12.319631432946377,38.037189325063785,17,#bcbd22
12.380200076564572,38.27629285118167,17,#bcbd22
12.297768255993288,38.61463829467667,17,#bcbd22
12.16215975702227,38.348158857222316,17,#bcbd22
12.094126506281352,38.156920183917414,17,#bcbd22
11.932289406540287,38.7440729765017,17,#bcbd22
11.850697874760952,38.399403243358954,17,#bcbd22
11.46356569705233,38.64136534594071,17,#bcbd22
11.266949947755512,38.77479094560759,17,#bcbd22
11.300051784403331,38.2193606966456,17,#bcbd22
11.11716717760901,38.36770409830306,17,#bcbd22
10.791196493523588,38.73949153964166,17,#bcbd22
10.30018623503758,38.25563705297146,17,#bcbd22
-14.149958058343652,7.801088442227244,18,#dbdb8d
-14.018572345400145,7.743345011041127,18,#dbdb8d
-13.9241315226383,7.664965576586161,18,#dbdb8d
-13.889901614989332,7.480584624470909,18,#dbdb8d
-13.780803880317132,7.343491576930547,18,#dbdb8d
-13.723733869305054,7.206602468619833,18,#dbdb8d
-13.63913297658993,6.8303066112022774,18,#dbdb8d
-13.63036809612034,6.659529134498796,18,#dbdb8d
-13.46834419687656,6.501336801179492,18,#dbdb8d
-13.119458989026034,5.881025739838793,18,#dbdb8d
-13.045059265074968,5.4431942123019015,18,#dbdb8d
-12.699459270518012,4.738297241724194,18,#dbdb8d
-12.678336993675195,4.345622521547383,18,#dbdb8d
-12.899816635501098,3.9848393988836612,18,#dbdb8d
-13.143179456501771,3.8018030174923925,18,#dbdb8d
-13.440436467710297,3.560996972917081,18,#dbdb8d
-13.653820662874004,3.5992778823272684,18,#dbdb8d
-13.78579305126189,3.6817368249447084,18,#dbdb8d
-14.181575339222324,3.927074089805296,18,#dbdb8d
-14.149727254046226,3.8524287664172054,18,#dbdb8d
-14.218071193321434,3.7218708941231196,18,#dbdb8d
-14.179945695702099,3.4535305239254206,18,#dbdb8d
-14.493204009196246,3.4602185328303583,18,#dbdb8d
-14.982238644591101,3.5347641523768787,18,#dbdb8d
-15.180070943336165,3.908661265594796,18,#dbdb8d
-15.356268839630692,4.5531179603455785,18,#dbdb8d
-15.616376188191381,5.1225669532979845,18,#dbdb8d
-15.792382487460689,5.471852156894745,18,#dbdb8d
-15.965959263146184,5.83144030515962,18,#dbdb8d
-15.991491578190768,6.0002213243779865,18,#dbdb8d
-15.80529198880313,6.4821805198358895,18,#dbdb8d
-15.775772913955903,7.037172777789855,18,#dbdb8d
-15.869575998272056,7.238909494279057,18,#dbdb8d
-15.957522346858873,7.232272942441442,18,#dbdb8d
-16.067303840016507,7.238405000356731,18,#dbdb8d
-16.21128747282419,7.144590640374736,18,#dbdb8d
-16.346764548585366,7.014169225021351,18,#dbdb8d
-16.353058052823652,6.957032415227614,18,#dbdb8d
-16.24280038966649,6.556285416719532,18,#dbdb8d
-16.160803886111452,6.588500115429542,18,#dbdb8d
-15.815402565307995,6.33011988979666,18,#dbdb8d
-15.535104181065224,6.063556582029761,18,#dbdb8d
-15.316216396565935,5.988050626344481,18,#dbdb8d
-14.97282187871805,5.624994533084359,18,#dbdb8d
-14.685059005004305,5.3319338750953,18,#dbdb8d
-14.349183487557637,4.746273619218221,18,#dbdb8d
-14.231254551674917,4.283366672936064,18,#dbdb8d
-14.22136107533417,4.265819439848315,18,#dbdb8d
-14.257020128071844,4.329603273426618,18,#dbdb8d
-14.159286879802012,4.270305919759195,18,#dbdb8d
-14.144057848412624,4.259411523863411,18,#dbdb8d
-13.863243622008909,4.5344443074323655,18,#dbdb8d
-13.811518162781304,4.502188023510079,18,#dbdb8d
-13.748741366986929,4.469558135058296,18,#dbdb8d
-13.721068812135794,4.293602919055562,18,#dbdb8d
-13.657558866948873,4.315453114762078,18,#dbdb8d
-13.587446580440007,4.483221910145585,18,#dbdb8d
-13.580449952776318,4.405533403259129,18,#dbdb8d
-13.570905001597971,4.277126454997946,18,#dbdb8d
-13.741094198342758,4.482503467235461,18,#dbdb8d
-13.636131689768442,4.422146117915847,18,#dbdb8d
-13.913109004140729,4.716231632926236,18,#dbdb8d
-14.102839472493784,5.407532248179109,18,#dbdb8d
-14.241041804058389,5.989303485370651,18,#dbdb8d
-14.347831548787774,6.546273234751091,18,#dbdb8d
-14.396503126217684,6.727798546483184,18,#dbdb8d
-14.36632503242786,6.941128206509913,18,#dbdb8d
-14.36252090693798,7.296756512297217,18,#dbdb8d
-14.439329258905817,7.507894611173532,18,#dbdb8d
-14.42202518491733,7.647949695141777,18,#dbdb8d
-14.404119552926726,7.749498890526647,18,#dbdb8d
-14.2821318253495,7.770046790358425,18,#dbdb8d
-20.687913856475483,15.151734281614571,19,#17becf
-21.128019841695526,14.675006428058525,19,#17becf
-21.679523071239707,14.191753222733919,19,#17becf
-21.901640115141067,13.719349719391953,19,#17becf
-22.00033387451931,13.279137271265313,19,#17becf
-22.318153084604784,12.598868274323321,19,#17becf
-22.34935088338183,12.078021661031643,19,#17becf
-22.269716804836296,11.461661621477898,19,#17becf
-22.168108574302536,10.816866609496612,19,#17becf
-22.006823887512894,10.198653848500543,19,#17becf
-21.6407660669576,9.476475568046256,19,#17becf
-21.12936153174912,8.941867661401824,19,#17becf
-20.498997567342958,8.430317856319244,19,#17becf
-6.2620782353280315,3.767751902216102,19,#17becf
-5.329685615696623,3.03869877633081,19,#17becf
-4.467327785080032,2.4071047194898396,19,#17becf
-2.6578255084602076,0.6949910606640819,19,#17becf
-6.712112446053164,-7.752981309076002,19,#17becf
-7.185562064524327,-7.778250799260662,19,#17becf
-9.610360047356076,-3.9719769121158035,19,#17becf
-10.808671363592767,-1.459469665401421,19,#17becf
-11.4237917283367,-0.026669027088590834,19,#17becf
-12.137089367286027,12.855650441824746,19,#17becf
-12.486549833636511,13.178276234697071,19,#17becf
-13.216904760220599,13.863759134560327,19,#17becf
-13.83128934722217,14.444101738423624,19,#17becf
-14.478085881492037,14.949766533235488,19,#17becf
-15.163897578945615,15.420221554696159,19,#17becf
-15.834156488138989,15.732364330984266,19,#17becf
-16.515921534601574,15.959792968963997,19,#17becf
-16.983778392659236,16.080089729835763,19,#17becf
-17.6782092236386,16.134404887856167,19,#17becf
-18.335410642875512,16.09933746862219,19,#17becf
-18.916894891820238,16.043841923041324,19,#17becf
-19.615094891684087,15.782801242007894,19,#17becf
-20.137491355867958,15.543763161548435,19,#17becf
-20.59017545403503,15.325541904707096,19,#17becf
-20.99941123481933,14.97163068614797,19,#17becf
-21.373711063572355,14.57098270619345,19,#17becf
-21.815700532545016,13.944205401928375,19,#17becf
-22.17223119886908,13.366218436719002,19,#17becf
-22.352491266306895,12.65398382416709,19,#17becf
-22.440301417769863,12.110687054938746,19,#17becf
-22.35755206242567,11.362528965152947,19,#17becf
-22.183894042693982,10.720284256797127,19,#17becf
-21.87933267105599,9.891220172799112,19,#17becf
-21.460508070145025,9.297264910158887,19,#17becf
-20.827085437645117,8.709926523174287,19,#17becf
-20.191485258751786,8.194145721668573,19,#17becf
-5.936872174076457,3.4829400051199166,19,#17becf
-5.126110035321236,2.8086957298154482,19,#17becf
-4.138633490433635,1.8894028579147097,19,#17becf
-1.6557117493230806,-0.07141587596017614,19,#17becf
-6.600276115580548,-12.848725404988144,19,#17becf
-6.7142210218038025,-12.875333847792705,19,#17becf
-8.530140177020488,-8.165035294961323,19,#17becf
-10.333361320662997,-3.332527572889414,19,#17becf
-11.352433381610938,-0.7240983946933862,19,#17becf
-12.149826734161733,12.715704658846631,19,#17becf
-12.463383235721798,13.169800548147299,19,#17becf
-13.068206523948204,13.712728060533864,19,#17becf
-13.751418472735132,14.347761471405649,19,#17becf
-14.464993532295725,14.933558932414781,19,#17becf
-15.128272110895669,15.398159747615543,19,#17becf
-15.88755467977762,15.756175351233823,19,#17becf
-16.475184767481988,15.93691225075789,19,#17becf
-17.10202587937563,16.07159115541652,19,#17becf
-17.856945135705672,16.13054378958087,19,#17becf
-18.49203549036318,16.102359215047795,19,#17becf
-19.2122880239228,15.939415381851349,19,#17becf
-19.761114162999966,15.66215824785054,19,#17becf
-20.462873177540285,15.399361220006313,19,#17becf
-51.74119041902594,-5.158730727256578,20,#9edae5
-51.76293911476921,-5.3660416672907605,20,#9edae5
-51.79258755118349,-5.449666020360045,20,#9edae5
-51.85712095140664,-5.737819968516313,20,#9edae5
-51.91315622953944,-5.868708837459077,20,#9edae5
-51.92918077457527,-6.027349151077429,20,#9edae5
-51.80615902739925,-6.174981156342659,20,#9edae5
-51.759246130984835,-6.2738952081523625,20,#9edae5
-51.7916269818956,-6.406715346295599,20,#9edae5
-51.85844500857192,-6.5758345099564925,20,#9edae5
-51.90425316853196,-6.691416956396047,20,#9edae5
-52.007135227392574,-6.997039781672462,20,#9edae5
-52.01597692310288,-7.040339099351877,20,#9edae5
-51.99602434349096,-7.308339643210797,20,#9edae5
-51.93721222507388,-7.559991865895773,20,#9edae5
-51.99521035457435,-7.702752341024635,20,#9edae5
-52.026949022750514,-7.767800201481108,20,#9edae5
-51.9591689485904,-8.127249660149573,20,#9edae5
-51.93869669014058,-8.258111827181839,20,#9edae5
-51.97445922308592,-8.407222263747824,20,#9edae5
-51.93878008190227,-8.559704984551823,20,#9edae5
-52.00328571039194,-8.706962755165161,20,#9edae5
-52.085914393910805,-8.761124630090379,20,#9edae5
-52.15537963817097,-8.820474482905,20,#9edae5
-52.30627182461347,-9.031585030257762,20,#9edae5
-52.26598336121129,-9.095270666038996,20,#9edae5
-52.4971717255692,-9.020588713694414,20,#9edae5
-52.449335108863814,-9.085584577232794,20,#9edae5
-52.65758975546105,-9.24049269844335,20,#9edae5
-52.80543474758478,-9.239647347569884,20,#9edae5
-52.947341263125814,-9.23085955009977,20,#9edae5
-52.91593255541796,-9.194311664601852,20,#9edae5
-53.00296691029804,-9.145858778103836,20,#9edae5
-53.2446517300445,-8.970752514840978,20,#9edae5
-53.487582147327814,-8.770073615389359,20,#9edae5
-53.3202715934216,-8.853623162365095,20,#9edae5
-53.554695457927984,-8.730514615231511,20,#9edae5
-53.66935629301691,-8.621403762298367,20,#9edae5
-53.75557268262497,-8.392336628128334,20,#9edae5
-53.62666602832682,-8.496539862386857,20,#9edae5
-53.806235531191234,-8.151090162717201,20,#9edae5
-53.62610877973989,-8.102445204988866,20,#9edae5
-53.6398521288336,-8.14185745485563,20,#9edae5
-53.65353694128861,-8.006974730375813,20,#9edae5
-53.68312295390014,-7.703867295899529,20,#9edae5
-53.593119123992395,-7.604215562455813,20,#9edae5
-53.59866170470232,-7.5969140171533205,20,#9edae5
-53.61227707858195,-7.321405873125282,20,#9edae5
-53.55736141991786,-7.2017929826081275,20,#9edae5
-53.47759270436376,-7.184258285466947,20,#9edae5
-53.47089824611885,-6.93811636121929,20,#9edae5
-53.505451872680396,-6.775666906045279,20,#9edae5
-53.457260790113345,-6.653925336755969,20,#9edae5
-53.39958794818868,-6.550333936098271,20,#9edae5
-53.17559509490428,-6.356623302644182,20,#9edae5
-53.01791009345561,-6.047753397585856,20,#9edae5
-53.26837560660637,-6.030714180274082,20,#9edae5
-53.02481925041561,-5.93127675203289,20,#9edae5
-52.887053525735524,-5.689892221636589,20,#9edae5
-52.976117176825085,-5.48887008231947,20,#9edae5
-52.93292066581092,-5.4633174576898575,20,#9edae5
-52.84918715182988,-5.352762441090481,20,#9edae5
-52.850922980826596,-5.107408879051464,20,#9edae5
-52.75232105105932,-4.976559478366048,20,#9edae5
-52.736460727407085,-4.840499844688353,20,#9edae5
-52.539505509614415,-4.754568751529644,20,#9edae5
-52.386331989755426,-4.692740615860905,20,#9edae5
-52.23035968256357,-4.843384850360339,20,#9edae5
-52.14253825015269,-4.8391739820797515,20,#9edae5
-52.01912888899584,-4.8549848775340525,20,#9edae5
-51.853682180039655,-5.059168882071793,20,#9edae5
-51.749171386897366,-5.033034288697184,20,#9edae5
