dataset,rho,gamma,k_neighbors,eff_perplexity,thr_c0.25_mean,thr_c0.25_std,thr_c0.5_mean,thr_c0.5_std,thr_c1.0_mean,thr_c1.0_std,participation_ratio_mean,participation_ratio_std,two_pow_entropy_mean,two_pow_entropy_std
mnist,10,0.0,30,10.0,30.0,0.0,30.0,0.0,30.0,0.0,30.0,0.0,30.000000000000007,3.552713678800501e-15
mnist,10,0.214286,30,10.0,29.999757142857142,0.024783598098215627,29.905914285714285,0.6547884225972134,10.93677142857143,1.5624895443895075,27.04992611661483,0.8470385505744588,28.543764272949243,0.5024108631058101
mnist,10,0.428571,30,10.0,29.76472857142857,1.1081794261816291,24.197542857142857,4.326982414985279,9.458342857142856,1.4762913367694088,19.491793255672114,1.2605466201792137,24.24047060465786,1.2994557112768994
mnist,10,0.5,30,10.0,29.215842857142857,2.055486839348453,21.1146,4.250782581394362,8.972457142857143,1.4466359862573215,16.786709442749853,1.0126774669042107,22.36792547457541,1.4237583081176441
mnist,10,0.6,30,10.0,27.428285714285714,3.577752675085525,17.495185714285714,3.4434251585671296,8.311757142857143,1.4086443527196562,13.371425943624917,0.5036550055034584,19.59543391997324,1.409967673947691
mnist,10,0.642857,30,10.0,26.283114285714287,4.107973502984713,16.2287,3.0696387449153875,8.039228571428572,1.3929223049959039,12.09426473590541,0.27784851922322445,18.398485617979286,1.338574024705443
mnist,10,0.7,30,10.0,24.502185714285716,4.558216545952586,14.780371428571428,2.6255215273564687,7.681557142857143,1.3738506379174273,10.581860881035723,0.07642139353433695,16.83029696921731,1.1911624700554773
mnist,10,0.8,30,10.0,21.125185714285713,4.586679467429436,12.715071428571429,2.0474238155819733,7.085057142857143,1.346803463079623,8.437581624759625,0.4315574634458796,14.242651710567527,0.8293249343616739
mnist,10,0.857143,30,10.0,19.269314285714287,4.245866707896574,11.7458,1.822324909088858,6.762771428571429,1.3317581416139728,7.4670149302231295,0.6007597772321087,12.890620007817128,0.5908403359774441
mnist,10,0.9,30,10.0,17.970014285714285,3.897160248154535,11.095942857142857,1.6819786297751849,6.529771428571428,1.3231129761872573,6.842528146653882,0.7015010627560739,11.947855005881607,0.40903915745922664
mnist,10,1.0,30,10.0,15.331257142857142,2.9961756799804182,9.788957142857143,1.4845454517000363,6.019671428571429,1.3088921839417003,5.669700451900267,0.863360844014725,10.000625797250576,0.05112065609400539
mnist,10,1.071429,30,10.0,13.785214285714286,2.44258556447792,9.002957142857143,1.4085067466313828,5.690771428571429,1.301858223259886,5.026330198434174,0.9306567910792887,8.82553749947551,0.25803884021411805
mnist,10,1.1,30,10.0,13.232157142857142,2.2500292514651847,8.716157142857142,1.3896624784016984,5.562885714285715,1.2985551150947638,4.805141019690538,0.9491606509062211,8.403520896777442,0.34646904027336844
mnist,10,1.2,30,10.0,11.55187142857143,1.76252924937374,7.822942857142857,1.3536487926628353,5.151728571428571,1.2953074143828183,4.160839861813832,0.9862663119167908,7.124010933343827,0.6054233145542572
mnist,10,1.285714,30,10.0,10.3733,1.5284833645526816,7.1699142857142855,1.351079142684069,4.8364142857142856,1.2937088432968564,3.73521326045942,0.9940312599052454,6.242778077157311,0.7656578043956938
mnist,10,1.3,30,10.0,10.1977,1.5024315040246308,7.069857142857143,1.3524390589461934,4.785771428571429,1.2936737739744855,3.673306474057394,0.9938311813984702,6.112713491233415,0.7873718884934751
mnist,10,1.4,30,10.0,9.092642857142858,1.4014391127461419,6.432914285714285,1.362314026551432,4.459214285714285,1.2885958957924168,3.2980533761843507,0.9841938862515983,5.317356606928897,0.9055202252706046
mnist,10,1.5,30,10.0,8.1783,1.3795322069455282,5.892271428571428,1.3744849364806606,4.1714142857142855,1.2849913839939844,3.0041692217191565,0.9649886942401699,4.690779207190039,0.9759105651881979
mnist,10,1.714286,30,10.0,6.685742857142857,1.4227687864132514,4.9884571428571425,1.3941032620670974,3.6691142857142856,1.2691280757484884,2.5566534019352156,0.9106691475084313,3.7464830659245165,1.02745658853357
mnist,10,1.928571,30,10.0,5.639642857142857,1.4648402695536884,4.323585714285715,1.3909064874889236,3.282442857142857,1.2432263457370478,2.2628413055358902,0.8536645880667912,3.14588796933155,1.011829139376344
mnist,10,2.142857,30,10.0,4.881557142857143,1.474075934618162,3.8289285714285715,1.3670323417788577,2.9857142857142858,1.2090357095382978,2.0583690509564176,0.800910417918057,2.7435749718381244,0.9717732840975354
mnist,10,2.357143,30,10.0,4.3103,1.4595154464997717,3.4517571428571427,1.3372631105114257,2.7493714285714286,1.1722808801822269,1.90917885475363,0.7540147092828657,2.4606812278348884,0.9251570015968794
mnist,10,2.571429,30,10.0,3.8746428571428573,1.4307190553376028,3.158385714285714,1.3008951730345109,2.5618714285714286,1.1332635227698877,1.7960835060225233,0.7128291354925014,2.2532267984461565,0.8790547159013565
mnist,10,2.785714,30,10.0,3.5322857142857145,1.396091658297315,2.924842857142857,1.2604738240123863,2.4070714285714288,1.0936145811211628,1.707650658514485,0.6766961866515288,2.095634292413867,0.8360442711197523
mnist,10,3.0,30,10.0,3.2610714285714284,1.3603776767756033,2.7321285714285715,1.221206328903966,2.2807,1.0562570419038297,1.6367245180392065,0.6448813876732702,1.9723536128962749,0.7968502506313354
mnist,20,0.0,60,20.0,60.0,0.0,60.0,0.0,60.0,0.0,60.000000000000014,0.0,59.999999999999986,1.4210854715202004e-14
mnist,20,0.214286,60,20.0,60.0,0.0,59.98578571428571,0.2801238701950643,21.95575714285714,2.320449401890654,54.75496556230599,1.2437796613297587,57.46047141004122,0.7005690813192877
mnist,20,0.428571,60,20.0,59.93964285714286,0.6323650739364832,50.947628571428574,7.349843541913817,19.061442857142858,2.2051457168289312,40.07314344933433,2.1308709065135623,49.52927340231317,2.026903125930096
mnist,20,0.5,60,20.0,59.5562,1.8976636357072647,44.40705714285714,7.5603583756435295,18.095742857142856,2.167975788516061,34.47154560861398,1.7550747162439122,45.91630411546297,2.304089335440965
mnist,20,0.6,60,20.0,57.25607142857143,4.887624195927121,36.70222857142857,6.252431815293786,16.7604,2.1099202043137626,27.177483746755723,0.8536382219602708,40.406600075486736,2.394822712247381
mnist,20,0.642857,60,20.0,55.3142,6.218543105905112,34.011042857142854,5.583071944818588,16.199728571428572,2.0868930934452266,24.39495535085004,0.42928484322224425,37.971332571068515,2.3175928283181615
mnist,20,0.7,60,20.0,51.92301428571429,7.587036052170753,30.9114,4.7578484074812035,15.465542857142857,2.0575050403390045,21.06975856181962,0.16922817485557967,34.730687420413155,2.111977691305333
mnist,20,0.8,60,20.0,44.81892857142857,8.222377063010827,26.492057142857142,3.619296663661579,14.231014285714286,2.0149841119037366,16.32062571208417,0.9111194150969595,29.262669440114518,1.5233228828558725
mnist,20,0.857143,60,20.0,40.793285714285716,7.757712148276075,24.411442857142855,3.151319529229958,13.561271428571429,1.991895030377057,14.169208649536735,1.226002486121802,26.34823440770912,1.1018987993435776
mnist,20,0.9,60,20.0,37.989514285714286,7.178677060260491,23.010885714285713,2.857390680537838,13.074142857142856,1.981194439766896,12.788790610601072,1.4062230428063938,24.2940663851939,0.7680953457303553
mnist,20,1.0,60,20.0,32.276385714285716,5.571280649886156,20.16197142857143,2.375883498655537,11.987042857142857,1.9541795789370777,10.214628522167551,1.6726517884948895,20.000118894864844,0.020116701847148928
mnist,20,1.071429,60,20.0,28.87752857142857,4.467017305353376,18.434128571428573,2.186740127100015,11.263642857142857,1.9474799506447467,8.819429756840314,1.7640061766550958,17.381885336709416,0.48941594129885707
mnist,20,1.1,60,20.0,27.661314285714287,4.076778208140265,17.803,2.1292298070965874,10.9871,1.9429041271104597,8.343709388134142,1.7839865126035688,16.43822120284012,0.6637228272561909
mnist,20,1.2,60,20.0,23.963314285714286,3.0009231700683476,15.830114285714286,2.0327803587546724,10.085957142857144,1.939542640754805,6.9728670836133455,1.802208435355077,13.573010701357633,1.1662031103662593
mnist,20,1.285714,60,20.0,21.347957142857144,2.4327345221593997,14.386828571428572,2.0210727559635155,9.386042857142858,1.9467150494814467,6.082404554184746,1.7759301620855503,11.603822091612432,1.4659748339411238
mnist,20,1.3,60,20.0,20.9533,2.3667951136505248,14.163142857142857,2.0233879247137834,9.274557142857143,1.9479450207532942,5.954094494501315,1.769183485092272,11.314094389684811,1.505266144151762
mnist,20,1.4,60,20.0,18.482242857142857,2.110747761445924,12.754057142857143,2.051291745536486,8.549057142857142,1.9538297110014058,5.18392790132941,1.7104478408726513,9.551256497611828,1.7081879991264681
mnist,20,1.5,60,20.0,16.43125714285714,2.060399438983438,11.546814285714285,2.089082469772365,7.904214285714286,1.963730985306557,4.5911181183711065,1.6407017018184378,8.178296041309776,1.810953586151701
mnist,20,1.714286,60,20.0,13.108071428571428,2.1902166873976423,9.513942857142856,2.157903717471554,6.759114285714285,1.9636998064357798,3.7097877475606227,1.486878812059736,6.152303875837017,1.8345968740408556
mnist,20,1.928571,60,20.0,10.763828571428572,2.3042061351948067,8.024985714285714,2.179905961227667,5.876942857142857,1.9368383138190837,3.14823621202415,1.348468009559999,4.904172486508673,1.7414246210980098
mnist,20,2.142857,60,20.0,9.076771428571428,2.342810980555675,6.916942857142857,2.166198466607964,5.194285714285714,1.892804851029718,2.7670908010476,1.231092657454435,4.092800508054387,1.6190163198165137
mnist,20,2.357143,60,20.0,7.813185714285714,2.336187460634204,6.070914285714286,2.115000781782072,4.657357142857143,1.8340615002596543,2.494762203856536,1.1328610295273798,3.5371504808857277,1.4987650161431836
mnist,20,2.571429,60,20.0,6.855528571428572,2.2929642712401064,5.4138142857142855,2.0566270638586666,4.2243,1.7705498165420657,2.2919599579444623,1.0504522562380272,3.1388777328619737,1.390168507599917
mnist,20,2.785714,60,20.0,6.106528571428571,2.2304279424196896,4.893914285714286,1.9868359896569014,3.8770142857142855,1.7054794716933264,2.135793779543349,0.9807658451489465,2.842240804622858,1.2948686927661335
mnist,20,3.0,60,20.0,5.510242857142857,2.161734276889172,4.472528571428572,1.9185082465396954,3.5935285714285716,1.644157050383731,2.012209315183799,0.9212647167430729,2.614137069540142,1.2119156024029176
mnist,30,0.0,90,30.0,90.0,0.0,90.0,0.0,90.0,0.0,90.0,0.0,90.0,0.0
mnist,30,0.214286,90,30.0,90.0,0.0,89.99174285714285,0.24428400834826228,33.000542857142854,2.9742321442959465,82.46091684367485,1.660778792546834,86.3700128422821,0.9223907095602041
mnist,30,0.428571,90,30.0,89.96428571428571,0.5650374739243191,77.88518571428571,10.134862207524591,28.71267142857143,2.8186774012009277,60.72260626156321,2.984640012497793,74.84526274618807,2.7560893713278456
mnist,30,0.5,90,30.0,89.64487142857143,1.9260427930376431,67.89764285714286,10.708364961942756,27.267057142857144,2.764756857745176,52.22369585889131,2.482368727677323,69.51396705871889,3.172273475744953
mnist,30,0.6,90,30.0,87.02602857142857,5.984676355902461,56.04902857142857,8.930947585257247,25.27227142857143,2.6962772717816934,41.01094438098611,1.1938643729936258,61.294854736172276,3.3559131788049643
mnist,30,0.642857,90,30.0,84.45341428571429,8.03645273913605,51.93481428571429,7.980363004262144,24.431057142857142,2.6640658555015078,36.695584008218844,0.5739216906394571,57.62915864645984,3.27183784423758
mnist,30,0.7,90,30.0,79.56148571428571,10.307880040799379,47.18071428571429,6.794773163758948,23.319114285714285,2.630099468748322,31.51681718583774,0.29980607879186344,52.720834868057885,3.0100863902889223
mnist,30,0.8,90,30.0,68.76854285714286,11.652349812911085,40.38185714285714,5.093448114379644,21.452828571428572,2.5785606171518505,24.09430966972106,1.4025814703895045,44.3624404973321,2.2040196897583293
mnist,30,0.857143,90,30.0,62.57038571428571,11.10347771105053,37.17384285714286,4.33959100487498,20.426985714285713,2.5527599181662026,20.730211277556347,1.8576294485744218,39.86954767096483,1.6058618769490913
mnist,30,0.9,90,30.0,58.227714285714285,10.32080993103996,35.021414285714286,3.8922907320308258,19.67292857142857,2.540266295497544,18.57455652450197,2.112023001444264,36.687781399607324,1.1244641799732618
mnist,30,1.0,90,30.0,49.39454285714286,8.019817877671562,30.632428571428573,3.1348465151374456,18.006485714285713,2.516060002366836,14.568767887731383,2.467955898436801,30.00000827836808,0.0018237208375610277
mnist,30,1.071429,90,30.0,44.11944285714286,6.39973921150746,27.952814285714286,2.829434940018222,16.895814285714287,2.5060189646577875,12.410727565074914,2.57194580958278,25.901732247971058,0.7234324241594833
mnist,30,1.1,90,30.0,42.231614285714286,5.803053183559883,26.979542857142857,2.743201220085313,16.466428571428573,2.5060358769033075,11.678004711016845,2.588975610453005,24.42188276988409,0.981841860269057
mnist,30,1.2,90,30.0,36.465471428571426,4.097780835739645,23.912314285714285,2.5967666298294727,15.054942857142857,2.5117003056308533,9.578357177998926,2.5742410002290854,19.92440997769044,1.7229140014478235
mnist,30,1.285714,90,30.0,32.39332857142857,3.1841246485894836,21.6685,2.5884152418585615,13.957185714285714,2.5274060264732023,8.226522674861082,2.5040746829884957,16.835297477812066,2.1562904580875597
mnist,30,1.3,90,30.0,31.77987142857143,3.085058551986278,21.32102857142857,2.5942845034610134,13.786285714285714,2.5312583947958553,8.032703886801304,2.489350344028015,16.381392273601655,2.211963763127331
mnist,30,1.4,90,30.0,27.91615714285714,2.6850456933367304,19.107242857142857,2.6602522111135807,12.651342857142858,2.548368312053333,6.875471403092745,2.3730899940590704,13.625852988823429,2.490025744587026
mnist,30,1.5,90,30.0,24.727028571428573,2.632842195756347,17.220971428571428,2.732706700959579,11.629328571428571,2.5673810681672626,5.99313923361872,2.246855601293313,11.49121698491953,2.614439299600075
mnist,30,1.714286,90,30.0,19.512357142857145,2.898554593170851,14.014514285714286,2.85684454671262,9.821185714285715,2.5686371639053887,4.698861821326492,1.9869234468652632,8.373660824367455,2.5893329843630495
mnist,30,1.928571,90,30.0,15.841385714285714,3.0953372896889246,11.676,2.90921118420195,8.4206,2.5400188267018806,3.888367340525791,1.7656930115953426,6.484223534200045,2.4044849021274737
mnist,30,2.142857,90,30.0,13.187057142857142,3.1686334904394817,9.9319,2.880020752157377,7.337814285714286,2.4808832113518253,3.346450602701164,1.5849331727471143,5.2755545752130875,2.191801455951993
mnist,30,2.357143,90,30.0,11.222014285714286,3.1507520099759274,8.600385714285714,2.8102073883452454,6.494928571428572,2.404472617088107,2.964250116240611,1.4378405186034833,4.459953679517978,1.9942719467549535
mnist,30,2.571429,90,30.0,9.724057142857143,3.082299437969342,7.5708142857142855,2.7187522705033915,5.821114285714286,2.323648587538001,2.6828333204511243,1.3171712841277285,3.8830499698099166,1.822219588275202
mnist,30,2.785714,90,30.0,8.555,2.9812611185776494,6.759728571428571,2.6197597350107653,5.2782285714285715,2.2371768572493873,2.468278589884627,1.2169953889141036,3.458426752882573,1.6752781155403933
mnist,30,3.0,90,30.0,7.630342857142857,2.872621380679099,6.103957142857142,2.5157461371797223,4.8332,2.1501443247240073,2.2999795052687153,1.1327832935082942,3.1353561768786364,1.5501421816198542
mnist,50,0.0,150,50.0,150.0,0.0,150.0,0.0,150.0,0.0,149.99999999999997,2.842170943040401e-14,149.99999999999974,0.0
mnist,50,0.214286,150,50.0,150.0,0.0,149.99408571428572,0.2250571827563033,55.13814285714286,4.15129955310284,137.8528916679992,2.5537762417238703,144.17135593584766,1.407550164518547
mnist,50,0.428571,150,50.0,149.96358571428573,0.6562684553673169,131.6607,15.750357948630882,48.035785714285716,3.9113960912509307,102.0563759092084,4.744959742515465,125.46835506808529,4.2853251130590095
mnist,50,0.5,150,50.0,149.58124285714285,2.599516361258182,114.93304285714285,16.99727506390843,45.6624,3.842208882549576,87.77023845196983,3.9775700373254783,116.71815851585819,4.974806720096061
mnist,50,0.6,150,50.0,146.2549,8.51618024644852,94.94741428571429,14.322827649787252,42.337671428571426,3.7480270246831338,68.69027874126299,1.8898355424936113,103.10967186770046,5.33276893789671
mnist,50,0.642857,150,50.0,142.494,11.84566676649555,87.97958571428572,12.798618132989267,40.93734285714286,3.7110360235604376,61.28350341314692,0.8675099147094265,96.99431442098113,5.229965373966316
mnist,50,0.7,150,50.0,134.73535714285714,15.796564948056373,79.9049,10.835300720528513,39.092914285714286,3.6639394986538627,52.356424797186854,0.5861531693330595,88.76155682229307,4.849691194335993
mnist,50,0.8,150,50.0,116.77118571428572,18.491005567026253,68.35461428571429,7.936001520724324,35.936014285714286,3.608383904159301,39.51318712304132,2.4223747616570956,74.62512390511519,3.59797916357438
mnist,50,0.857143,150,50.0,106.27197142857143,17.75601073598252,62.85481428571428,6.625454677212419,34.20862857142857,3.5811434493605474,33.68790035439317,3.158915451107312,66.96592735191467,2.6389216067399834
mnist,50,0.9,150,50.0,98.91978571428571,16.61084611106581,59.15164285714286,5.832494334173268,32.93991428571429,3.5651152645876567,29.95966158334802,3.558794427172876,61.5168758779319,1.8558031809136313
mnist,50,1.0,150,50.0,83.83977142857142,12.963732308881056,51.6478,4.50257523328912,30.117942857142857,3.5491895730301763,23.055319480855964,4.078856348390532,50.000000016351635,3.676196582853937e-06
mnist,50,1.071429,150,50.0,74.81131428571429,10.225237572570634,47.071014285714284,3.9480917415627403,28.215514285714285,3.5543549776209433,19.35850094554175,4.194215203247689,42.90546325731582,1.204973997504624
mnist,50,1.1,150,50.0,71.5631,9.203703670107098,45.40027142857143,3.7999958549655157,27.4876,3.561270312683383,18.108785603421268,4.199641096764537,40.33836476117272,1.6355919871849414
mnist,50,1.2,150,50.0,61.600814285714286,6.161925201922013,40.14162857142857,3.5890227367485372,25.071242857142856,3.591250701101674,14.54858818418139,4.100008595840838,32.52676630357722,2.8624007753066443
mnist,50,1.285714,150,50.0,54.557385714285715,4.51230615980298,36.25664285714286,3.63260711388908,23.169642857142858,3.6206007612617244,12.277905722426228,3.9280446162679796,27.162149773943312,3.562346076320732
mnist,50,1.3,150,50.0,53.48985714285714,4.328485051000488,35.66225714285714,3.6494247753612363,22.86997142857143,3.629274779863754,11.954098094232803,3.8952676574502134,26.37474260451653,3.650027725453939
mnist,50,1.4,150,50.0,46.82895714285714,3.6517649428958685,31.854585714285715,3.8156348057989633,20.888014285714284,3.6763863157526115,10.031841899802675,3.651187103791625,21.604384756967605,4.069284023782091
mnist,50,1.5,150,50.0,41.303557142857144,3.693834079094181,28.58802857142857,3.994899548071725,19.118042857142857,3.718885416495164,8.581459684837128,3.402273308588591,17.927642807252646,4.224016266350148
mnist,50,1.714286,150,50.0,32.29251428571428,4.313133560062658,23.02425714285714,4.252049608922113,15.949657142857143,3.763840348389297,6.485794354190682,2.9172552620628625,12.612447225924655,4.0728652596756225
mnist,50,1.928571,150,50.0,25.9391,4.710689035587045,18.947114285714285,4.332762591309736,13.494371428571428,3.723385138635573,5.1995422890423475,2.5246175576169723,9.444791318813893,3.683117219760123
mnist,50,2.142857,150,50.0,21.352228571428572,4.82545253591065,15.905814285714285,4.2996312692165235,11.596014285714286,3.6304361957242124,4.354827215099235,2.215365187351071,7.453049968189052,3.275901798234296
mnist,50,2.357143,150,50.0,17.9266,4.7778938438246135,13.588342857142857,4.1787484246763045,10.105342857142857,3.507667523280613,3.76853808378455,1.9711059436657044,6.130944537614779,2.9153870669654847
mnist,50,2.571429,150,50.0,15.340742857142857,4.642709494267681,11.805557142857143,4.0209992330823665,8.9319,3.364245547561253,3.342997899984669,1.7757365919646544,5.209959048154881,2.6117195705503327
mnist,50,2.785714,150,50.0,13.33307142857143,4.464631547176185,10.395442857142857,3.852581224269235,7.975957142857143,3.2186521932356107,3.0227227741676073,1.6170703818137602,4.541576852539939,2.359244978277156
mnist,50,3.0,150,50.0,11.747471428571428,4.272709164725177,9.268114285714285,3.6749033633275197,7.205614285714286,3.071941204761283,2.774407836238832,1.486232271146815,4.039618111320183,2.1491140066198384
mnist,75,0.0,225,75.0,225.0,0.0,225.0,0.0,225.0,0.0,224.99999999999997,2.842170943040401e-14,225.0000000000004,8.526512829121202e-14
mnist,75,0.214286,225,75.0,225.0,0.0,224.98957142857142,0.36367935529720097,82.90942857142858,5.568662031074118,207.04622592960393,3.772717720874077,216.39157938926672,2.0786830589463627
mnist,75,0.428571,225,75.0,224.9388857142857,1.0339283830249026,198.66195714285715,23.054438027005133,72.34558571428572,5.161443507925879,153.70190373193066,7.079067276181283,188.6902957729684,6.343134411039089
mnist,75,0.5,225,75.0,224.3217,4.001261654064343,173.69774285714286,25.108149173232704,68.7687,5.053722845162197,132.19763041883675,5.953807843650056,175.6745845235683,7.381548994291878
mnist,75,0.6,225,75.0,219.79074285714285,12.43564393264747,143.60431428571428,21.231170581107428,63.77762857142857,4.9482270509501785,103.27857724075179,2.807363500554528,155.35266885433612,7.95017863438287
mnist,75,0.642857,225,75.0,214.5934142857143,17.206397134282735,133.08154285714286,18.95944263548281,61.66021428571428,4.912385508350608,91.99429795935617,1.254440738623939,146.18710386810233,7.815889073956374
mnist,75,0.7,225,75.0,203.3992,22.994719504144552,120.85715714285715,16.006644474927736,58.87967142857143,4.863848377046509,78.35702247265479,0.971380045974785,133.81382474365202,7.273064136488829
mnist,75,0.8,225,75.0,176.70235714285715,27.24362615131196,103.35798571428572,11.577347485490616,54.131542857142854,4.803505793200017,58.68816758463236,3.767206757278416,112.47238963828089,5.430616672673429
mnist,75,0.857143,225,75.0,160.955,26.31808076209206,95.04984285714286,9.54920572483943,51.496514285714284,4.7867811276557894,49.76095824914866,4.867408466350147,100.85754414865605,3.9968772953866814
mnist,75,0.9,225,75.0,149.83805714285714,24.661892586328243,89.4541,8.237673495506568,49.580242857142856,4.784882855516988,44.05093768787668,5.452062802735413,92.57184032726678,2.817280277995785
mnist,75,1.0,225,75.0,126.97097142857143,19.290146638686828,78.05145714285715,6.026008690159478,45.30161428571429,4.7874464078846195,33.4970858988638,6.1706401073643065,74.9999999990502,4.0044520173428786e-07
mnist,75,1.071429,225,75.0,113.22384285714286,15.120948385917856,71.10821428571428,5.152121999423032,42.415642857142856,4.81789205695281,27.86656461417915,6.289194422992643,64.13922334522056,1.838008625330419
mnist,75,1.1,225,75.0,108.27904285714285,13.558764406343768,68.55388571428571,4.935461684997831,41.299842857142856,4.839778032500824,25.968139415394603,6.275100347859361,60.20379630421601,2.4946405127970546
mnist,75,1.2,225,75.0,93.11765714285714,8.759560471500698,60.50814285714286,4.69345951993901,37.6229,4.922439423265083,20.579107020409126,6.051303294365143,48.21678889663455,4.355665526022795
mnist,75,1.285714,225,75.0,82.36574285714286,5.981426312668037,54.582385714285714,4.8587665712690535,34.72051428571429,5.011860420878394,17.16192585823786,5.737605648127046,39.98286237043648,5.398359745406742
mnist,75,1.3,225,75.0,80.74282857142857,5.676400267703438,53.667342857142856,4.905224249674202,34.2654,5.026119489796704,16.6762625186681,5.680006464119707,38.77488718836335,5.526568587712301
mnist,75,1.4,225,75.0,70.56452857142857,4.668867290655744,47.818242857142856,5.263741884509031,31.236114285714287,5.128669422382537,13.80362088499714,5.261791482848421,31.464328887140546,6.119587376559833
mnist,75,1.5,225,75.0,62.0913,4.953529047485814,42.81435714285714,5.5862696102285705,28.523642857142857,5.203832202015616,11.650606897440968,4.8476508702137515,25.845204614241425,6.302465895462342
mnist,75,1.714286,225,75.0,48.25261428571429,6.19060119580564,34.28545714285714,6.06610017741621,23.633828571428573,5.278682592604843,8.570311275379273,4.06283396058691,17.7686484199634,5.966754304600779
mnist,75,1.928571,225,75.0,38.520871428571425,6.841638804140901,28.03795714285714,6.206961699657926,19.847528571428573,5.22163585812894,6.7052551715880995,3.4443588574890205,13.002369971974012,5.297192181244075
mnist,75,2.142857,225,75.0,31.4842,7.00508644302736,23.354685714285715,6.137109444176136,16.892742857142856,5.076422690623541,5.495807551466922,2.9672941476833685,10.036801734373505,4.628933811197055
mnist,75,2.357143,225,75.0,26.264757142857142,6.911520667770618,19.793714285714287,5.941855451294792,14.598128571428571,4.885898009056059,4.666116757106768,2.5972035990819498,8.088836740664505,4.051668772891832
mnist,75,2.571429,225,75.0,22.301014285714285,6.671391296301495,17.0367,5.676674979623699,12.767757142857143,4.672211816185791,4.070371691957192,2.305952405320529,6.745654770520999,3.5740929755283437
mnist,75,2.785714,225,75.0,19.224742857142857,6.375408497132252,14.8745,5.399013775681629,11.310142857142857,4.448195137310394,3.6264412684487173,2.0729280900471254,5.78038729571708,3.182962626429346
mnist,75,3.0,225,75.0,16.799585714285715,6.048011937802034,13.1379,5.128441494394624,10.117885714285714,4.223670047796473,3.2854100689677823,1.8834252834969318,5.06222061576266,2.8617851837659827
mnist,100,0.0,300,100.0,300.0,0.0,300.0,0.0,300.0,0.0,299.99999999999994,0.0,300.0000000000004,5.684341886080802e-14
mnist,100,0.214286,300,100.0,300.0,0.0,299.9808428571429,0.6249721167657754,110.73421428571429,7.000879594518019,276.1880119916917,5.098322867369805,288.5793820295794,2.8158003264513947
mnist,100,0.428571,300,100.0,299.89268571428573,1.5568826686946042,265.3991857142857,30.76684870663453,96.62657142857142,6.4219740813896795,205.29563386481567,9.558014018427782,251.84047660851803,8.556603176384272
mnist,100,0.5,300,100.0,298.90354285714284,5.9012017194701585,232.41098571428572,33.53201441522195,91.87938571428572,6.288409580428464,176.58978443519658,8.046188913020007,234.5594275860977,9.954051950598005
mnist,100,0.6,300,100.0,292.9243285714286,17.045471190923774,192.2471857142857,28.337216302842478,85.24977142857144,6.127100218750486,137.84477510210357,3.77855323524428,207.53694956515145,10.727424756806988
mnist,100,0.642857,300,100.0,286.2560142857143,23.120346935108824,178.1519,25.23743926541903,82.44098571428572,6.083176111193553,122.68270406318474,1.6665223728619656,195.32989472890497,10.552945482949537
mnist,100,0.7,300,100.0,271.71284285714285,30.63753180432491,161.8115,21.260398377701474,78.73272857142857,6.019141631783504,104.3301689375441,1.3795980371139558,178.82901911325916,9.83136398326334
mnist,100,0.8,300,100.0,236.53864285714286,36.31758988838632,138.42224285714286,15.193529998875663,72.40668571428571,5.948380897456424,77.82047191915434,5.182576020085748,150.30383792612764,7.359981881161628
mnist,100,0.857143,300,100.0,215.58918571428572,35.177854887411705,127.29801428571429,12.427277672227858,68.88877142857143,5.938441323087658,65.78249283517381,6.6624943403492,134.7422157383919,5.425548073080537
mnist,100,0.9,300,100.0,200.75132857142856,32.99120583611051,119.77967142857143,10.656605511836213,66.31157142857143,5.963132718322353,58.08489757273477,7.438681977635306,123.62426708031799,3.828629037258815
mnist,100,1.0,300,100.0,170.09082857142857,25.733333167020906,104.49351428571428,7.576125145562505,60.55982857142857,6.031279700673407,43.8716695301722,8.358976875411392,100.00000000057244,5.27623100457298e-07
mnist,100,1.071429,300,100.0,151.68214285714285,20.09647932157394,95.13975714285715,6.319791764055238,56.6815,6.108729166996544,36.30333669506826,8.476527190454787,85.36934650861502,2.5038511040329174
mnist,100,1.1,300,100.0,145.04094285714285,17.914209307446992,91.71668571428572,6.027104624806785,55.18417142857143,6.1447929895886615,33.7551226412657,8.440425727020909,80.06329354652166,3.398096100526626
mnist,100,1.2,300,100.0,124.6707,11.323364155396321,80.9352,5.743184864565254,50.22977142857143,6.307999859976963,26.535402747396265,8.082062784871766,63.89109972781877,5.9245390521204975
mnist,100,1.285714,300,100.0,110.18602857142857,7.447630050600812,72.97674285714285,6.0495030933734295,46.329771428571426,6.441906945199709,21.971822188502884,7.617100309878422,52.779378660382505,7.324550812408766
mnist,100,1.3,300,100.0,108.00545714285714,7.008019809344382,71.75275714285715,6.125172846390808,45.71098571428571,6.461771044254613,21.324423810835494,7.533110416810375,51.14952217684902,7.494740105981629
mnist,100,1.4,300,100.0,94.27521428571428,5.641338489585751,63.86251428571428,6.7304774161864565,41.621428571428574,6.615419063653873,17.502803604701867,6.930230461749878,41.29070180808132,8.265714071362918
mnist,100,1.5,300,100.0,82.89365714285714,6.22062052918865,57.091857142857144,7.279235986765396,37.93924285714286,6.7381033786237206,14.64919795494766,6.341349995142159,33.72311714879521,8.473843790822182
mnist,100,1.714286,300,100.0,64.24855714285714,8.164778322834026,45.58952857142857,7.984498306489052,31.34507142857143,6.855204279172407,10.58943881842522,5.240029286887707,22.877196419469705,7.9383580062156796
mnist,100,1.928571,300,100.0,51.12042857142857,9.124861476164101,37.1195,8.174727066217127,26.2136,6.795397867885084,8.150820120298858,4.383347256517953,16.50849390521065,6.972269390714671
mnist,100,2.142857,300,100.0,41.635128571428574,9.332970602610065,30.7987,8.052877464165038,22.223642857142856,6.593869307461102,6.581522807014161,3.729373223075907,12.567719312351162,6.02833823116893
mnist,100,2.357143,300,100.0,34.56774285714286,9.14742021662894,25.994128571428572,7.776510957311362,19.0937,6.32931774894758,5.512849929015148,3.2267377430073454,9.99401800236955,5.222193292010668
mnist,100,2.571429,300,100.0,29.23597142857143,8.794972771778575,22.2704,7.418453697946185,16.613814285714287,6.019593296164159,4.7508534814577885,2.8346195450988696,8.229699806047181,4.5608530703514765
mnist,100,2.785714,300,100.0,25.093014285714286,8.368730390128068,19.341157142857142,7.023840856348194,14.623357142857143,5.7093517408739505,4.1867866223978645,2.5235176244866233,6.969167744225602,4.023131195068279
mnist,100,3.0,300,100.0,21.82014285714286,7.913609975019914,17.001814285714286,6.637756472941865,13.0095,5.402949832531961,3.7561664318685453,2.272571929272617,6.036720907769511,3.58454000625989
mnist,125,0.0,375,125.0,375.0,0.0,375.0,0.0,375.0,0.0,374.99999999999994,0.0,375.0000000000004,5.684341886080802e-14
mnist,125,0.214286,375,125.0,375.0,0.0,374.96614285714287,0.9702706439179636,138.5821,8.514629571088642,345.2847482463177,6.521169670308484,360.73929042218083,3.6128840185757887
mnist,125,0.428571,375,125.0,374.81782857142855,2.2777650384998545,331.9264,38.78392686461751,121.00921428571428,7.70859729391774,256.83805513128823,12.169385198681324,314.9262802026114,10.912510972279584
mnist,125,0.5,375,125.0,373.3333285714286,8.259881912371782,291.06307142857145,42.27264271363807,115.05961428571429,7.516078222798409,220.94465285027883,10.244478059575641,293.37822801933487,12.678501897150289
mnist,125,0.6,375,125.0,365.7352285714286,22.17073706047902,240.86685714285716,35.56502357023007,106.75901428571429,7.314503998402972,172.38960991738753,4.799550408747554,259.6635046244999,13.651137208936257
mnist,125,0.642857,375,125.0,357.5633285714286,29.531719814571023,223.20945714285713,31.643380472150984,103.23845714285714,7.263115893109148,153.35318320475844,2.103096941654184,244.4214658653123,13.428267491735179
mnist,125,0.7,375,125.0,339.75845714285714,38.65648088213696,202.76558571428572,26.54581820604457,98.58515714285714,7.204768637379223,130.2869729352351,1.806538672675177,223.80322223155534,12.512646130360233
mnist,125,0.8,375,125.0,296.31384285714284,45.72833260311402,173.43584285714286,18.85944093637054,90.66445714285715,7.150864852161419,96.93449015947188,6.660496463720521,188.11284262039638,9.376666914669919
mnist,125,0.857143,375,125.0,270.25381428571427,44.34134244400973,159.48992857142858,15.32486163985216,86.28405714285714,7.1421163407848605,81.78388358297171,8.536369972418326,168.61350231087215,6.91769156931428
mnist,125,0.9,375,125.0,251.67707142857142,41.56022088481843,150.09522857142858,13.053446838912953,83.06044285714286,7.160434210967366,72.09745497034766,9.511906869106301,154.6687942783252,4.884587119307027
mnist,125,1.0,375,125.0,213.2438857142857,32.30544765716451,130.9602857142857,9.092902722363599,75.86062857142858,7.2635531371586,54.22277280969217,10.64137165892039,124.9999999983079,6.573037137010066e-07
mnist,125,1.071429,375,125.0,190.1176142857143,25.124569273233526,119.23861428571429,7.494879609807633,71.00272857142858,7.397266366554276,44.715800032549325,10.757304357641619,106.6014268669065,3.1990987896205607
mnist,125,1.1,375,125.0,181.7832,22.349651912661702,114.93932857142858,7.102033238489682,69.12601428571429,7.458128286819225,41.51757376558954,10.698125168525278,99.92490968234897,4.341487223843885
mnist,125,1.2,375,125.0,156.1826,13.873640992286672,101.37082857142858,6.783458906932422,62.887257142857145,7.7041234166900425,32.4666874758471,10.199347325234005,79.56651965152128,7.562670661095171
mnist,125,1.285714,375,125.0,138.0398,8.868548856331731,91.35692857142857,7.296221272140862,57.975028571428574,7.92017708130214,26.756513154023477,9.576809726218558,65.5753966704203,9.33526080417397
mnist,125,1.3,375,125.0,135.30022857142856,8.303022166091829,89.81482857142858,7.410503942708483,57.19405714285714,7.958032714336438,25.947358405703763,9.465332282426385,63.52338713707227,9.549167645032412
mnist,125,1.4,375,125.0,118.04632857142857,6.600899025828502,79.91788571428572,8.242556821664461,52.03931428571428,8.183395913228997,21.176667982074143,8.670064687212113,51.11453277571891,10.505147652735282
mnist,125,1.5,375,125.0,103.69972857142857,7.527833680835845,71.4184,8.991271879518969,47.414185714285715,8.356404313532494,17.622457466929195,7.898971192477621,41.5969198742634,10.739212532069214
mnist,125,1.714286,375,125.0,80.261,10.232643514054143,56.9077,9.996665622453461,39.08235714285714,8.515508718191288,12.583442874573933,6.4669042060823285,27.978328166432313,9.995791712544365
mnist,125,1.928571,375,125.0,63.731142857142856,11.518736357140316,46.24155714285714,10.26493929442173,32.59692857142857,8.423253816194832,9.57178787388896,5.360470760586725,20.00376851218195,8.721335518109475
mnist,125,2.142857,375,125.0,51.787571428571425,11.779355540910704,38.27178571428571,10.085292174240461,27.55987142857143,8.177906716830638,7.6434309600924975,4.52045677307984,15.08472276601611,7.490105538820596
mnist,125,2.357143,375,125.0,42.918285714285716,11.529703622932077,32.19898571428571,9.692007994797802,23.602557142857144,7.8252774868840715,6.336741233654229,3.8781093304382854,11.882934486500277,6.444655870288939
mnist,125,2.571429,375,125.0,36.167071428571425,11.039471454508044,27.506114285714286,9.226205986277593,20.4646,7.431212435973785,5.40954948983844,3.3794972604057807,9.695882454249318,5.5905281521304895
mnist,125,2.785714,375,125.0,30.953514285714284,10.444412542794431,23.814585714285716,8.719846417377605,17.9546,7.024654255650492,4.726429048422381,2.985881397390916,8.139129296815339,4.898543538267307
mnist,125,3.0,375,125.0,26.8444,9.85947637323026,20.862185714285715,8.208851934332593,15.9086,6.636142621820515,4.20728666644218,2.669974084550498,6.991939072821484,4.336078400625859
mnist,150,0.0,450,150.0,450.0,0.0,450.0,0.0,450.0,0.0,449.99999999999994,5.684341886080802e-14,449.9999999999996,5.684341886080802e-14
mnist,150,0.214286,450,150.0,450.0,0.0,449.94287142857144,1.3307599485302541,166.4445142857143,10.069574039427398,414.3439553660781,8.025755591896374,432.8760854832126,4.459774149493449
mnist,150,0.428571,450,150.0,449.70752857142855,3.1635902580157635,398.2830714285714,47.128189613867114,145.3718,9.00978002997695,308.33603233665235,14.89412792678506,377.95802857224396,13.389415591439246
mnist,150,0.5,450,150.0,447.63991428571427,10.946071493257762,349.73368571428574,51.27677243145222,138.23555714285715,8.786984610589386,265.26657838556184,12.533549602120937,352.1410965437329,15.532653542205706
mnist,150,0.6,450,150.0,438.30484285714283,27.695328115114965,289.50881428571427,43.03689124486866,128.30504285714287,8.54567344154876,206.91607044427624,5.8635585160668,311.7402194253717,16.700404273716885
mnist,150,0.642857,450,150.0,428.5861,36.3097092633637,268.2833428571429,38.177666653568814,124.08312857142857,8.481434577814953,184.00931241651458,2.5610597829455797,293.4682748259835,16.42220813751106
mnist,150,0.7,450,150.0,407.53475714285713,47.016867100446206,243.67764285714287,31.9044025199997,118.51567142857142,8.394229998246974,156.23272520471156,2.2492416289557826,268.74082778137955,15.299445962811753
mnist,150,0.8,450,150.0,356.0566,55.43868347112356,208.47128571428573,22.54354018474526,108.98264285714286,8.345214121254878,116.03986734509483,8.19303322294117,225.90058736372558,11.468144451716103
mnist,150,0.857143,450,150.0,324.90002857142855,53.77561348523575,191.72865714285714,18.22405714346186,103.69637142857142,8.368323503667913,97.7773533347596,10.480033746955158,202.47141301366784,8.464142116713653
mnist,150,0.9,450,150.0,302.59324285714285,50.36928619192332,180.41567142857141,15.447916275778729,99.82682857142858,8.40997776109074,86.10260287830239,11.662688547325907,185.70498351237543,5.978700809041174
mnist,150,1.0,450,150.0,256.38052857142856,38.98037837176964,157.38964285714286,10.606428974293594,91.17124285714286,8.57407913578681,64.56768079209128,13.010242865817652,149.99999999660778,7.923083057322367e-07
mnist,150,1.071429,450,150.0,228.5456142857143,30.171606887835487,143.3387857142857,8.632940813936974,85.3319,8.730313336955813,53.1228175660885,13.125640187367495,127.83682985650906,3.9197076542109652
mnist,150,1.1,450,150.0,218.5048857142857,26.77539764386215,138.16618571428572,8.181246640584897,83.07422857142858,8.808624271005948,49.27481903810136,13.043035926445608,119.79072385529041,5.319429988579512
mnist,150,1.2,450,150.0,187.72348571428572,16.432416477145633,121.86001428571429,7.852332938128928,75.58351428571429,9.139013525606826,38.39327121335226,12.400468874436486,95.24800069873088,9.261591018694439
mnist,150,1.285714,450,150.0,165.83467142857143,10.258576657358367,109.78395714285715,8.549526122098754,69.66342857142857,9.429520800688243,31.536531052859075,11.615936240580677,78.37839572466703,11.421309420573955
mnist,150,1.3,450,150.0,162.5331,9.557409472161975,107.9286,8.700949983273583,68.72117142857142,9.479877805076587,30.5655932468562,11.476162695650029,75.90436456480369,11.680695109627523
mnist,150,1.4,450,150.0,141.80998571428572,7.56161511468635,95.99468571428571,9.819650868892376,62.493542857142856,9.782042644831709,24.84545387242385,10.482583387603878,60.94628212951623,12.829685872271229
mnist,150,1.5,450,150.0,124.54348571428571,8.889931407003345,85.7517,10.77747869912068,56.903214285714284,10.026471589024238,20.59003333124934,9.523242770319978,49.47915030084067,13.092103459071105
mnist,150,1.714286,450,150.0,96.26344285714286,12.399532739048464,68.25955714285715,12.072221423151243,46.85274285714286,10.261840598875754,14.570251907885819,7.748301716871944,33.08737969147333,12.136610586497513
mnist,150,1.928571,450,150.0,76.37164285714286,13.981335880927332,55.38787142857143,12.418231932377754,39.02034285714286,10.14254901165765,10.984261997922717,6.38175909858554,23.50458632807514,10.545101955809102
mnist,150,2.142857,450,150.0,61.949157142857146,14.326273590989304,45.762414285714286,12.212177594507702,32.90622857142857,9.814320793283118,8.695953078184745,5.347183510406288,17.604188834445225,9.017163240833046
mnist,150,2.357143,450,150.0,51.25875714285714,14.001658132353686,38.44085714285714,11.718459886966759,28.11972857142857,9.383357269155441,7.150734198895956,4.558211872218036,13.77137796333791,7.723513745483725
mnist,150,2.571429,450,150.0,43.14405714285714,13.374796835718092,32.75208571428571,11.108454756552208,24.332942857142857,8.899115874040064,6.058128532092747,3.9475201633839374,11.159151935583179,6.6686133125501375
mnist,150,2.785714,450,150.0,36.8397,12.644948327127093,28.290442857142857,10.473420785337266,21.28515714285714,8.393852323721747,5.255943315567122,3.466870401734438,9.304292281380638,5.815371986730834
mnist,150,3.0,450,150.0,31.871985714285714,11.885633503150958,24.733542857142858,9.857048269691104,18.818828571428572,7.911640956701403,4.648406060557106,3.0823296653306382,7.9409674679489575,5.122987421919061
mnist,175,0.0,525,175.0,525.0,0.0,525.0,0.0,525.0,0.0,524.9999999999999,0.0,524.9999999999992,2.2737367544323206e-13
mnist,175,0.214286,525,175.0,525.0,0.0,524.8994285714285,1.9725906719802955,194.34768571428572,11.69339131126498,483.36841516677714,9.607851123143739,504.99124708465456,5.355841757289525
mnist,175,0.428571,525,175.0,524.5467571428571,4.339079829824733,464.5078142857143,55.66612457007604,169.73954285714285,10.370574681260043,359.7927009216674,17.718975235312552,440.9401355165332,15.976865673264422
mnist,175,0.5,525,175.0,521.8220571428571,13.930766333023684,408.3332571428571,60.50621382226214,161.4286,10.075139944295705,309.557567895848,14.901978427941083,410.85260008830073,18.50325533587532
mnist,175,0.6,525,175.0,510.67747142857144,33.52030456570696,338.14625714285717,50.61747871738878,149.84024285714287,9.780296837352877,241.42569398650207,6.965478186999963,363.7708190925372,19.8602103971451
mnist,175,0.642857,525,175.0,499.4162857142857,43.39552765539089,313.3502,44.83567539952341,144.9141857142857,9.700247061349751,214.65303156426015,3.0385584508659575,342.4733973638396,19.519836253684144
mnist,175,0.7,525,175.0,475.1557142857143,55.620415151566895,284.61695714285713,37.35034757380281,138.41237142857142,9.613808882720177,182.17035392731043,2.705096394992463,313.6439241382795,18.17768766845045
mnist,175,0.8,525,175.0,415.74251428571426,65.40854368369031,243.46645714285714,26.240150598808754,127.31961428571428,9.581913222007474,135.14181778540856,9.77254452096645,263.6675749142007,13.623631834877967
mnist,175,0.857143,525,175.0,379.5176142857143,63.406710131790774,223.92582857142858,21.112816318172662,121.17182857142858,9.608712747102317,113.76939364124435,12.484580815563369,236.31587443393025,10.05683302337118
mnist,175,0.9,525,175.0,353.55465714285714,59.36102772524019,210.73777142857142,17.854369026072686,116.64012857142858,9.661716409803663,100.10768836005109,13.88180829064671,216.7325545115728,7.105220809320383
mnist,175,1.0,525,175.0,299.53137142857145,45.806447317309704,183.86165714285715,12.128646307559535,106.51424285714286,9.888041695380933,74.9153061831548,15.457012627381788,175.00000000065916,9.242273733348649e-07
mnist,175,1.071429,525,175.0,266.95232857142855,35.26364253133467,167.40167142857143,9.75882545951016,99.6722,10.115734773961943,61.534057935939835,15.574033540963999,149.07627205120218,4.661938178623881
mnist,175,1.1,525,175.0,255.24148571428572,31.281082810424788,161.37031428571427,9.225234579352529,97.04244285714286,10.221375992267681,57.03675443558791,15.468146299670819,139.6618136357231,6.3269093935499505
mnist,175,1.2,525,175.0,219.24244285714286,18.992656664492888,142.3380857142857,8.93389441835795,88.28698571428572,10.612453428459627,44.3255644056699,14.680175819547932,110.93801287101533,11.013141248582942
mnist,175,1.285714,525,175.0,193.68765714285715,11.666612273474756,128.2324857142857,9.837668515518526,81.36215714285714,10.984877887526904,36.322451244534,13.730643682330934,91.19200958738637,13.57346244382102
mnist,175,1.3,525,175.0,189.8238142857143,10.823359725008626,126.06641428571429,10.038951453489064,80.26277142857143,11.045172560472391,35.189711863229846,13.561986289219238,88.29627008614895,13.880030550644394
mnist,175,1.4,525,175.0,165.5372142857143,8.500602547370825,112.09532857142857,11.447384525011351,72.98457142857143,11.424884705353145,28.519683662849253,12.365579124153836,70.79091729790184,15.230321041982108
mnist,175,1.5,525,175.0,145.35622857142857,10.247971983584195,100.09837142857143,12.644182521360147,66.4286,11.742959679740027,23.56223397941573,11.21312680329372,57.37571594200209,15.524527841866895
mnist,175,1.714286,525,175.0,112.31902857142857,14.62834892252655,79.64002857142857,14.19994438618026,54.63842857142857,12.043872554209496,16.559450445887162,9.085013835880309,38.21166131538476,14.355624782928215
mnist,175,1.928571,525,175.0,89.02728571428571,16.542483784955337,64.54818571428571,14.653644826744209,45.45558571428572,11.924111177409598,12.396985599238715,7.449163493871279,27.018993533752372,12.44084426965531
mnist,175,2.142857,525,175.0,72.13471428571428,16.94781808303093,53.271814285714285,14.401240615995412,38.29725714285714,11.529960149461196,9.747012655192115,6.2122265326985495,20.134407265564512,10.608640208563484
mnist,175,2.357143,525,175.0,59.623485714285714,16.557337859470437,44.69508571428572,13.815485054038724,32.663242857142855,10.991404839283303,7.962004309686613,5.270157108140718,15.667552099304682,9.05923476772231
mnist,175,2.571429,525,175.0,50.1136,15.814033845561715,38.03744285714286,13.090385164185761,28.20435714285714,10.414150861119847,6.703102371861237,4.542053310048709,12.627431658935617,7.796545040590452
mnist,175,2.785714,525,175.0,42.7497,14.923609049183016,32.79335714285714,12.309558371485974,24.640842857142857,9.826977031381833,5.781259450301302,3.969979048873217,10.472201844752753,6.775754507176739
mnist,175,3.0,525,175.0,36.92474285714286,14.006488060574657,28.606728571428572,11.552693335225129,21.7378,9.239067347179274,5.084946943151021,3.5131784625577276,8.890934595535184,5.947906677508009
mnist,200,0.0,600,200.0,600.0,0.0,600.0,0.0,600.0,0.0,599.9999999999999,0.0,600.0000000000001,0.0
mnist,200,0.214286,600,200.0,600.0,0.0,599.8288857142857,2.8563723073800005,222.22995714285713,13.329498640165099,552.3615995242008,11.266189791110023,577.0865815453982,6.301959484601778
mnist,200,0.428571,600,200.0,599.3159,5.828618438728488,530.7242571428571,64.39249774528656,194.13808571428572,11.777074135482593,411.2134114537631,20.635491818716456,503.87843851024456,18.669324213557896
mnist,200,0.5,600,200.0,595.8925428571429,17.213879660391754,466.8984571428571,69.89168622471401,184.61924285714286,11.429498601595677,353.82168009339983,17.342242909793235,469.51920787063426,21.5824808137365
mnist,200,0.6,600,200.0,582.8632857142857,39.61321923014475,386.7558714285714,58.304678210591405,171.37695714285715,11.060954642261365,275.9208047721149,8.101945492514506,415.76148176895373,23.120909844116944
mnist,200,0.642857,600,200.0,570.0476285714286,50.71348133053025,358.4025,51.56014498518072,165.75677142857143,10.95800215781199,245.28624148359836,3.5345103320906994,391.4424975293521,22.711337323528156
mnist,200,0.7,600,200.0,542.6748857142857,64.42452783230553,325.5283714285714,42.83911791381178,158.31931428571428,10.859196686341631,208.1015355636237,3.1721027951222296,358.51722997561177,21.13790546094893
mnist,200,0.8,600,200.0,475.3677714285714,75.5421768751303,278.4788,29.95225976192304,145.65314285714285,10.832823341632615,154.242279681419,11.393011934637668,301.4165626645433,15.835685768683998
mnist,200,0.857143,600,200.0,434.14732857142855,73.19277556078906,256.11344285714284,24.020011939532964,138.59874285714287,10.87545039420137,129.76227717884333,14.542837615722233,270.14859352452896,11.690132377329586
mnist,200,0.9,600,200.0,404.4580857142857,68.50989324005754,241.01044285714286,20.21435323380445,133.45087142857142,10.95729961965529,114.1152641658062,16.161694119910248,247.7525449724993,8.260098963462028
mnist,200,1.0,600,200.0,342.6633,52.67264989912425,210.32241428571427,13.645242201685283,121.8964,11.237051400739304,85.26885469560767,17.974255937854988,199.99999999634034,1.0571595151683705e-06
mnist,200,1.071429,600,200.0,305.3892142857143,40.46697469309047,191.52797142857142,10.916451040217668,114.05957142857143,11.522608575654868,69.95314842025732,18.09568873553855,170.31945290515958,5.423033976242499
mnist,200,1.1,600,200.0,291.9742142857143,35.83084514309378,184.60215714285715,10.300523893938204,111.04352857142857,11.659252835925672,64.8071604409782,17.966970395592416,159.53784194207478,7.360191612234962
mnist,200,1.2,600,200.0,250.72444285714286,21.51186641908249,162.8019,10.00413624978617,101.00397142857143,12.150787685191947,50.26780555533191,17.03315698563046,126.63634886731877,12.811002133543175
mnist,200,1.285714,600,200.0,221.49604285714287,13.04040693047763,146.6781,11.143997504935111,93.07381428571429,12.59787828031015,41.11880576006678,15.916613659157901,104.01633068217679,15.784294300249115
mnist,200,1.3,600,200.0,217.0855,12.089038294788264,144.18667142857143,11.383332279159522,91.82091428571428,12.66171901074016,39.824286568457936,15.718642709675578,100.69925526664726,16.139653419042894
mnist,200,1.4,600,200.0,189.30395714285714,9.47831035565745,128.21244285714286,13.101362940152137,83.48438571428571,13.123899101359056,32.20414754331848,14.315917142234014,80.64904479318524,17.699411773806105
mnist,200,1.5,600,200.0,166.18438571428572,11.666151975195906,114.47491428571429,14.56174241413129,75.97264285714286,13.484677341905742,26.54396768331472,12.966361240423504,65.28771779644043,18.029352003757555
mnist,200,1.714286,600,200.0,128.34505714285714,16.907994512221315,91.04514285714286,16.412738671345423,62.44515714285714,13.879131023781932,18.555950831334712,10.476175044279437,43.353330003467214,16.647488832163127
mnist,200,1.928571,600,200.0,101.6802,19.186317653548247,73.74647142857143,16.94779278862963,51.9145,13.754909400179374,13.814668636599656,8.562728543562951,30.550019488281908,14.404972952742074
mnist,200,2.142857,600,200.0,82.34915714285714,19.645182342996762,60.8147,16.669065220898606,43.697114285714285,13.296219772705385,10.80102436091848,7.11622261576983,22.678995855471012,12.262361496191147
mnist,200,2.357143,600,200.0,67.98851428571429,19.20118923604388,50.961328571428574,15.992015113104262,37.238528571428574,12.68287613192509,8.774642567044163,6.014968878593597,17.575394638829465,10.450699239853057
mnist,200,2.571429,600,200.0,57.0975,18.31726646890461,43.33268571428572,15.128285907571435,32.11137142857143,11.98605007518732,7.348243183876684,5.16437574443419,14.104774173977333,8.973969219618892
mnist,200,2.785714,600,200.0,48.66892857142857,17.27817219981114,37.320614285714285,14.213988810617776,27.997485714285713,11.290937932370944,6.305851294201551,4.4966557210871505,11.646887974251246,7.779895782149551
mnist,200,3.0,600,200.0,42.00142857142857,16.206303825162273,32.51271428571429,13.327560426363384,24.66412857142857,10.613204933237554,5.5201114206374955,3.9640797078313774,9.845764956491987,6.811453224155649
