delta_rho,top5_mass,sigma_i
20.714433560488835,0.4157640360482845,3.2406848287278223
20.593608292970217,0.41960642966122713,3.193768251145243
20.35630853376886,0.43021649949810703,3.1461854686918596
20.638674859192218,0.45039810344751563,3.075879592883222
20.512920366516244,0.46366946329949316,3.01205133340133
20.818432455033307,0.4895493204641906,2.888130220079133
20.995689261665216,0.4635158088500356,2.90391598243975
22.224005989495673,0.4839006521086695,3.0627537211186118
23.810655161482103,0.5174670008762324,3.227378654733144
24.0402770877376,0.5217355207908717,3.209968260203484
23.657813789990914,0.5223584527348449,3.1012651631189723
23.03434335355943,0.48882350444457734,2.954999309422974
23.450554650592487,0.49632532030033505,2.8363692233668436
25.07218367065404,0.5394692712301645,2.767506921623105
25.917922507742734,0.542170116654321,2.7651448350627392
25.688049963281646,0.537691532244987,2.742687697918686
25.054570067824947,0.5343239552835504,2.758194750971751
25.03975700765749,0.5366426113807163,2.7414293226693394
25.221606621482568,0.5353261997472091,2.7504729283631706
25.11740022882429,0.531365494412847,2.7606393733494916
25.142537707537954,0.533940481931994,2.7672643777073325
25.158052482615894,0.5273922095375089,2.779193852896135
24.851469454420904,0.526221246798,2.7742223346833526
24.130997686437112,0.5164866415166819,2.814972019170724
23.168933402643592,0.4918855190865961,2.8277799713270833
22.523203564141927,0.4861792100948578,2.8947003695140983
22.274287838435306,0.4937440964335809,3.0069563796247714
22.715805563164686,0.5022028720928156,3.0977155527535416
22.00632445528958,0.49882295517429465,3.1115566210971313
19.453484627355714,0.4482081353301857,2.927866161833374
18.195708887317224,0.4294149168828319,2.8569711556370514
18.191147948376297,0.4287838676163316,2.906254154726226
18.617534128426424,0.4137667045809355,2.9857780633944664
19.053943066643892,0.4044338741258833,3.035410115107107
19.568331466701203,0.39826609462548723,3.1109965404699653
20.048456118553762,0.4034078089734153,3.1762666687069765
20.30343306640943,0.40663634953605765,3.1747550368341013
20.567850122754525,0.4130619179180193,3.116163607068581
20.098276994363328,0.40179032853688934,3.2468856691760855
20.19482203675026,0.407476828724786,3.1646114413948836
19.643961504083205,0.3982901535581674,3.21899594255809
19.29249576930569,0.4112357646272048,3.1211680085866784
19.18986850434576,0.42554769152179195,3.047538066072071
19.42506407652252,0.446098869927102,2.9415815892489166
21.965814514981336,0.4980298583195434,2.8796555305615206
24.72879356206176,0.5276239153760899,2.8700818609999406
25.42513139580231,0.5352248747518276,2.870273527126566
25.28177504759941,0.536454257867745,2.8579390491177015
26.018741720642524,0.5460681799254288,2.841967573660645
26.353397840922984,0.5520418411469837,2.816387720059971
26.330457084923818,0.5511172375714222,2.7724321986559493
26.46446175120074,0.5492882265219635,2.7541812608435525
26.98815383106629,0.5554935426508111,2.748045295402233
26.86973226169732,0.5518125150398615,2.8139302361572143
26.245670032731727,0.5476087037856289,2.825217298230025
25.7149064446156,0.5430831058532793,2.8960313700722033
25.602409626222546,0.5395007896848977,2.8904074086552263
24.812803621849877,0.5308304838284281,3.0086691389618605
24.348239291102722,0.5246501549492388,3.051649271821875
24.546093815542985,0.5266635779906962,3.0813336297546714
24.54048137204768,0.5316463351363891,3.1137279948373418
24.60170704740653,0.5348448273074123,3.0969504363124467
23.667622596301612,0.5251251044585944,2.983914032314787
22.25788369806942,0.5022039576689677,2.8886587839136264
21.274636498532374,0.4783599814599583,2.922364432568239
20.928806948578284,0.4524315182349612,3.044250275893867
21.080346362331735,0.43950468859855674,3.144049263074572
21.129380394950086,0.4307282041426045,3.204854775590943
21.13323726218587,0.42767277893122285,3.238803952372904
21.22680087961948,0.43038434498635114,3.2397601956321855
21.050242301633407,0.42275123807299053,3.260253815535399
20.929520307132194,0.42304426453270316,3.2461025007620776
21.854284321131242,0.44157520653661975,3.086788732987108
21.923847087907568,0.44514290151074976,3.009825607270081
21.34563562492019,0.42520966271614236,2.969975488037297
20.98118418000204,0.42480504767258165,3.05932091392225
20.726666373282544,0.43138856650260515,3.037880267962159
21.03928710298868,0.45950670349574063,3.004108269442833
22.24580646686156,0.4910067214757529,2.9695258815589827
24.645118187766386,0.5317029485581014,3.0463241170113564
25.030476818324775,0.5454078950520929,3.1647625754667015
24.5926132171536,0.5419489606126323,3.2091484576797487
24.203709190921142,0.5385458395970861,3.2631162931414606
24.494482344963366,0.5360796554419948,3.2087860530135286
25.92972009646051,0.5444879417854505,3.1411042944785277
28.194631490858107,0.5551654577919586,2.914659543701359
29.81671163896159,0.5394745303628001,2.5608404136637284
27.62170513978911,0.49648959828327355,2.2392050483798482
21.800377804471395,0.47638353562899144,2.002017207903073
19.20423017109202,0.3991752958529689,1.9397418639236454
21.512995239321732,0.47275562502224183,2.0955467069650577
25.474719644126175,0.49531319072919977,2.17175429840432
29.93271380885076,0.5368280372409201,2.4238876059137726
29.758653363442,0.5533148513138809,2.7190802752895618
27.303691077690438,0.5516083152551609,3.039546012849283
25.984843594952647,0.5456689412073678,3.255636824202417
25.487364045464684,0.5430882174751991,3.4357676990698076
25.113213812956257,0.5376931726878188,3.567273033173082
25.01135723000234,0.5376491878147401,3.577119321465112
24.711220811171792,0.5326927844697615,3.601461246869099
23.978003768489856,0.5194162230408316,3.5550841129861035
22.381430658243215,0.4895090604050799,3.420982077295637
20.41642526969781,0.45315589078899643,3.395497226650888
19.88711748866502,0.4326118817626905,3.35346799961787
19.858365286032903,0.4219180320486638,3.336673381204334
20.087430387056614,0.4111193752068041,3.275462835954522
20.405035812287082,0.4003491948908385,3.272150044820815
20.869982533855758,0.40493887939533774,3.3154961828771294
21.682436285999486,0.43288454093005874,3.2859693440486
22.035988538547944,0.44414604773767563,3.290020332860133
21.573056084502753,0.42767499780452933,3.2443587255554425
21.49324480516377,0.42056492593311895,3.2643264234605094
20.96878451176161,0.41345732795299883,3.264741161243439
20.89333874369646,0.43937497792548913,3.150888556619008
21.247460794883757,0.45498414245437807,3.1833342293350153
23.077749091263723,0.5105592696833302,3.2018923021810823
24.809474140258338,0.531979213679525,3.2868833216218842
26.65463946951495,0.5530770631343793,3.3185067825649237
28.18753008655727,0.5727303620130962,3.2938818304525643
28.66783084786439,0.5717956290682455,3.244423862857199
29.06816481869812,0.5652051897909769,3.060359111034831
30.394974768744675,0.5423267616259806,2.7450518295486015
31.55808821070915,0.5213951653148328,2.530795460531438
30.984774106977735,0.5069814705493293,2.2217652274925404
25.103064409813076,0.49920787983631876,1.7810985302180817
28.647677364035225,0.4810550912648971,1.8208825880204944
29.789793359924573,0.49856956519120693,1.9241798598850857
30.393529982585548,0.5242955912144494,2.0351660061747143
31.569510671123528,0.5083098497812177,2.5076506622889005
29.943131594462564,0.5286181614750647,2.8069546892484225
28.728730320198682,0.5549919077379972,2.997036086873922
28.61136251096763,0.5630687410391364,3.203780125096469
27.86058127486331,0.5683219018523454,3.224433264505299
26.00568053529562,0.546671064762719,3.237978051157362
24.560091353159667,0.5256190541976439,3.238253281356434
23.554023900885166,0.5092059489416609,3.180216241529585
22.952892127895197,0.49635662699263916,3.133477134430862
22.182009055658874,0.4777887479211807,3.0882764165025027
22.616103120602457,0.4848055489193468,2.797407018222048
21.91521222974162,0.45534118715428684,2.800491462371428
21.04303580230765,0.4224253221385362,2.8952441218739087
21.190117064777702,0.4142127378106363,2.873764046711337
21.968625127248142,0.4349089931197695,2.903005623681842
22.160107263890858,0.4481018973209235,2.8917901472272294
15.91355064185058,0.46702332155487725,1.3631685230982573
15.753760211055223,0.44765437276132014,1.25930493965815
18.186824842056627,0.4763013365207197,1.352011056102414
17.846038870192164,0.4547835971783357,1.3682309702687523
19.534506230720766,0.47360730835062975,1.4561505209864645
19.824049751564363,0.4742419388563279,1.4954531347203746
21.760178897200174,0.4998147456298152,1.551180451714262
21.230857263543168,0.4944003327992651,1.5451645080745926
20.285896696414703,0.4735610740384634,1.5379051065136635
20.374927491179694,0.46148830597643214,1.6021292427910734
21.65086780973343,0.4812842327116716,1.7500719770489188
22.644408225369357,0.4752705083214219,1.9368528200608468
22.824347449820625,0.48200334871106126,1.9493908454685431
23.17299793836713,0.49119194213910033,2.0890217055988622
24.297552206834112,0.48041534688686294,2.1798881645207495
24.477755848858372,0.4486155327633043,2.1579520960556255
29.346989064453588,0.5385110578636508,2.425274075011751
31.783370089753685,0.5089345404257088,2.35949711232276
30.482738848854954,0.5364844906706715,2.4079391228540596
29.8336225663406,0.5073005479260596,1.9333905419203978
27.67299382581634,0.5118515848768982,2.323076739547814
24.66651668412612,0.4970496165229039,2.035250420455628
25.580727838312175,0.4948973006945221,1.7490301154474952
23.420239101244626,0.4881134449900883,1.9498219382305821
22.806882944325878,0.49323192875067756,1.979883731013862
22.001187800643194,0.4880560851953308,1.8974939956046435
20.044121122387356,0.46992293257013384,1.705388104869026
21.214138756194902,0.4889398020987279,1.7245216716612508
21.52606692517759,0.49465953769996496,1.7144757912202933
21.52110248516289,0.49986051684416777,1.6526450538753839
19.922643305378102,0.48025327715493277,1.5954414310384941
17.654433688428373,0.45344944063474946,1.406588098563562
20.686695831889576,0.47535731876589826,1.396916740176147
18.309286324086,0.46577939289396486,1.377519197497301
16.417759336688892,0.4577937721395943,1.3975306574842123
17.633100343210614,0.4839447979190349,1.4477146494922735
16.40345285141347,0.44849644022371676,1.442373700097734
17.934004844826195,0.4879470563196693,1.5100551390101717
18.22120509424285,0.4799674350916736,1.5180385648679402
19.135313510546272,0.4896451320018551,1.5638272406121092
19.025576525796808,0.4914183605672231,1.5759516870097614
19.293314002039427,0.5001255693552414,1.6304988328399066
18.514497638332134,0.4843925510662573,1.6788419329045396
20.48016329417955,0.497223994483847,1.7489995006214298
20.979264069992183,0.49341140256786303,1.8974158155944911
18.578970164962506,0.4501471780369937,2.0201207790047064
19.293960032889313,0.4492633922294911,2.2026446537142523
19.110821939459083,0.4359636095337522,2.2381992363141947
21.80912638203633,0.45999667760223084,2.208754239320627
23.22265420718021,0.46963833982394004,2.2879154386217357
20.814801522964647,0.46783091906253577,2.330464857615743
23.44831427174872,0.4842583425637237,2.4990331777517856
27.87172190672403,0.5075826130874196,2.7259312938353952
30.075916333772003,0.5309946356809421,2.6472412478849443
29.9066090930024,0.5314782152388775,2.6515242744962095
26.51875421516578,0.49559292800286503,2.608191419365316
25.593290959722914,0.49272740186589936,2.3598604887511674
25.137857988720807,0.489217919511702,2.2254034545645376
24.335865415971647,0.4842458457201091,2.148635298492893
23.1779774015039,0.48048481119891817,2.0910155250765716
20.990504436554158,0.4535495699678792,1.9789444106919534
20.622631529863945,0.4663236636736731,1.9211838440119926
19.231345011577623,0.47016655788914463,1.8322677373179188
20.343968744125526,0.49362979228270404,1.7459562643247124
19.212225091028206,0.48531596591067,1.6914648107491708
18.703966346184117,0.48769963371163405,1.6259786603362079
16.930656371231773,0.47418071935332673,1.516200341946525
18.008306470657153,0.4850612962846821,1.5023450895202175
16.987559104783138,0.46829614438457295,1.4681399665410109
17.11027762849523,0.4650947009853533,1.4996682314407368
17.351497553954587,0.47595598797358246,1.502079990525161
16.299544301613285,0.446505312707031,1.4132327307222705
22.416181566196347,0.4720917871420635,3.1935197378778444
22.405898347210307,0.47176465089361985,3.136974598636991
23.17938883626618,0.4877992599963552,2.906558532148574
24.754413410684258,0.526344650306123,2.797688899657482
25.839272061023173,0.5466063459263771,2.6675713513761554
25.749975183711044,0.538451806090917,2.568926472497093
25.364730648190367,0.5417237407682887,2.466932791926834
25.602597144367373,0.544409098497863,2.3413070012085515
25.464576893993954,0.5465809505369483,2.255244024210833
25.232885441290605,0.5389665973265841,2.165335593591502
24.4442763077478,0.5275307343949451,2.1773242158072694
24.36338604209998,0.5239211878393472,2.1789206898449165
24.133947081939443,0.5222952739650747,2.27853930133428
24.090579189492512,0.5186687978589166,2.313051040206172
23.72239605811383,0.503150405665358,2.3688096513069157
23.259866007969475,0.4906865370171818,2.3846476001001213
23.132690321075728,0.4887745578196656,2.4196613565798306
23.150543949039044,0.4885518432133249,2.4291880205208405
22.890808305837517,0.4841283964318478,2.4503217880385977
23.090418926746985,0.48588111494476427,2.377002787891204
23.528230460336932,0.5010198451080943,2.376951556622533
23.78255252775196,0.5073497080447236,2.4224628391698824
23.952230208201676,0.5140241808449215,2.391492230952215
23.4154542307974,0.505177242129823,2.3729274667113165
22.559813697333265,0.48632875763090505,2.3858123517122714
22.56434689666248,0.4904433730554197,2.3879651559160893
22.071075275855065,0.4902776939618127,2.421961376840573
21.13394514152456,0.47019985999326575,2.5356323870354007
20.07072404188913,0.44953158414214733,2.596009784332415
19.36318542315809,0.4300061468420884,2.6103599712285925
18.547454901463254,0.40522752855467586,2.6524759183506617
18.119486029187392,0.3844772647277199,2.6911981185272853
18.74405527625586,0.3864321187773124,2.783204761208879
18.90319091758998,0.38718444340625136,2.8096054154099073
19.510459622300466,0.3975567094540058,2.8744772701648835
19.794418400737893,0.4025617649047629,2.796979138921175
19.964403043961134,0.4024751424107603,2.797626251974562
19.856817487750725,0.40596669335318974,2.6685313231720595
19.916894428521175,0.41360369521462137,2.5685546902408842
20.08118438343021,0.4253628785715313,2.5211887890374722
20.475104890181903,0.44652651841182833,2.4360384548521465
21.94154483555709,0.4937304128841199,2.3056397488457603
23.69181949631805,0.5099124909539132,2.2005482242614605
24.155744157206627,0.5226375320733188,2.133833509183276
23.629595522678784,0.521032105943857,2.164058668658242
23.172586475957072,0.5074522600153755,2.2361276893483146
22.533888180770038,0.48859894932088055,2.3435010098474365
22.159500939353244,0.46888129297369385,2.3910227893005778
21.67229773490679,0.45847381419588507,2.484032426962594
21.264436984426077,0.44509372546690684,2.546460180545264
21.072356645909487,0.4390996964885622,2.573311104512338
20.70084919803716,0.4319348369720152,2.5744901033123626
20.437929864646712,0.41829679401280107,2.5907865866617463
20.504197810183484,0.42208135914851963,2.595009279503051
20.857112052366244,0.43161283875987383,2.6046790204545873
21.16908134405053,0.43999655309819263,2.633243567200246
21.553789272920913,0.4511327447580152,2.6048307056404334
22.278549291307776,0.4837660737999452,2.5769508847169886
22.51639072763002,0.4849871308871759,2.5228716317590516
22.140769371022188,0.46862112898663094,2.4770746246838433
22.761308303189743,0.4879501334557742,2.471556042570427
24.068547205504263,0.5153908982651308,2.540825596167781
23.860373584148107,0.506762736426528,2.6067036711797544
23.814877971209583,0.5047371147953577,2.742569651620193
23.003874389584627,0.4879217449796238,2.8483482137735616
22.33648228772466,0.4733866914302495,2.9938577026163236
21.708394262875437,0.4518419882175924,3.112893419657255
21.556379100164833,0.44283629698227833,3.195462793078485
21.705541406167253,0.4435130190714092,3.250384205153033
21.978130195025745,0.4544114887974796,3.2346968918953998
22.181057080572344,0.45984795701506276,3.259015195665887
22.321129152645263,0.4703603007765182,3.2918388172119863
19.795357155091537,0.4584220407997289,2.3110708493888823
18.87270208344641,0.4452743276018458,2.238316867706608
19.897379876430307,0.4488821510628096,2.239590612258375
20.414162187599818,0.4449506479698257,2.209000914961671
20.552951856939426,0.44176448606786994,2.177393126727947
19.81020100710832,0.4320872984438844,2.19100724555628
20.081446474589917,0.43893420780588527,2.226318438336842
21.278319063810734,0.4715223705291456,2.2372481729742213
21.823136575091482,0.4730570020284154,2.2157859249027836
21.960121697189155,0.47232607877223715,2.1784472944366153
22.311550624047804,0.4887868439222945,2.271699742843914
22.114292006328178,0.4854255154530651,2.3616547687006815
19.771767070247467,0.4519939058531692,2.3678468441098497
20.314731310433615,0.4446733216334176,2.3857346485009043
20.01689234164235,0.4455834934648957,2.361705017209048
23.65434177117519,0.4851885970540529,2.334446254604119
22.90699117959747,0.48239767392233346,2.0512682225896457
19.70104355008176,0.42351409414886776,2.0051236870287417
26.488067352666306,0.5033053790130898,2.0779898474228697
26.558433133948153,0.49366578030966335,2.2829632472167467
23.286015458931594,0.49409426542816903,2.4933077364623366
21.79541593045062,0.47694371839681815,2.4750189006705483
20.952170212107596,0.46598676179638876,2.2789568342744952
21.341805804777326,0.47859167329598096,2.1579377209049637
21.45075988090539,0.4876179828751626,2.0683787768468624
22.60551845924722,0.4887924551892597,1.9798541257185223
22.466092509306414,0.48591777786007045,1.9615058667763599
21.89416825303797,0.4688671063838425,1.968379250853191
21.4387099664162,0.46016217079889443,2.0462818445730098
21.37005425513786,0.47802579041333837,2.0862104741055614
20.609977963218316,0.46773189298802975,2.135568322147528
20.807431838296328,0.4668800351036679,2.130542522980029
20.011307727554225,0.45668681771430736,2.102948729743986
19.433964806383756,0.45491642733209603,2.0440709835124773
19.476008873457555,0.4619418312213107,2.0560010765648107
19.699668225305597,0.46800020225097616,2.0392419098440557
19.137593453633457,0.4565665708821843,2.0057544153324782
18.82772740224507,0.43880719554990183,1.9956502180428444
20.142041644586858,0.46628638550669377,1.9972742591481525
20.97029150891277,0.47321481898770223,2.038336729497055
21.059382307744595,0.46439115811530074,2.054304060302439
21.341985627702485,0.47658374492462197,2.025749813516907
21.49146103286143,0.47987364860815074,2.0229886362514797
21.19688228798474,0.47034106852358304,2.033251420485311
22.10497981524032,0.4750978422238147,2.06380319581972
23.37960287299356,0.5027749913494112,2.0932162085746926
23.23230721191222,0.49572535957292707,2.154143167836848
21.49228031160371,0.470803438795855,2.1782304246349673
22.4305581240855,0.4842401303649194,2.258115537561456
20.98210142201269,0.45495110787570614,2.2435756998689107
20.545929946353038,0.46580198089776437,2.3841046328255375
23.86368006385348,0.5054180646443643,2.3603619732149386
25.681984845564664,0.500847853108466,2.094362962996195
23.160440769176084,0.46407851355313295,2.089430452291213
23.1187015272265,0.460642620629157,2.0826348065496556
25.77158537558691,0.5023026100858077,2.2422843960122663
21.87711412051154,0.47651115751315615,2.362157398163807
20.84995371533643,0.4490499252720363,2.300200332109347
22.003800209299452,0.4854669011011471,2.1859990853535707
22.117769006495607,0.4953910180083641,2.0717032967873985
21.65425301895775,0.48590637389006647,2.011690762626578
22.15501315926693,0.47817656471798364,1.9778588334395757
21.70562502485029,0.46605403221919206,2.005546670779778
21.701303291775403,0.47352495796875127,2.0000534079009458
20.956740801644848,0.46304809984353557,2.085275916008478
20.563420143059187,0.45932052535249757,2.131881113826155
20.623359755329485,0.46169401316108866,2.1732014959109778
20.69134892093385,0.47013772988459535,2.1958884014049143
20.55383499760563,0.46794854431054417,2.206220328154263
19.367710750254517,0.4455099349893394,2.2058107980927915
18.703543743014414,0.4424243011360813,2.2217966054765896
20.247335592457087,0.4670636656972007,2.3172640358605903
13.360981761531445,0.41322696821036353,1.3429303203816119
16.825426920921174,0.44774678756739916,1.452098132587348
15.688566740058079,0.42520243860775175,1.4892785009860952
16.37004554827641,0.4357119049245364,1.532028004276629
15.665856225184655,0.4261213343009166,1.5651272835648056
16.144748285143383,0.4302996967617214,1.6157691611038028
15.744375506870764,0.4268231081012337,1.6820460226417888
16.576263755367716,0.43798740085382465,1.6808763072315995
16.63638336659067,0.42118831797941214,1.7372009125311818
16.21526866150208,0.41410174650459264,1.7459562643247124
16.55384479078866,0.40920297477384976,1.8441143172453478
17.489445596408547,0.42365060367255913,2.01648267059863
19.524554848673084,0.45697994303244993,2.1545055083881075
20.68227625791731,0.46200502090108875,2.319212614894757
21.99305783716089,0.4851147783634879,2.396937025968751
23.991517129235582,0.5115694177025971,2.5617618170821927
26.023353396418404,0.48827603817169757,2.583602444542193
30.851454992062834,0.46787980074127633,3.145903358849342
31.322309826751056,0.48405778458898063,3.1971756186849394
24.484214977500386,0.5022256296927337,2.5399344048008965
24.30577122088104,0.5029280900851413,2.546869713505746
23.134567058801558,0.4908314854699022,2.431981608208632
22.220148615869864,0.48782525357971934,2.299863820727283
21.548886305221643,0.4831584723731379,2.1164524993545233
20.348712979933282,0.4700938963369443,2.014951777542083
19.066115923417495,0.44993286813907435,1.929316372378075
17.66034683081558,0.4324689158853933,1.8734354386394088
16.7474361473759,0.4264095752564913,1.791063965903822
16.32277163306655,0.418422019482206,1.7337811929402762
15.746694754800806,0.41637543204012706,1.6378152078348285
15.64627748655099,0.42027950814494913,1.600664476203998
15.418441660243623,0.4147084323271542,1.5830543116684341
17.293620160087574,0.44986838741385365,1.5213924922410529
17.401089849049214,0.45421703119194207,1.5208889921912212
16.34354596809219,0.4434082508319951,1.4694938488253284
16.647568341931372,0.4570337204008939,1.4627377405680115
16.65136260404333,0.4473828511995581,1.492844610391512
16.747068047815226,0.4547557634261292,1.5209560966494238
16.41572406716627,0.4393158300991414,1.5019248757276125
16.45027400747565,0.4450731498612535,1.4576663833112655
17.561106020115236,0.45526282203438206,1.5628506911297255
17.07488165746737,0.4467032887009943,1.6270702600716238
17.33136094311661,0.45120406530193163,1.641717256210994
17.02871670869644,0.4239692421450697,1.7061738431761961
17.432610255174666,0.42728196870871366,1.801923488943947
18.36699838236917,0.4303552622756499,1.8373100586937057
18.081816616558413,0.42780218086836946,2.0074109845591614
19.233766116795927,0.44270976224658404,2.096389702657339
21.126681764685348,0.4663426984761423,2.198498304099036
21.74749517359976,0.4801677727234494,2.299330346854544
22.638850973549562,0.47366513571734625,2.381923578673002
22.813758819743118,0.4581065667839108,2.396306881818535
25.130975000862797,0.4993051474316387,2.4533439016886587
30.83285626466706,0.49170819014735745,3.2862400727282806
29.95804166042317,0.49465465144119497,3.3003851260500694
24.439803011274545,0.4897012815485192,2.6035169803776697
23.070465042741873,0.4954162359294315,2.379452943198321
22.807496760915637,0.47951912348089226,2.2889554963476906
21.97773009202441,0.48508969873608854,2.2302435518548416
21.86399897566213,0.46753016731148145,2.1036053605159157
19.617718495326507,0.44102080748001765,1.94449230489837
18.462126524379062,0.4243610779800028,1.8616212603974989
17.58901614619794,0.4178964577441129,1.8257790042973607
16.32309160410612,0.4056129720805388,1.7861853835211936
14.771215005380874,0.3956476719005954,1.6884178122650095
14.48936600245111,0.3938353491681044,1.6276456700342155
14.27919927987227,0.4085715059898603,1.6015334516932482
14.978600615692947,0.4143343147363097,1.5497373175961662
15.289124237330121,0.41843991066228453,1.491071003242293
15.664950297040164,0.43945046312097685,1.4442776732077436
15.365179955182935,0.43770611228396544,1.3887736675819347
15.820132676436462,0.4443675021603679,1.3794777471154525
22.969035532197466,0.5060292001514056,2.46047235890851
24.998186709751756,0.5345378976217532,2.4240981416384058
25.30757128189305,0.5347568902828065,2.2719233815633686
25.368292200891293,0.541429522312953,2.249501140968727
23.216897054606722,0.5179354100902023,2.371348977384497
21.72804383379154,0.4941260552557013,2.38991548142748
21.22443458136549,0.4810846839850871,2.446835677025782
20.481488551500963,0.4622674107027759,2.4997330139664227
20.441924508999985,0.4605611862752438,2.528795939071693
20.612412296250557,0.4594493110240759,2.5580023407024086
21.28023943187559,0.4751463359319434,2.568732479005803
21.79546160666185,0.4854032332902283,2.561601501564211
22.14429504364071,0.49392182031767584,2.5413028471627053
22.362826205518378,0.5083657888005918,2.472276272693527
21.484176657845854,0.5012309677557939,2.453076380651767
20.81264197472272,0.4881715093205257,2.45884035521482
20.456299480951337,0.48002247051679675,2.5456889051258886
20.22646144630636,0.4708334617358732,2.5350417906283913
19.221633344386554,0.46738367637365874,2.652031097448333
18.20883335267654,0.44792825099716144,2.6104108615559833
17.55206985410387,0.4399410438194586,2.621748352518627
17.524088576712643,0.42476736873435955,2.621439060476409
18.326509185236812,0.4171050753971464,2.6011304212435205
19.10931688865072,0.409531067585002,2.559040539662721
21.218038526089128,0.43490718155134656,2.556264193430942
21.669859507333342,0.4397420464776025,2.5081621238057927
22.014401353655128,0.4424924390440149,2.5004483475091708
22.11437780507034,0.4438376854902174,2.4954538672956543
21.802027945408877,0.44222417510137146,2.4678926350350503
21.388663017638578,0.4421932890416999,2.4411832675843073
20.169175069520808,0.4345883525394383,2.379632833906614
19.173413749350015,0.42867239582059347,2.3305735003381063
18.65101724424692,0.45405067531849663,2.280821603616053
19.058938791999157,0.4555126102774483,2.369469091241464
21.039414617459375,0.479199947557967,2.4072470486296638
21.695807277696318,0.5046374536230818,2.3803913932792637
22.546173402159916,0.510128554500179,2.3807259040351987
21.846675216918115,0.505096516865124,2.308192165877589
22.681156841434262,0.5053236391719702,2.250391838961377
23.91703830283103,0.5086760026627711,2.2013718341303314
25.078376404581277,0.5430603075644588,2.276747646656389
25.1442459315487,0.5387121495584009,2.331443189459639
24.791427158632356,0.5333464885511987,2.344133390407659
23.32200223329891,0.5130740495440187,2.316125680723618
21.306044108691093,0.47616414354233855,2.3049971269327476
21.393817551691967,0.4831317381874674,2.35612198956209
21.76176750697834,0.4972000518235329,2.382658531359808
22.505713485802726,0.5079648455692644,2.383768696034415
22.702539632487778,0.5115741164672534,2.32175074489527
22.15044529198995,0.5039103236106377,2.243241899330513
20.4912375096432,0.4842526070094979,2.1617813006835087
17.88380673746528,0.4470471461277955,2.149098985420384
17.423157430256484,0.4257617142289796,2.174631975173212
16.93745728442974,0.414735463924682,2.229651346971365
16.480158176706585,0.40759697573633946,2.246911103315254
15.75774622195727,0.40136884662514466,2.3582453763476403
15.774580947256169,0.3904208032125385,2.3678341834183105
15.826985658724702,0.376019792374254,2.348006350044437
16.034758892991523,0.35901350801586185,2.378952034122652
16.84899106808102,0.3698105948495401,2.4273582468825037
17.594214520178586,0.3832315171864053,2.503525308820894
17.867270321014658,0.38713723764796293,2.538466766974343
17.568860464320387,0.37917123263953045,2.553496863950601
17.703470286002737,0.38160181888133626,2.568570851330454
17.62419158971393,0.38540913309378444,2.5457046384359745
16.6746838358658,0.37739075572437775,2.5233618190919445
15.74364567688282,0.3681095174488291,2.457084262997587
15.517810087173217,0.3678584275242328,2.4105664440096906
15.02489024283997,0.38756396792848286,2.3183090039124923
15.46988047487216,0.3987331698431351,2.334446254604119
15.614235553888886,0.39628460060778437,2.3364263751131236
18.53133590943992,0.44495322083569505,2.400913118507901
17.764196228535774,0.4478118465330021,1.6355740757603816
18.809145896815384,0.4591464335799456,1.6448318938566433
19.863350945672682,0.47669468240090185,1.6525073219763302
18.875884465347777,0.4614842583414335,1.6302921763753901
18.331953026952824,0.44956661712961904,1.560787022182265
16.73659058859904,0.4230965669317068,1.5341448064979792
16.663946216817006,0.4185844544552668,1.526339837817949
15.13022372269024,0.3972006016243448,1.4659478667244037
14.84964622137483,0.39412266001165885,1.4335832558453572
14.265374957433455,0.3929022334759791,1.3739335960371517
15.376670510567298,0.39336383510430606,1.3510880979816684
16.071399060906298,0.431407203939543,1.3443646453461429
17.57151911940216,0.46273908703739847,1.358171413309324
17.143364175356304,0.4466956556107105,1.4511762802640582
16.61734578135912,0.3963654245084785,1.5943581074404118
16.880497289863445,0.3895247599241096,1.6862645035846906
17.257634680022818,0.3896807933657565,1.802749849372992
17.212668789089992,0.3791579054495855,1.8120062730208564
17.13434621016348,0.3859250719841982,1.86728296567206
17.95618628442416,0.3796898562860847,1.7960932459589405
19.17398467971858,0.4335411498852585,1.78397212543554
19.117269822745808,0.4334139695985371,1.7744222471489994
18.557837545550218,0.4406626081198941,1.7176759894482627
16.967612644271533,0.4053885454391509,1.7148604098071538
16.292960708398027,0.40782433525947787,1.76547525673568
16.113629040335137,0.4178906115137365,1.8158083496806883
15.015682670461935,0.39514238789724476,1.7468807845188774
15.061998067261655,0.40028882265218046,1.7503889903613732
14.718576395463803,0.4006923800430381,1.7152260373288717
14.844887395380287,0.4168224525038167,1.6982154869663926
15.636526335161339,0.42856578532922435,1.6972261717131933
15.134467269006159,0.4284377035799204,1.6530239942452034
16.338429560659257,0.43671286722381,1.6687708475612777
17.25234549266221,0.4505505153069554,1.6882801204930689
18.26625598544891,0.4649086962198986,1.694649026110991
18.048137068700054,0.4745305688665129,1.6509773734882267
18.82899975243426,0.48962924832346627,1.7272082564800144
18.586617630238543,0.4851612583827561,1.6869233651109556
19.56644154418895,0.4857762685807354,1.7417384227881796
19.862145611932018,0.49696583672327316,1.7721143693693098
20.704014926079974,0.4984219039013123,1.8149867169012102
20.37866992549865,0.49278647909932494,1.8129147745936156
19.123811397255526,0.48242743167087254,1.7459258106253597
19.888263459863712,0.483646210711856,1.7639762705121504
19.759275703098144,0.48078731887563486,1.7397664681657494
19.76311874073721,0.4801248806611916,1.7388531916943246
19.711769156272616,0.47328741777798855,1.7091943451434104
19.38212912574515,0.46375553202952585,1.663785229587382
19.33516597573672,0.4566840449750354,1.7030185454196949
19.56013301258807,0.4497470038426598,1.837215427596906
18.571234464826762,0.4243303830341175,1.8551455254433284
17.76410173657021,0.4065273021137427,1.8979763193049008
16.617947365044614,0.38126540925264024,1.88556693458121
16.164333824670084,0.3596265691804521,1.887462208869584
16.45518571532141,0.3769089413811627,1.849605250140854
16.72879945872008,0.3847368435511158,1.7925781997191532
16.426873261344994,0.3759192876501967,1.7111404930953114
17.500318482976528,0.4053994271024638,1.5764595862945767
17.45472898522889,0.43034980963622677,1.492071046730875
16.103684380100454,0.4353095406583274,1.4123399032934463
13.720899810407726,0.41513572673748667,1.3463245850321444
13.21706710092798,0.4056535131856181,1.398385244273054
13.343828070895952,0.40417152926754824,1.4214765813087546
13.217160281348853,0.4029941238063962,1.41621387308801
13.124030618422807,0.384514108391354,1.4037568897413903
12.750534753669754,0.38077539387962017,1.3855662279925063
13.13640873061033,0.38366120023851175,1.3882426502479375
14.195988396361454,0.40025769275664985,1.4295988339943972
15.644913785922995,0.420139887938852,1.4891840062173929
16.0657933849548,0.42404638903800107,1.4900224877184014
15.839547731181508,0.42667837819081067,1.5023903643534637
16.998668368838196,0.4406897484188987,1.5895562766465696
19.23860560027203,0.46094441584090295,2.3864342508500505
18.288241918781136,0.42022189305022806,2.3987909532977643
20.311031132779053,0.44689614256077437,2.4211217862882353
20.772173598491882,0.44345200891927355,2.4102191982862506
20.410781757294075,0.43710410334791744,2.398869939274659
20.67989410437794,0.4474690059816099,2.345024503131107
20.799303483865163,0.4415155572246015,2.3247524095247596
20.376782662886374,0.43495127561962094,2.2804482835418356
21.01506482997387,0.4391669199478763,2.283303745756579
21.428421888564074,0.46499036427827883,2.351718693624138
21.518857696888237,0.47229593359926664,2.4723339183075876
21.456165276891404,0.4775737533090593,2.566980447320485
20.468177016222228,0.4807515262765906,2.6927795074408234
23.353720244803167,0.5213925992350283,2.7060702244110826
24.977415717037523,0.5277906850113141,2.6154296601880196
26.29894333441169,0.5421944497278745,2.4396447109164647
25.895742959548176,0.5301294163158258,2.3720869108012654
23.96866993190454,0.5275758602199031,2.4387589362804176
25.96051691760546,0.528078730038401,2.318820127725232
24.785914953287868,0.5060563672484015,1.9671004123799671
26.22955095947523,0.5357672560285947,2.4421272458637695
23.25172809553293,0.4993030451963884,2.7841201588568536
23.411148276449648,0.5085158318301336,3.037786692921705
21.90030282357243,0.4912680519405965,2.968801944861269
21.005746598967008,0.48005907616832777,2.757014842997563
21.396143219333794,0.4733402335233598,2.494876087328431
20.850149391979677,0.4636611517417954,2.3630126052659453
20.55991901706158,0.4597656282255873,2.302280694403398
19.89114176296821,0.43670319142424746,2.266874099380445
19.653262104307917,0.41354660826483625,2.2612295664761675
20.22042178901445,0.42760433127135494,2.278370096588722
20.275954590987116,0.43620474763037087,2.3097652957628587
19.696774303940195,0.4296915948041541,2.306165930378345
18.936795911460553,0.4229867613155764,2.339045913390336
18.05369461234641,0.42842490984570203,2.2452361464458734
18.74700480366277,0.4454651142173329,2.365243022011914
18.25802010862759,0.4342030946277992,2.367252011054387
18.5156975205201,0.4386830994661508,2.3637175913548885
20.202180606370238,0.4654876039051056,2.3712345321879575
20.282651643000698,0.44265097787679686,2.3225627964099314
19.592372628370526,0.4214983013755861,2.2557036059207722
19.539423291764603,0.4146878596031288,2.2617369519612387
19.95284155223869,0.43020456503561544,2.306762705168817
20.521452431727067,0.44373060638653483,2.304028368523932
20.419280116079435,0.4337659186189642,2.258972536623707
21.178905131786244,0.45902659428755943,2.3759020450744894
21.348651960974514,0.4679523228327129,2.4558967876501017
21.353078219467488,0.47459111355092776,2.5684577301090967
21.93020612650116,0.4916574023565158,2.8220505247366914
22.582261128924888,0.5059301904524673,2.792742275102104
22.69631684847362,0.49782597761298375,2.611531202331467
26.705623075671777,0.5406744076665132,2.378733788119888
25.90321910729935,0.5317752317987696,2.187175559827334
25.669886567978114,0.5345697961279579,2.3625220052675497
27.4303492677618,0.5314256174831787,2.4349156358050204
28.322188256333696,0.5537153178291144,2.3791189686633754
27.275282885224208,0.5567966258587471,2.7244643694766686
26.16635019862091,0.5494476704434896,2.9434038371342464
24.279710141618438,0.543021148854578,3.015601865787815
21.005308508497265,0.481745185735063,2.817922919821516
21.170994852590162,0.48274653709425175,2.6304879409424364
20.600325863498565,0.46782619946620463,2.465130743255537
20.315395271298634,0.4572712330652615,2.31515466306858
19.864639394403433,0.4482364799461838,2.220908077048475
19.546786776813907,0.42664645725998124,2.201768716992157
19.65497332288526,0.43273003918148367,2.258928564215573
20.392364345331405,0.4391336548135919,2.2405446673435474
20.677812855752236,0.44354591391804654,2.2849061321597732
21.18163277811744,0.4489626271444248,2.271789190406371
19.58384002101264,0.42696011680785245,2.290512515651762
17.83399557762941,0.40950106085021604,2.3635664697893337
18.54269146659035,0.4367527750182509,2.3937127805644147
21.4065753123157,0.45242644893997647,3.114231942660304
21.155417731471548,0.44414709169185795,3.1188942392407872
20.494555280875556,0.4375051924862874,2.9592903900227148
20.67265068308201,0.45072585726663944,2.82538936036866
21.82676596500468,0.4959143939532768,2.720384905905114
22.212040784339415,0.49745746524629775,2.7148436119456782
22.24545268287766,0.5033855077620601,2.676980097221116
22.301518591253174,0.49762090202457065,2.6223156723766343
20.928546411166852,0.47868310724595753,2.536145608410636
19.457788422958256,0.4494914025310323,2.4878857662394385
18.069948064029347,0.4292617674311152,2.423195262456749
17.284824551422012,0.4092247264506343,2.350355457353058
16.279341815383678,0.39320091980119865,2.310411915077671
15.950114940271487,0.3818477542818867,2.303946721848079
15.201147944206951,0.35561958037375985,2.2679969610328414
14.979510706722838,0.34288330899467245,2.2998290176338485
15.074856043221867,0.3374870671199923,2.2958948744118315
15.36056266454328,0.33789664414752973,2.290214604536577
15.215691847862693,0.33928731362933007,2.3078990271187805
15.874973294686548,0.36712376245859246,2.245570838157127
15.944319844820168,0.3781131695768429,2.211420655331602
15.989593542447054,0.38666661433828586,2.1921014116543835
15.917949175328847,0.40353291283918624,2.164232661770973
18.00522937431944,0.4267063858055884,2.193660162645836
19.231908884774125,0.4353139593836038,2.239055160640904
19.93168677041029,0.4520746829269512,2.2927160797311714
19.75643854352896,0.44168542394203447,2.3107883799419864
20.130049434520924,0.45583978645384104,2.3406585600138534
20.805367257094662,0.47001931386658413,2.3404017794727587
21.157603167244798,0.4800357147835489,2.3385700871405426
21.844959663193276,0.48976047840806103,2.312626285112113
21.740713081491755,0.48371390225522903,2.3035969058091395
21.234878394494086,0.46134252569469253,2.3133107280071714
21.881232085723465,0.4694935054370003,2.3266118518576495
22.044756185332535,0.46019667266452857,2.4031468031793857
21.747244594778213,0.44417618351615495,2.4683801483279635
22.36735939738832,0.4642851111466834,2.4884146160504654
22.79291806622209,0.4753002663280138,2.46131091002778
22.36197188082365,0.465157830770507,2.488150148992836
21.554885563326117,0.44965297975115676,2.452513464406655
21.64151210551757,0.4609728311623332,2.411769608400565
22.093899512879396,0.4797116888862936,2.400042481596652
21.794735176962554,0.49496328942948564,2.3963200047529742
21.613608605959193,0.4922456398941313,2.3941445457624915
21.739961382129007,0.4942760895816306,2.3243571035644264
21.32201672675145,0.49005905153268675,2.2363516513919497
20.047004639878995,0.46903546852819533,2.1991370207946264
17.389617147507206,0.42352741959414475,2.1944357471646256
15.782631547738525,0.39627591261014306,2.160568358037371
14.498520365148053,0.35365345372807316,2.202991242748207
14.564359706007739,0.34873211954348815,2.1880142084500447
15.095743937582895,0.3499395340731387,2.2358078602620086
15.044113139438984,0.3428115079622718,2.2302435518548416
15.289066668155378,0.3461366632757102,2.2562510935155244
15.16715269620111,0.34588370885689074,2.2027771537340306
15.298341408249243,0.3547186036574125,2.1877944691413256
15.570326399884653,0.37063946858535324,2.179315421857185
15.488933291730056,0.38471671993963463,2.1562912729777093
16.208629717198967,0.40842904464749713,2.182877690634402
17.318262948326858,0.4197255866331964,2.2365543417132185
17.826211829677575,0.4256866317083552,2.3376558522535977
18.423059649361665,0.41520476959336083,2.4215414724016675
19.08845937349816,0.4274123549757928,2.4679069695385922
19.919901176730058,0.45171508733361165,2.4548238874008064
20.79748359277647,0.47558669358894795,2.495424227788241
21.673386114819813,0.4949231696351944,2.501627005574213
21.2007548393016,0.48663187703940836,2.5751575652280985
21.006040999919204,0.45862115778690715,2.6402891761681575
21.377841757162418,0.44857383329948797,2.803060889510848
21.798706165098498,0.46155843131770613,2.952161206115401
21.727194989424962,0.4605502504244743,3.0425029236464027
21.591372859018623,0.45808076203219705,3.073412557679977
10.623987713247306,0.3193104676837807,2.1933280209272326
11.358933602617473,0.33325891708018446,2.187554829021308
11.085968756261657,0.32562679524587296,2.228679462247127
11.840702105307578,0.3355965582209104,2.266729693745603
12.041313903096224,0.3411204187345706,2.2933369788860074
12.579166590061227,0.355766454315615,2.2767926679167463
13.230851159577163,0.36387201473391495,2.275465662391439
13.096427828860378,0.3536859679632045,2.3001539079641864
14.332265797416614,0.3793872410026017,2.2833264510766114
15.205915849980485,0.38636267005141545,2.378143541139647
17.98963778500705,0.4224049461758138,2.3948253774400565
19.36274663000179,0.4323405925870356,2.4863891875570605
21.045895758736823,0.45134321524537124,2.5140816688830134
22.202357317449714,0.4566354680658292,2.5433165177779897
22.9440600096619,0.47754962743156043,2.5079063539321185
23.360011061702384,0.48720054104402627,2.257402116266822
24.03487664062252,0.5245201516163714,1.9710758717096946
24.268445031489804,0.5124904133621409,1.942357280313077
23.745797958180173,0.5129137198682561,1.91345388071209
24.975287307109507,0.5282581893189209,1.8873083250318277
24.463725414028254,0.5202404764153152,2.106229137065673
23.867133675820558,0.5117405073654251,2.414396079321034
22.55815717773903,0.48091377300212956,2.5361611654387053
21.162407356845456,0.4432343102669491,2.650538136802279
20.9966245067185,0.43849386362433684,2.7299969895422187
20.39709956355759,0.42694956151803637,2.7123091971164754
19.159287077115113,0.40559014316626996,2.6570974729727164
17.648665066961147,0.39970853292671027,2.5864029198475347
15.053419373842864,0.3818898223605992,2.5145970763226417
13.02341263228299,0.3637499715709036,2.3975808111564207
12.103129848170028,0.34320610599963325,2.386745382845573
11.953013376166226,0.34522811289175953,2.408165507391095
11.91836996981058,0.3491086147332127,2.359697575109581
11.356282647371604,0.344686102623412,2.276500077455098
11.571556832495485,0.3468595818940913,2.2933369788860074
11.242840041525415,0.34375973978899027,2.1530096513433845
11.3674730753252,0.34837112176470447,2.143592044591778
12.11883945678871,0.35572212063559283,2.2290596135886056
11.481753030792515,0.3378601139082672,2.225182765380428
11.309326423137108,0.330433768317557,2.239762037924534
10.445036868465039,0.3218034741459973,2.2300319959450254
10.41088405345565,0.31807066905394404,2.1595495257263986
10.361374087298621,0.33789520911293186,2.2558568622722026
10.99049799908175,0.3422915487403088,2.261637654012857
11.834376058676337,0.3521967868624456,2.1772454684803186
14.072287950739227,0.37753817718545696,2.167818510485417
17.248216054655824,0.4168123886881523,2.200934494006272
20.442129162320004,0.4559132741577869,2.2900198793377187
22.396806639797894,0.47431060984075213,2.4047233801054975
22.844264829114003,0.47316077529133466,2.4586844206279186
22.9148686790768,0.48579790366642794,2.259115464686732
22.380055851588235,0.4832144222488363,2.0160605457274094
22.80060304315043,0.49886566876855315,1.9612108445144638
22.97649008463789,0.5013243527406124,1.944625539494086
23.578365187668588,0.5190057701594274,1.873811794240749
24.13182071780358,0.5199454075679402,1.9101286529663324
23.726317133048976,0.4946901923676269,2.2003551656387086
23.177534264827933,0.48643848146108426,2.3909576109329995
22.287387845867237,0.4595300795608648,2.485114825951664
21.559456279650156,0.4462663895806247,2.5412950212075667
20.89602582565946,0.42643541765805476,2.5829448301644913
20.070905552321943,0.4147437109530614,2.57265319613589
18.232956492786332,0.394268083825605,2.542987108189848
17.146232716862983,0.39310569976655296,2.4912850918185727
15.536739882798027,0.37758109641887605,2.4689827697002094
14.422682087596275,0.37257527404623914,2.4702899649281105
13.383779264778475,0.36874916814801495,2.428723357862943
12.005039596327375,0.36593370413727383,2.357995268128974
10.972560673974858,0.34419363829742733,2.291888998127507
9.97790139348006,0.3409085113544142,2.216761808851409
9.468284852054111,0.33294126519900413,2.1901952099812068
10.730261482191487,0.33570236881151577,2.2253298842074907
11.95366615603493,0.40495892948712836,0.9426620178206128
12.41792627078669,0.424031498648824,0.9349044937193498
12.15125224960179,0.42423315380888676,0.9367678889796043
11.890091460073176,0.4187878561521605,0.8751944951806866
12.12629380446181,0.42334991334483124,0.8859457519753311
11.604133959645864,0.4134945577716269,0.8627013717178601
11.778804293998093,0.4308910300505459,0.7924519348149457
10.438506639678138,0.39949301574807505,0.857974178712
11.225070554342896,0.4115093731171071,0.8675573857286993
11.045730090099013,0.41268184257586604,0.8909536742235272
11.147676808475783,0.40919348967087543,0.8268481966399117
10.843881705980358,0.3692491494889244,0.7148718742763043
10.651331047251297,0.3687578401857061,0.766652641963799
10.640429462231438,0.35638224919554173,0.7501237698737769
10.75370368984417,0.33405810179786344,0.7840523617452326
10.9415171628291,0.316505392649118,0.7742092834846334
11.276010088564174,0.34198821636077026,0.7905075987419624
11.484906901636307,0.34188372696026803,0.7787596920935557
11.532990010577844,0.3410544626916002,0.7399276591687826
10.95788013564777,0.30005886918112373,0.7755439567047144
11.488668691293096,0.32737423068966176,0.7862458293673543
9.827460921171994,0.30141065361740205,0.7312972482037983
11.005205790176284,0.3023437717498957,0.7834059628360842
10.394040068276048,0.30750794211129934,0.7719392216020693
9.92339639746843,0.29093874146063253,0.7278780558104373
10.236578721128872,0.3128738360733993,0.7639987206389557
9.449497809434728,0.2953705488849044,0.7098142558522561
9.522345258463211,0.3109451605364667,0.7092419633655573
8.727103615878608,0.3193809519595274,0.6649014226040548
9.278455909949457,0.32299043478719863,0.6941468415698387
8.982140333692861,0.3243460073408997,0.651882940546333
8.60922681602607,0.32336266228126015,0.6742354038182345
8.49531189156659,0.32531278447609296,0.6663278409468847
7.963920935835159,0.31553686977494877,0.6771539001546816
7.946940035295324,0.31112057987486846,0.7105739973525498
7.964392000352209,0.31483061351347186,0.6735069951581237
8.161685493153808,0.31160656462687814,0.6656562370144549
7.5326497169738005,0.29781818004496535,0.7199651275336822
7.432764854193575,0.28158435618395944,0.7553495891379283
6.974783115652542,0.2755303539917606,0.7413597125653386
7.244530124001024,0.2729944929317469,0.78303207626078
7.101375515155556,0.27858989422693536,0.734263204076871
7.402300993208939,0.27055858163536556,0.843356405757397
7.349468852275336,0.2707257489947459,0.840823387786745
7.033391737747362,0.2691139295964557,0.8086379131508303
7.521124587033675,0.27537083460638817,0.8816899179452712
7.31444477341639,0.2701365673804854,0.8307485890431205
7.596271649742679,0.28259127279901247,0.8834627300830384
7.4801804927794855,0.27330086599055675,0.8737150478601757
7.604472158485624,0.2878798794248607,0.8856594036613827
7.498488035219573,0.28849485703600825,0.8495845523701939
7.58776651955689,0.3056318095313461,0.8115093155763855
8.064680132071203,0.3343874332135445,0.7768426317899155
8.259064665603194,0.32868442713072893,0.8216107907892554
8.950038663061896,0.36357882262678054,0.7648438823840096
10.145513134044613,0.4017898697315634,0.7487364822308592
12.142478216111293,0.42448708466909446,0.8266541853231875
12.608563899815245,0.43651419207196984,0.8350065830799404
15.234921911293121,0.4754172500300195,0.8915369924446758
15.42095893113758,0.48054912265103356,0.862863070804927
16.196103401224494,0.4862106977317343,0.8743671197267548
16.67718065936473,0.5006053415030544,0.8391323072393151
17.69234955302213,0.5121538987725307,0.864485078453278
17.917123160514556,0.5055412085227492,0.8564172299320633
16.774565862226968,0.492511475450963,0.8946729540209029
13.844943222345211,0.4361079351675195,0.9116672683342779
13.982594874150276,0.42665985443431276,0.9333746048785538
12.91200930446411,0.4067117963651704,0.9240492412249813
12.386710645307417,0.3959759461161142,1.022324759965896
12.315650381998005,0.40101200570575685,1.0112890972302049
13.342188609165206,0.41543089552644896,0.9618759846422184
12.342761128051933,0.41359431679630243,0.9361976842926927
24.295520178237087,0.5149314867188396,3.0909202484574507
23.898566027689142,0.5051544383252775,3.1493085884648986
24.139097343184808,0.510186972849344,3.1453987200586124
25.09140354715254,0.5314228192002641,3.0980983236892925
26.138408130021606,0.5449975350544718,3.004832475049183
26.76076456020854,0.5453165581792527,2.9258575965348754
27.20186106580904,0.5553584950926341,2.7759955413657225
27.484288436394944,0.5475363712153706,2.6885532057324917
26.411844261507905,0.5342886583556105,2.4890026226788002
25.454744254756914,0.5319504195934197,2.349687099257547
24.867751703511033,0.5257772853718056,2.384990377530933
23.218341403314707,0.5228364969343261,2.3895120224135784
20.37128640289103,0.49520707323100277,2.418244025093543
18.921408619675766,0.4698577012559689,2.419067123914256
16.815001309673036,0.44321846042657287,2.4039280796603846
15.693072095443405,0.4209474605573153,2.397462526008163
14.897040622638176,0.405660507040812,2.398922600927467
14.91131774347436,0.40188115675218533,2.366872564691161
14.274715131925007,0.3888545094561869,2.401243152726285
14.987771291521554,0.39620190593783866,2.4342344356126846
15.312841045150694,0.40334520908027044,2.418986126103226
16.282071769570393,0.4312149916888987,2.433904362465702
15.924512572219918,0.43327936635208064,2.3941183715235828
16.30026051836748,0.43965468284047776,2.3740878817483693
15.014726478642377,0.4270822124685021,2.2700803347916496
12.936087718380648,0.37460830204882684,2.1360050104395043
16.77956928808897,0.40895518576911183,2.2524597240873856
19.48599989512259,0.4633423941996867,2.4230595783929183
20.761457040591296,0.48252980480549973,2.5526636572180856
20.494074844321215,0.48533658074915764,2.6601171625445996
19.880447321242922,0.47092993215463763,2.749154272564163
20.379312514033646,0.4747010566977712,2.907917689824984
20.895210844709247,0.4790793693490364,2.969463452362642
21.333790095223776,0.4785399411071555,3.020123413360634
21.56553107581749,0.47287647079553774,3.0789926352060997
21.828383663760903,0.47627053434473776,3.0745206028746277
22.18005633204921,0.48085306788195525,3.033145549411338
22.291095669531707,0.4843981819745802,3.0234389926367524
22.63901818884521,0.49270829410580574,3.0052724269247957
22.88752714920331,0.5029948750386217,2.991110416414312
23.149937733154676,0.5178056305582236,2.9198684827933343
23.379050558348734,0.5245995698273453,2.87181953353005
23.114149401695098,0.5252146169387648,2.832579454544487
22.87504735750458,0.5145831194298071,2.7732861493523195
23.384051523511943,0.5190117976499913,2.732104739366472
24.079085679378437,0.5294344262068101,2.658933150045271
21.595973605538536,0.5002223513841499,2.610631420707038
21.078819844094546,0.4925682619202604,2.551371817284483
18.224083320343247,0.47355921508972354,2.395834599717455
15.386525749586792,0.4347268890224739,2.2835762543103417
13.598432456774862,0.4186158555605094,2.1959287941022496
13.258755398457506,0.40771791170073485,2.180046241980313
13.070525704125071,0.40672808776493935,2.17175429840432
12.749434278258796,0.396581950193974,2.1655486342529047
13.59856065479569,0.4071049788868082,2.18879381803419
12.908673534313184,0.3984623376127973,2.165064541844566
12.513879787044178,0.3914523821678241,2.1556796025099803
13.469495682885729,0.39445558845082757,2.21239078041199
14.906033637340538,0.40571617786165215,2.3120838828637034
16.296177925355508,0.42156188477257345,2.3770796410057455
16.502722905234705,0.430439264517298,2.3849192228895655
16.933931136249594,0.4304813679902603,2.3887967106128642
16.632658154966094,0.4348966495318711,2.42238149979431
18.723636235450147,0.46785536218463847,2.5061181530383583
21.160827582506982,0.5064309946543625,2.6148497460780327
22.020279224060566,0.5125119266876554,2.7129183326544686
22.5771478128103,0.508185590634382,2.8183925096097755
23.014675290069437,0.5034549611274456,2.8932788067375443
23.380926486326498,0.49678001996073906,2.9510454085299704
23.33801184876024,0.4940219480908663,3.0363173626673743
23.669714228688417,0.5023394751583848,3.1031015412571348
24.15415064094404,0.5116857161673308,3.079020472814856
12.555976735754005,0.3367176335460696,2.213527656013597
13.148975028524024,0.35429254356869216,2.2420156549077555
15.747109444313832,0.37073168974121623,2.155049362210856
16.945169732326207,0.39145013559545816,2.1103938924485366
14.207007980568001,0.3750783733173976,2.0371585700427133
10.27952681117496,0.35672011489553235,1.9452921235261043
8.123862533927607,0.3331646434218309,1.8891317001035137
7.15262245647374,0.3305518503356409,1.8802954605063387
7.447901024309836,0.33877623543866225,1.9600608102029404
7.7979973831683225,0.32909847337712783,1.9938335679958201
8.777826697248333,0.3541733579881893,2.0656415492948
9.917567771115849,0.35618686983356657,2.1022838526004546
12.582987757242346,0.38313962956806336,2.184208114395544
16.02067980667779,0.3944013840117389,2.203276791892519
15.384220755813686,0.3801153009035439,2.122362981843344
13.910423074649032,0.37585055697288,2.38444071168415
13.881585172640417,0.37314180892297716,2.408298704596205
13.38664258847524,0.3495303272424537,2.492126031957905
12.295020202665413,0.35427834452514806,2.2816254293918754
12.886249456172756,0.36255072935069954,2.182203479433088
15.337375869404706,0.3866067038886255,2.137847621856524
16.245808166005524,0.3789892621533173,2.0229412648305276
13.021737738939429,0.3919039038044295,1.9657009110330042
9.312029180408352,0.3573658119377245,1.8938040378889178
8.28619899838139,0.3494503063597934,1.926119129108795
8.640706920368707,0.36081001891104747,2.007364699032978
8.13837670863889,0.3392993808150711,2.0186914165972354
8.780234903179561,0.3655290146185862,2.06909646408399
7.526466197766997,0.3478007955769244,1.9492071879027313
8.686876175634964,0.3594934262353328,1.8705825277256232
10.587412909635809,0.3790535813284473,1.905005011069281
14.859082448301535,0.3780368569332777,1.994695857920886
16.69435087730671,0.4073760054184874,2.129805068596476
14.682592349825352,0.39081561314635077,2.280470903782809
12.985238156752231,0.35100181878199554,2.326323646244843
12.655468322809337,0.343996984670016,2.389993593876846
12.774228200030418,0.3427356866586728,2.386512022441693
13.065203065343393,0.3574474795317886,2.2678412172242357
15.665130289477045,0.38297273359469886,2.1919206106725384
17.454827973476153,0.39383389288869797,2.152819319952942
13.985036122981985,0.35356046916375006,2.0932162085746926
10.640266190492671,0.354210957526229,2.0066245657690676
9.005697960488753,0.34216621083350185,1.9991003388522413
7.953621861095147,0.3222509203819881,1.9758474922631128
7.185138822000557,0.31118944248876673,2.003273399716987
6.842997609735509,0.31826460902811105,1.9762595748110068
6.787713666716982,0.33132174898742617,1.9074491470124662
7.89800137160325,0.3453691412873615,1.9098362775194049
10.294820961672844,0.35674159820853324,1.9447167157884717
14.772988058334171,0.3881445962030623,2.1003725241803806
16.923650828931812,0.4078680304575949,2.165684238327194
14.711860726878704,0.3757280605374822,2.2751286578829397
12.345181100092123,0.34294166018579886,2.281353618558461
11.780448535399533,0.3163793251406302,2.339827386258543
12.74594823185981,0.3216636283447609,2.436935068989292
13.493502968847817,0.34170932682319644,2.606652997356985
12.684121095371545,0.3284436840303709,2.17549554747176
17.15011514697001,0.38985842854784303,2.0842303551671204
14.322799035398507,0.3752933399078976,1.9460929299230547
10.25098873468622,0.34405334608435645,1.893195449489387
8.542356366578698,0.3258662220711434,1.8983807116508231
7.350513228507726,0.31160579998937293,1.8982763275904988
8.420552988053942,0.340924639587574,2.0087855799432757
8.943872090824343,0.3417310204589129,2.045971402055169
8.636092488094679,0.3440231185761452,1.944674632828256
8.243087487842349,0.34778453400693843,1.8831931125464252
9.068426140872663,0.3482909433389885,1.8035102108323973
15.074139294935417,0.3992034896398754,1.9697116007212419
17.352306267303206,0.41187481990697294,1.9983997497999768
12.934166349505137,0.35105624641585453,2.079171744978931
13.377307323418336,0.3565761637965123,2.381807595671075
13.781000902758848,0.34994945643212755,2.409125020868452
6.535238024871038,0.2951836415595242,0.6094961686009771
6.521369458301695,0.28369515607001156,0.5862930239246003
7.326923427090964,0.3113097531525375,0.6190441063101844
7.662531678647859,0.32965032312857384,0.6031431798977499
7.804195496646987,0.335359398661398,0.601954824515307
8.210952069728535,0.3528705745439263,0.5873661099746629
8.060266032120861,0.3494247388762175,0.5760625061730636
7.0809934540148305,0.3009576358271137,0.6034715487542192
7.622641797931852,0.32680697009616094,0.5705536715785801
7.271169452021873,0.323298334471509,0.5513554889243312
8.071155961878866,0.36386721622655605,0.5207556439232955
8.39690982408252,0.3755600573660412,0.5262901635206149
7.816463411346646,0.36470387388853176,0.5284566021061128
8.05571791544158,0.37096696729758444,0.5121352215500905
10.800083571827475,0.3739742188890921,0.5897866063365556
10.967470142802771,0.3833065343985377,0.6211067981067404
10.446163831152074,0.3740748006972677,0.6169265773040217
11.188955628138995,0.37337199704834084,0.6533121148575064
11.679315347631292,0.3797243314228337,0.6685189760849773
12.349391848589548,0.3783479018632394,0.6857875481826404
10.537954386587082,0.37382346519738713,0.6146250431352289
10.697626549527154,0.3727349465926451,0.6050944296505596
10.342888468417009,0.3514361803360397,0.6375026933125468
10.864779918042174,0.3867606476685034,0.5954583420518295
10.932648098508114,0.36667474605890016,0.6181988071076175
11.633088201202476,0.3690276326881764,0.6134240091090543
11.123063865267426,0.35201578185267307,0.6093649255514719
11.86461998331827,0.35915681943762157,0.6464646464646465
11.872203599729684,0.35090015337504055,0.64306183291268
11.278840092689098,0.3242537033011375,0.6774763047409459
11.562672129712354,0.34041959836982494,0.6692495981348129
11.061668013214437,0.32599724621809734,0.7096669626211839
11.196152441185053,0.3179800104831412,0.6875463100371596
10.674329989682857,0.31508539040819256,0.6904459407738551
10.783363685413605,0.31478752266591925,0.7011041542359664
10.419227869993307,0.3095382107822347,0.7150837988826816
10.218179339641782,0.31730227171619885,0.7153852793824763
10.67008617587599,0.3174016948595127,0.6944788116486846
10.44416856576002,0.32364384673207414,0.7150614821533671
10.350286781241298,0.32618573114512567,0.7242975638729622
10.392937269046254,0.3236018762650939,0.7339915308779046
10.395295934118359,0.32309955859562783,0.7465429011497462
10.749108864854534,0.3314898230988924,0.7387621315475374
11.027405724196669,0.339238128833962,0.752511664359931
11.171080060578369,0.3424186599500538,0.7731634171283084
11.360064573071806,0.346204966264117,0.7556391010034873
11.61846129944917,0.35037675340940866,0.7728673884605503
11.962252581882872,0.3574798835413923,0.8043079869842632
12.361670561744312,0.36047842118903295,0.8192094373470777
12.5145896167189,0.3683511898792294,0.7968931921468037
12.621098737815977,0.36732839705180603,0.7843687982517079
13.347180757306806,0.38631806226275267,0.76193175826448
14.467990098794541,0.40443565606443344,0.769181601334172
14.704219271591537,0.41742503572898404,0.737657210416673
15.22994373853545,0.4438159617765577,0.7808072068837795
16.46419999383263,0.4857372404410394,0.7635092654262775
14.971412682883443,0.4368785577929174,0.6308174718006572
15.12852344670807,0.4673319896238426,0.577385511080041
12.845682556969003,0.4205123522639896,0.624419961205007
13.842823084252945,0.4469533285206806,0.5844748858447488
8.661717710770208,0.3202018318060179,0.6042173927438643
11.710676325821446,0.405811903562667,0.5694177791667596
9.102969592983836,0.3232387183298976,0.6630611458875763
9.553320523114675,0.3809705975409533,0.5713602527787592
7.294553150177684,0.3189809148128569,0.6203440789410003
8.514135802818885,0.3580562434837382,0.569982050927195
7.586800338843382,0.32661388066011665,0.6531292339900574
8.182714238987757,0.33207869157090547,0.5699990050074881
7.540789065513248,0.3282228589817652,0.6534014846204681
7.744072755765792,0.3263407809798555,0.6657462672077354
7.306453272963086,0.30007095954662055,0.6549135451466357
6.714519566982908,0.2939228168761756,0.605175579577787
15.750073386484278,0.4828545300271471,0.8429768213823616
14.518179936313587,0.4698411704244445,0.7870889488455802
14.990286182837743,0.46905889041022464,0.7692718886091893
15.709061800790018,0.47681112482904053,0.8110123442349415
14.7407096085546,0.4614369528179908,0.7732022079815393
15.436832588987091,0.4796004332973604,0.7192486932254913
13.883122403347826,0.44144791261664224,0.7122606690250609
13.83746356682752,0.43422379135197176,0.7509107462777895
13.427347599205358,0.44365025493911264,0.6182853451333937
11.791485752067654,0.4158306665201468,0.5814638851172264
12.29251851416642,0.4231299020024495,0.6148306306223181
10.496989182924594,0.3792254549338426,0.5732709897709126
10.102385955332764,0.35811835004586257,0.569869062373786
8.92779321583238,0.3174319180733354,0.5090922238969041
9.18968300538031,0.3216350905305913,0.5180233688066206
9.815488147350358,0.3396684808427088,0.5428799725133091
10.04821465362376,0.3286089225313582,0.5556610784753315
10.463741308882923,0.3479901860826538,0.5671105300528477
12.337201739322392,0.38350822874463447,0.5333287037639844
10.550172954887525,0.3236650715615289,0.5217583946725458
12.171634963222829,0.38039195950749516,0.5118853505207871
10.154340821554548,0.3312461941203826,0.5077766135427906
10.497154547340791,0.33263632838419,0.49987797437280146
10.155680191407239,0.33551739724420626,0.48402276142193257
9.949301065406612,0.32255804061631066,0.4800645130036935
9.600836642711343,0.32737702227974236,0.4748629105137102
10.280605131639039,0.3295534156481894,0.46281522702964945
10.35463454421766,0.337316560012456,0.4718142596956708
10.611686385836364,0.3462683477729018,0.4581960482774801
11.383980821764396,0.3405777260729287,0.48065985817529805
11.037003501938283,0.3711727739113885,0.44348306662723386
11.614589286501698,0.3687913754577361,0.4774590693798512
12.79533005510335,0.37200184055309615,0.5195702131121365
8.459613577052423,0.36286707093096227,0.43585345061234254
9.96558536568384,0.3922705728144926,0.4582077913236852
9.497356076477292,0.3773939414649485,0.4719553543977157
8.471654904153123,0.34114805588762337,0.5477142001134814
8.36283311409733,0.3677265546671108,0.46071788896055543
6.693645408780284,0.28629788994416744,0.5030877562117269
8.985339536005199,0.31944020946928825,0.6404083905649974
7.539022603210132,0.2773217930093012,0.5758992264522849
8.74796301773581,0.30363336734778024,0.6547849971356723
7.25947989692046,0.2715170796047019,0.5805242392000799
7.987208952266723,0.27965110588496433,0.6231533203594517
8.31679880895144,0.28131860095083955,0.6477132315207447
6.861849070954666,0.2791829351443397,0.5570907044982344
7.251042536014673,0.28127145700976686,0.5835812346658018
7.37673256274136,0.27900010313219303,0.584334791921278
7.686469741733838,0.2852517279574932,0.6067304743212824
7.787898204686613,0.29031289679704925,0.6020213999188656
7.949015564050804,0.29159300416342665,0.6139600710351543
7.376291698782502,0.287818208119869,0.5398057589074721
7.395038117896917,0.28822855477861253,0.5466193555348652
8.71940574758791,0.3493102569275052,0.5124183040738759
7.96357858308291,0.3255068316288778,0.48130505315762334
10.573133534984539,0.3938141627427585,0.5315185641145045
9.012870173255138,0.3462721950469909,0.4803483789078747
10.409518018896375,0.3906588128333769,0.4942527041764568
12.166276309708241,0.4350733612033434,0.5225360399123198
12.712005187982822,0.44269098129126583,0.5286007823426421
12.705347570280768,0.4453461492163641,0.5159654700151836
13.028470294692134,0.46278254039356476,0.5459477135484645
11.254862456956182,0.43711033421455747,0.49631793142562025
12.924148853802226,0.447231553920418,0.5755032673005138
12.181729307903417,0.4361107019214597,0.5477242290294116
12.486213060529458,0.4362719220869803,0.5430753866417045
13.57820204457311,0.450242587964882,0.603666142323636
13.092830195642215,0.4410456500086033,0.604166910742316
14.278363911443538,0.4695883555198027,0.709492511546124
15.96377728684767,0.4823081769883295,0.7539396990618679
14.450072757915962,0.4612800684186388,0.695796050211797
15.631074765266234,0.47942518916656557,0.807739795484828
13.968249246351245,0.4340301078205289,0.9116268043832183
12.299544995824427,0.36522561033467105,0.8029616783259852
12.327555176234181,0.3796263571046056,0.7702601783489602
12.120739614970436,0.375391069283358,0.7842068526485411
12.70244791226445,0.4028109542030097,0.7672377443350993
10.535620423680271,0.35105379756324673,0.7467080219540545
11.78354428152285,0.3732093458827631,0.7082641027552554
11.21842723598603,0.3738076147051836,0.7013198551240782
10.95046216891079,0.36226244023332377,0.758959238454234
11.680476226842856,0.37901796078370575,0.7524596522182901
11.93907628611025,0.36481314576447577,0.7779394373696311
12.646452462549469,0.37844611506175296,0.7858382426559999
12.35271120683544,0.38000065175101866,0.8013235900637344
12.842158789546339,0.39814117943113836,0.79625305214494
12.756661698515572,0.39516156827515386,0.7933952035259751
13.448671951155916,0.41253583654000947,0.7945790398454053
12.832803473450067,0.3917901385416481,0.7305226886184749
10.72458818438001,0.33943663623253223,0.6940141867709353
13.668778454013342,0.41136051757369446,0.661006784835359
14.45464725686108,0.45049918201000105,0.6452232543060926
15.580790472268625,0.4658885046571574,0.6527639325253349
14.649464166787858,0.4767144686223522,0.6597280832959768
11.852280879374856,0.37099707199911147,0.7357901687674365
13.044209872923503,0.401271263661794,0.8450778100635068
12.194911031783796,0.37370949463338127,0.7555666918292807
13.069374798133307,0.4023226304845434,0.8768666043844375
13.193665482160082,0.39391743531154655,0.8603207477104637
13.379349265221336,0.3998240936539287,0.8872057955391666
12.712009415245525,0.3669538043319161,0.8294524903214231
12.840060239970974,0.42530567432125654,0.7037217330709783
12.934963662420351,0.4330629579606873,0.731130211811251
12.46630684281579,0.4290507035662203,0.6865220153251239
11.077614580174703,0.408884285722981,0.6221955178372068
9.987854717199838,0.35893938553083393,0.6541861056850583
12.68591021092286,0.4230350564546405,0.6899091732713047
15.559082611968595,0.47260838917959375,0.7605619483314018
14.284256516316184,0.43601385712790297,0.7117869705437888
7.912239769455134,0.33612703948574263,0.5675507662640257
12.256958802858446,0.38646670261109994,0.6684369307604336
13.058481919306768,0.4047531650381794,0.7289631916584213
8.499506594460776,0.34248102310901385,0.6636401647927289
10.514172975818436,0.37678393646759945,0.701788769853417
10.086051429103353,0.3688533524669647,0.6736422258233578
10.066557873217697,0.35963655955136276,0.7495447968507749
8.729978260423529,0.32431407542541596,0.7536064169270845
11.318149415900844,0.40064901331806557,0.6985987924800235
9.41630398497836,0.3344331631762251,0.6768792714350425
10.907076147566109,0.41771334505048896,0.6914879263681005
10.18532827049033,0.3936227172925458,0.6469433808351682
9.125133382346672,0.36274852269166824,0.6352768049929041
11.352660600904208,0.40923675167183315,0.618884896451005
8.426843935427943,0.33432269013397065,0.6644802046583771
9.510568205020398,0.3560378180889092,0.692266191022268
9.718073287508808,0.3462877635026044,0.7312674118799464
9.877595370707116,0.34193049365257533,0.7352497960837939
10.49302216728561,0.37702432192785246,0.7282844136157051
9.309879086693364,0.3435730066991532,0.5674949834811673
10.449049671136024,0.37631097765989335,0.7008256160824343
10.123176762184244,0.3612269517161746,0.4328080223739234
10.576697440110294,0.36354431680903576,0.6643325200123901
11.128421845184484,0.34837671753074395,0.672753063971375
13.0037222631378,0.41275582556988066,0.6399280121477223
12.34842548967702,0.3883337697238237,0.674563022926048
12.943450790744347,0.4024759142695097,0.7284789993883979
14.232990179242474,0.4443010173415421,0.6149228575231027
14.071420037802518,0.44469922974770215,0.7078199718802105
12.224084014997025,0.39808290174163596,0.6172492808020158
11.851436024088898,0.3823280741746944,0.5989193085983717
11.44431551409465,0.3600679897807272,0.680985948782978
12.13772948971673,0.40824173727612556,0.6865467028133218
12.36306905858292,0.37299586497673853,0.7034400647364792
14.0005345142336,0.4292411087450946,0.9110147223426243
19.277459813786724,0.4094928234934834,1.717975718730704
19.08421651763826,0.40698488880426,1.7121926492317396
18.86603297851673,0.40660448184739345,1.7236614830443513
17.924508613863487,0.39262672427924317,1.6837824201732787
17.873500389874412,0.4020846178874258,1.6104770162049977
17.640362711342107,0.4026497054062595,1.5580962325556929
17.736883428206948,0.4368432342686742,1.5462774701589102
18.934288937313138,0.4417852168622032,1.5272426983112322
19.841110644517837,0.4862241043221927,1.4635861305602262
18.415298500960507,0.476286622615101,1.410875251328987
14.812652385166565,0.41090726279930134,1.3056467168753096
10.112239277587637,0.34601215811121283,1.446523928109493
9.63921044574953,0.33352043830731626,1.4982934555059848
6.820329369764906,0.2953795611348516,1.4719938360387173
6.738988244808667,0.2818300059673026,1.3948934326247113
6.339361610381559,0.2778775498851886,1.382008200932189
6.635458925686457,0.2806689814439742,1.3439107168975206
6.696138037956747,0.26828281289443545,1.3088167183998318
7.101272198660698,0.269473373727395,1.256019160571252
6.813219760353032,0.27038192014597323,1.2900368300379028
7.208309540729331,0.2773442879691484,1.2927973950158735
7.635307806056591,0.2990048760715918,1.3746960426247397
8.98122861819266,0.3285178305725329,1.3364912181654267
13.579505351287448,0.39430592581247836,1.547187939913432
13.958994136420461,0.38334553618285216,1.5229059980625186
16.78815549638886,0.4467712805036786,1.3692776654755687
21.4715135403047,0.48738794336159574,1.5106794505597738
21.36327326250845,0.5002410315556586,1.5789013538045638
20.896029407196252,0.4770300878018371,1.6735243531791704
20.83969026372552,0.4694409196550505,1.6919449942484548
19.428750451475903,0.4643733812620968,1.6301103836711799
20.523560668426512,0.47110719535153217,1.632519935174447
21.58873124919532,0.4924965701699556,1.6904595974979368
21.646145024966735,0.4867600959799236,1.722802580326763
21.7975294229932,0.4851166498441511,1.7539801670702455
21.755840326920985,0.4779487328294034,1.7866855906869397
21.75819295910614,0.46975545965177345,1.7889963368040387
21.369577141980567,0.4714020162500116,1.7673780659178353
20.79609118513227,0.4722698678270036,1.686822655727832
20.34177344170865,0.46389377141523963,1.6484938365094925
19.258769012566066,0.4704974309257131,1.5851697070785942
19.60142012195399,0.4753297100020457,1.5465313930382525
19.6493494034158,0.4877061801975572,1.451596147069892
19.015266486300135,0.48970933864727173,1.338663886211209
15.997960147141896,0.43893161549779225,1.2817716715281382
7.634318608933345,0.3015414334962566,1.2093783382408703
7.790049433141991,0.2881225494963295,1.365785027608267
7.820398684241816,0.2880671756621961,1.371771994842639
8.057159249475273,0.2918868206949714,1.362415439267954
7.668181815087532,0.2755549249893557,1.367303670284043
7.654366908970324,0.2762383891744387,1.3843299383912124
8.242905396928222,0.26740111823668217,1.3437996208212037
8.291952404756788,0.2690955734124779,1.370690101265338
8.365841602404434,0.27202855012081956,1.3991160112981627
7.944743407861978,0.2665625855006168,1.41130934289113
7.912148132447932,0.27103655562673146,1.3991369071934285
8.646224636990517,0.28646149847588454,1.436570912590156
8.325894988330816,0.2812267742766591,1.4309717153012456
8.052714925990891,0.27830541037555423,1.4493494442547157
8.323987514544847,0.2705090842112363,1.3831575138357657
8.175960272068746,0.27595350542738273,1.4024923575599213
8.664414243471153,0.27777591705942595,1.3013211335048933
11.654489947707376,0.36263168390160727,1.1261372352705894
16.153340672438198,0.4681550287307958,1.1959352967163566
17.10400401867294,0.46185520608764963,1.3833796413149473
16.733529288694246,0.4389291905008413,1.472955959435907
15.42800804316888,0.39668188999128473,1.494484477830832
16.414042806489586,0.3833115137347337,1.5798857555561998
17.659260427041875,0.4040418165188122,1.6536101424182306
18.281512624106494,0.4046950970623311,1.734198849341213
18.87910862746622,0.40800676879643333,1.7481836978340914
18.895463685475818,0.3983535948306227,1.7570138980279297
16.656704265329463,0.4343366642464248,1.4677297064146289
14.441931600967841,0.41358220222291436,1.3560356824826203
14.662058255605547,0.43326334960793955,1.4079648893133536
15.555254198931735,0.4355734393587518,1.441870293698612
15.401011550061746,0.4232577221362661,1.4023766130211244
14.762045439859527,0.4299661444314372,1.462260423622502
14.34852624530276,0.4298292289515859,1.4924767006227166
15.22969937002841,0.4292060459083282,1.5680017701279976
16.175468638799135,0.4365419437549907,1.6489725429083975
16.966115135988566,0.439002250903114,1.739666037730688
17.983650156753857,0.44690794597455064,1.8687500466429647
19.46467845181856,0.4732768628739774,1.9364925964955553
20.320062130042718,0.4906906242044248,2.0050775595356
20.59913449507459,0.49171926960442114,2.1367675339654593
20.970318094876756,0.4921892395302083,2.2089392383033384
21.757087395636212,0.4815342230853356,2.2483838345186746
26.283171742715023,0.5436884405020097,1.9049456761067223
26.203378202704567,0.4676980613196929,1.7261380024087924
24.139604436632542,0.4876764691846545,1.740832101239923
27.061664021164912,0.5365516533548147,2.0984840249595176
22.34009557659253,0.4922957552707975,2.224741583908695
20.681402083327352,0.4721897549373587,2.1184353031909735
20.05462324211338,0.48913194876020644,2.049689640682927
19.25934997734958,0.4814799227889442,1.9628964207814381
19.0226839195109,0.47477360335898294,1.8607850409020832
18.804340712724287,0.4714025186132249,1.832091772607369
17.898200053244448,0.45852368382451814,1.7459562643247124
16.53337513711179,0.4428235296848517,1.6584610752250657
15.933345052502471,0.43448127046585405,1.6273085701486956
14.994692766967507,0.42912745462915936,1.5131051663483548
14.303617097531735,0.41201432390953197,1.49899964357134
14.455739779429503,0.41527895936339476,1.442785970476963
14.799892991866475,0.43442708120870643,1.4288081543318685
14.581509282014057,0.43531062008287086,1.4236840064153762
13.568716212064285,0.4134635007015883,1.3506085302182471
14.831898882067538,0.4146375468511496,1.4246316232886256
14.774133656617142,0.41453193294711294,1.4548507722884385
13.890143184589668,0.40749194985292586,1.4079223024318426
14.050302951909302,0.4266137766063255,1.3774992552718004
14.517905176616186,0.43744920527276165,1.3691307877198633
15.170038186331006,0.4231602623217536,1.4592995969479798
14.881490472849496,0.42669573690256574,1.5053485436925456
15.111116025815104,0.4347962802921679,1.591351874440074
15.594291677409718,0.4379563097842392,1.6688949546753253
16.028370333739627,0.4427124379502587,1.7038293136376879
17.219645847139457,0.4532511667508975,1.8215220248014505
17.712252310519645,0.45897567138548334,1.853503722699863
18.724463512709796,0.4813055865928488,2.045448870721898
19.508074943034863,0.4905799409565772,2.120778374270151
19.60012357928728,0.4874505138938011,2.261847298356186
20.910919668439565,0.4937428378424105,2.3754417228398124
22.04324508095082,0.48107747187236805,2.238413125369499
29.40711399889202,0.5428809547501324,1.9432664304874048
28.985554306045472,0.5457050811927209,2.0007022740153686
29.102597240682012,0.5313325168099714,2.074839429287953
28.032034061340184,0.5670257291857957,1.9941057492557543
25.708160324909805,0.5252346758468773,2.2508593353808535
21.92911268525364,0.49388411670932664,2.311730347810204
20.463802462043624,0.5043170318369027,2.2046755455951335
19.556758750962523,0.49765000812053634,2.138798708840349
18.68562766654653,0.4851739612385473,1.938351288038839
18.75969449823413,0.4807748190471835,1.8557303297845764
17.54630947594287,0.46283799595176234,1.768210504694716
16.79892231605498,0.4502048674467628,1.6771207595789734
16.0776677576686,0.4365572987396496,1.614635899832703
15.590600141304023,0.4366870696982761,1.5768408331800972
14.975833206880324,0.4233988344653128,1.5123986585748015
14.593197859988006,0.41677007163827146,1.4184186054662358
14.560750521093908,0.4326666638717034,1.3813139544558426
14.563470502897335,0.4361263826048109,1.336036118476349
14.659339990472624,0.4278585131016256,1.3496321684772934
16.05572313598297,0.43450088109033635,1.4773028318971841
11.804136683444536,0.39318551964483983,1.5808192540017623
11.063827142826408,0.3994750542363308,1.5389746348080144
10.39518479705254,0.39725902535690233,1.5157219027544329
10.311183893632723,0.39097307506196854,1.421356073091784
10.535953355728441,0.38432703729318607,1.3811229687788042
11.171719032777386,0.38765776270189123,1.3504487877428046
12.69348496244394,0.40806437188430034,1.4564156028308712
13.423130626370405,0.4133837855683692,1.4727487609200898
13.802997666868002,0.4122328837615864,1.4369669068321365
13.77687873688593,0.3982391700564963,1.3918697453005429
13.838562485630504,0.38837078509205547,1.3588409014662841
13.998471907910421,0.40489917475592063,1.293911552018277
14.138692886668181,0.408723379818616,1.2853777013874643
13.951232381848698,0.42800975365351324,1.2860993204098916
13.283139093541624,0.39885922047493866,1.3166174303758986
13.087055940547632,0.40014956932614587,1.3065476495094408
12.837866541399617,0.4009990058050905,1.2886386727536914
11.546563677854344,0.3755563401764357,1.3845526312950918
11.261311302941387,0.3677758466752,1.4320123773811757
10.455337638642884,0.3620045719636496,1.4491636570188737
10.546582114166156,0.3655443219910549,1.495593491153681
9.927461640500109,0.34059126193101763,1.5377663702722544
9.445107925597426,0.3247175087789372,1.5210232099907317
9.264650571406676,0.3362915013955024,1.4689494282753965
9.020761228199095,0.3426058728969159,1.5077747805392256
9.575418729099372,0.3197991067187138,1.587950007111865
8.159091098661158,0.32542312760484177,1.4573238684677499
8.77295017224542,0.31244826201734255,1.5198299191761215
8.76230738579591,0.32493527705080055,1.5985332693106982
8.702654264915015,0.3337587596226368,1.5906144831005913
8.156515517186516,0.33007626122460626,1.5745277092172334
8.370640241374971,0.33877052543165515,1.5399628031665578
8.031821055458863,0.3367313112537026,1.480634791961878
7.474060779195138,0.3167395186454534,1.3897658498201553
7.716684664985564,0.3278960523210158,1.3707097492151872
7.032553966057044,0.32550700713119957,1.2678239673104175
8.151048229006843,0.3318874580419533,1.3998479251728781
8.895272024163642,0.3398948041926459,1.449059183090909
9.438164877276133,0.33179744425476776,1.441344568349931
8.960621702575299,0.31796397416441935,1.39790564894684
9.96712164628898,0.33380387789188315,1.4228591381536255
10.173254523729536,0.34033532108914083,1.388538719386183
9.869970230965048,0.3346325616485746,1.4015146921779718
10.616593973714892,0.3517486769906471,1.3982600848613493
11.623400485996406,0.3487333850862803,1.3921269721206455
11.660085195726317,0.3509285933473625,1.35729301764609
11.821675473350261,0.35661634668156267,1.3710930531954855
12.413083084240746,0.3663585204334879,1.3880589784251838
12.790332566540389,0.36665378586267106,1.375162056421504
12.716137716292085,0.36871773032314886,1.3365640772827792
13.291389549866839,0.3844614332490003,1.36764508772536
13.844961411151147,0.40140188646404407,1.3917977473384324
13.774242127880054,0.39588724974648165,1.3843704200176563
13.762728914852524,0.39806494811273296,1.3765927992338485
12.436333539668698,0.3941811742764607,1.3015397567349696
11.094691700026043,0.402662575988727,1.280480270168861
11.8170194567677,0.3835191271115316,1.2941843399239363
11.329325524992854,0.4142748626246811,1.2843743217257568
10.69962155183314,0.4144944815446929,1.344475881629976
11.08885744884525,0.4050630797261987,1.4076349420242305
11.509994435196095,0.4212346960957434,1.418331524482302
10.312085849581518,0.3987664539902426,1.419890520383291
10.297744860100881,0.38497257469884477,1.521050057814963
10.2654059496911,0.36745985599878656,1.5871868264040112
11.54507603654487,0.3820595779360138,1.6063501045287583
11.173503648951737,0.3681649046696164,1.6483058873149865
11.273848788646664,0.3682150032740774,1.7056057308448833
9.597808477540426,0.36555743025776316,1.556080061637981
10.5612173699521,0.3542535743615037,1.5866075444288077
10.5678248499053,0.3429350566324741,1.6436618284937317
8.62631425362375,0.32389928037532184,1.473578080084694
12.067583977782814,0.38217576286513266,1.575929290993318
