method,seed,k,nh_score
γ=1.0,191664964,1,0.3608429183108051
γ=1.0,191664964,2,0.4147426748383847
γ=1.0,191664964,3,0.43512999188425255
γ=1.0,191664964,4,0.44555452942658047
γ=1.0,191664964,5,0.4496683737721434
γ=1.0,191664964,6,0.4532714857414714
γ=1.0,191664964,7,0.4556112596999172
γ=1.0,191664964,8,0.45828435899588615
γ=1.0,191664964,9,0.45909010345245754
γ=1.0,191664964,10,0.46041054487448574
γ=1.0,191664964,11,0.46270445195808296
γ=1.0,191664964,12,0.4650638065653597
γ=1.0,191664964,13,0.4666371744282919
γ=1.0,191664964,14,0.4676439545678065
γ=1.0,191664964,15,0.4693700500937509
γ=1.0,191664964,16,0.4710194358156326
γ=1.0,191664964,17,0.47232908779329047
γ=1.0,191664964,18,0.4739386561441805
γ=1.0,191664964,19,0.47523518728817676
γ=1.0,191664964,20,0.4770023507681975
γ=1.0,191664964,21,0.47871915116478964
γ=1.0,191664964,22,0.48011196678395063
γ=1.0,191664964,23,0.4819293820472855
γ=1.0,191664964,24,0.48373527271709627
γ=1.0,191664964,25,0.48535135588951395
γ=1.0,191664964,26,0.4870433277577934
γ=1.0,191664964,27,0.48867371275229554
γ=1.0,191664964,28,0.4900047375175408
γ=1.0,191664964,29,0.49167822268028105
γ=1.0,191664964,30,0.4930736294181849
γ=1.0,191664964,31,0.4946390027109665
γ=1.0,191664964,32,0.49611309923600033
γ=1.0,191664964,33,0.49747877566700505
γ=1.0,191664964,34,0.49892215302710796
γ=1.0,191664964,35,0.5002422730489223
γ=1.0,191664964,36,0.5015228686834765
γ=1.0,191664964,37,0.5029747655471776
γ=1.0,191664964,38,0.5044143184760659
γ=1.0,191664964,39,0.5059382729603534
γ=1.0,191664964,40,0.5073104693140795
γ=1.0,191664964,41,0.5088573587440182
γ=1.0,191664964,42,0.510216646477246
γ=1.0,191664964,43,0.5116200971156231
γ=1.0,191664964,44,0.5132068523366483
γ=1.0,191664964,45,0.5146335320292167
γ=1.0,191664964,46,0.5160757502199282
γ=1.0,191664964,47,0.5174226577613755
γ=1.0,191664964,48,0.5186452298995327
γ=1.0,191664964,49,0.5199532587781146
γ=1.0,191664964,50,0.5213206279909328
γ=1.0,191664964,51,0.5225043253805595
γ=1.0,191664964,52,0.5238919421607693
γ=1.0,191664964,53,0.5253665946968318
γ=1.0,191664964,54,0.5267928494357845
γ=1.0,191664964,55,0.5281443432732158
γ=1.0,191664964,56,0.529578750734615
γ=1.0,191664964,57,0.5308663523471596
γ=1.0,191664964,58,0.5321602170118032
γ=1.0,191664964,59,0.533511965153988
γ=1.0,191664964,60,0.5347591861864384
γ=1.0,191664964,61,0.5359249130504795
γ=1.0,191664964,62,0.5371017844713887
γ=1.0,191664964,63,0.5382246369569013
γ=1.0,191664964,64,0.5394212807488876
γ=1.0,191664964,65,0.5405378350974859
γ=1.0,191664964,66,0.5416587162872109
γ=1.0,191664964,67,0.5427718263689528
γ=1.0,191664964,68,0.5438929412752423
γ=1.0,191664964,69,0.5450941098168908
γ=1.0,191664964,70,0.5463101334900512
γ=1.0,191664964,71,0.5474848081014
γ=1.0,191664964,72,0.5485557234675696
γ=1.0,191664964,73,0.549692180475513
γ=1.0,191664964,74,0.5507706934539275
γ=1.0,191664964,75,0.5517907816304257
γ=1.0,191664964,76,0.5527238200866956
γ=1.0,191664964,77,0.5537721870103702
γ=1.0,191664964,78,0.5547403929571674
γ=1.0,191664964,79,0.555706936147737
γ=1.0,191664964,80,0.5566619091596003
γ=1.0,191664964,81,0.5575819011578674
γ=1.0,191664964,82,0.558537302063475
γ=1.0,191664964,83,0.5594433817884248
γ=1.0,191664964,84,0.5603693664519791
γ=1.0,191664964,85,0.561274057099962
γ=1.0,191664964,86,0.5622397119723218
γ=1.0,191664964,87,0.5630987293692588
γ=1.0,191664964,88,0.5639835408064356
γ=1.0,191664964,89,0.564934783162387
γ=1.0,191664964,90,0.5658564911986119
γ=1.0,191664964,91,0.5666827505464059
γ=1.0,191664964,92,0.5675334820206386
γ=1.0,191664964,93,0.568341995246104
γ=1.0,191664964,94,0.5691449169996623
γ=1.0,191664964,95,0.5700104724071955
γ=1.0,191664964,96,0.5707897811546749
γ=1.0,191664964,97,0.571622263748229
γ=1.0,191664964,98,0.5724677411893311
γ=1.0,191664964,99,0.5732978343590381
γ=1.0,191664964,100,0.5740458399798505
γ=1.0,191664964,101,0.5748297397114407
γ=1.0,191664964,102,0.5755883916827583
γ=1.0,191664964,103,0.5763571733072065
γ=1.0,191664964,104,0.5771854394451154
γ=1.0,191664964,105,0.578010722381472
γ=1.0,191664964,106,0.5788121175447463
γ=1.0,191664964,107,0.5796240340155215
γ=1.0,191664964,108,0.5803968165125919
γ=1.0,191664964,109,0.5811662028546583
γ=1.0,191664964,110,0.5819082437166561
γ=1.0,191664964,111,0.5827344849677147
γ=1.0,191664964,112,0.5835583404296147
γ=1.0,191664964,113,0.5844095923824412
γ=1.0,191664964,114,0.5851689504173498
γ=1.0,191664964,115,0.5859753315349713
γ=1.0,191664964,116,0.5867059281626084
γ=1.0,191664964,117,0.5874613497399158
γ=1.0,191664964,118,0.5882470128025795
γ=1.0,191664964,119,0.5889789044658246
γ=1.0,191664964,120,0.5897769568745977
γ=1.0,191664964,121,0.5905916539402774
γ=1.0,191664964,122,0.5912791041756416
γ=1.0,191664964,123,0.5919905286702938
γ=1.0,191664964,124,0.5926881088503173
γ=1.0,191664964,125,0.5934175132230711
γ=1.0,191664964,126,0.5942079683579138
γ=1.0,191664964,127,0.5949053247279528
γ=1.0,191664964,128,0.5956419617370498
γ=1.0,191664964,129,0.5962868015299518
γ=1.0,191664964,130,0.5969569176520734
γ=1.0,191664964,131,0.5976776871209563
γ=1.0,191664964,132,0.5983522361555272
γ=1.0,191664964,133,0.5990273728145399
γ=1.0,191664964,134,0.5996786489849468
γ=1.0,191664964,135,0.600293846024683
γ=1.0,191664964,136,0.6008749944440878
γ=1.0,191664964,137,0.6014675755159771
γ=1.0,191664964,138,0.6021044972434445
γ=1.0,191664964,139,0.6027177586282918
γ=1.0,191664964,140,0.6032862779903331
γ=1.0,191664964,141,0.603840778921207
γ=1.0,191664964,142,0.6044188056725882
γ=1.0,191664964,143,0.6049887481337402
γ=1.0,191664964,144,0.6055947933282959
γ=1.0,191664964,145,0.6061849521885015
γ=1.0,191664964,146,0.6066891086057207
γ=1.0,191664964,147,0.6072172467341398
γ=1.0,191664964,148,0.6077816440401446
γ=1.0,191664964,149,0.6083336761067403
γ=1.0,191664964,150,0.6088677133182212
γ=1.0,191664964,151,0.6094096891904139
γ=1.0,191664964,152,0.6099196784043055
γ=1.0,191664964,153,0.6104641559979433
γ=1.0,191664964,154,0.6109751217634687
γ=1.0,191664964,155,0.6115225557291851
γ=1.0,191664964,156,0.6120489786428834
γ=1.0,191664964,157,0.6126248444541176
γ=1.0,191664964,158,0.6131440036813115
γ=1.0,191664964,159,0.6136959704812791
γ=1.0,191664964,160,0.6142628137855763
γ=1.0,191664964,161,0.6148257443534371
γ=1.0,191664964,162,0.6153685098637943
γ=1.0,191664964,163,0.6159360347938416
γ=1.0,191664964,164,0.6164743698692129
γ=1.0,191664964,165,0.6170565532751747
γ=1.0,191664964,166,0.6175942962514149
γ=1.0,191664964,167,0.6181205718861998
γ=1.0,191664964,168,0.6186270894051517
γ=1.0,191664964,169,0.6191154414968213
γ=1.0,191664964,170,0.6196736086761125
γ=1.0,191664964,171,0.6202183739930802
γ=1.0,191664964,172,0.6207599775856986
γ=1.0,191664964,173,0.6212387830164277
γ=1.0,191664964,174,0.6217615417796937
γ=1.0,191664964,175,0.6222293917986974
γ=1.0,191664964,176,0.6227393891055631
γ=1.0,191664964,177,0.6231869415680421
γ=1.0,191664964,178,0.6236386627789061
γ=1.0,191664964,179,0.6240625889687434
γ=1.0,191664964,180,0.6244619819214731
γ=1.0,191664964,181,0.6248789943461891
γ=1.0,191664964,182,0.6253370925942499
γ=1.0,191664964,183,0.6257913312440674
γ=1.0,191664964,184,0.6261847378929962
γ=1.0,191664964,185,0.6266006666560775
γ=1.0,191664964,186,0.6270480074892368
γ=1.0,191664964,187,0.6274533000322804
γ=1.0,191664964,188,0.6278942493707765
γ=1.0,191664964,189,0.6283212041334785
γ=1.0,191664964,190,0.6286566155124188
γ=1.0,191664964,191,0.6290164268059663
γ=1.0,191664964,192,0.6293961026921893
γ=1.0,191664964,193,0.6297244285445204
γ=1.0,191664964,194,0.6301062779186181
γ=1.0,191664964,195,0.630497773013095
γ=1.0,191664964,196,0.630860857482108
γ=1.0,191664964,197,0.6312213212459413
γ=1.0,191664964,198,0.631582808184269
γ=1.0,191664964,199,0.6319174581664936
γ=1.0,191664964,200,0.6322907396524221
γ=0.7,191664964,1,0.22823440517169002
γ=0.7,191664964,2,0.2936361346654353
γ=0.7,191664964,3,0.3315002938460247
γ=0.7,191664964,4,0.35565863487532534
γ=0.7,191664964,5,0.3728654185206952
γ=0.7,191664964,6,0.38741499454285955
γ=0.7,191664964,7,0.39781354570205213
γ=0.7,191664964,8,0.40755394173453113
γ=0.7,191664964,9,0.41615593429043185
γ=0.7,191664964,10,0.42314247334396776
γ=0.7,191664964,11,0.42983949137924454
γ=0.7,191664964,12,0.4362424089776957
γ=0.7,191664964,13,0.4416150552495108
γ=0.7,191664964,14,0.44675090252707583
γ=0.7,191664964,15,0.45164133993787253
γ=0.7,191664964,16,0.45626679120141045
γ=0.7,191664964,17,0.46029127795858504
γ=0.7,191664964,18,0.46404117575723663
γ=0.7,191664964,19,0.46756646885453074
γ=0.7,191664964,20,0.47113592477541766
γ=0.7,191664964,21,0.47475522826039157
γ=0.7,191664964,22,0.47776310667755545
γ=0.7,191664964,23,0.48101134136147444
γ=0.7,191664964,24,0.48404835866006213
γ=0.7,191664964,25,0.4869801024263286
γ=0.7,191664964,26,0.489566851585154
γ=0.7,191664964,27,0.4922667189059599
γ=0.7,191664964,28,0.4948352063518716
γ=0.7,191664964,29,0.4973163028090522
γ=0.7,191664964,30,0.49943189768561275
γ=0.7,191664964,31,0.5017847422144345
γ=0.7,191664964,32,0.5041715641004114
γ=0.7,191664964,33,0.5063539432610039
γ=0.7,191664964,34,0.5083721424091423
γ=0.7,191664964,35,0.5101766674262685
γ=0.7,191664964,36,0.5121841155234657
γ=0.7,191664964,37,0.5142952120116085
γ=0.7,191664964,38,0.5163714213751994
γ=0.7,191664964,39,0.5183271657958922
γ=0.7,191664964,40,0.5203561833599194
γ=0.7,191664964,41,0.5224295639816444
γ=0.7,191664964,42,0.5242992671839956
γ=0.7,191664964,43,0.5260039088354912
γ=0.7,191664964,44,0.5277694033780844
γ=0.7,191664964,45,0.5295319919029096
γ=0.7,191664964,46,0.5312307220581632
γ=0.7,191664964,47,0.5328026837341489
γ=0.7,191664964,48,0.534272416253883
γ=0.7,191664964,49,0.5359091835878
γ=0.7,191664964,50,0.5375190999916044
γ=0.7,191664964,51,0.5390494204566219
γ=0.7,191664964,52,0.5406379364905097
γ=0.7,191664964,53,0.5422219511692854
γ=0.7,191664964,54,0.5437550723420926
γ=0.7,191664964,55,0.5454133306874471
γ=0.7,191664964,56,0.5469726363385586
γ=0.7,191664964,57,0.548377807923385
γ=0.7,191664964,58,0.5498315089789503
γ=0.7,191664964,59,0.5512558537970171
γ=0.7,191664964,60,0.5526096325525425
γ=0.7,191664964,61,0.5539568741389349
γ=0.7,191664964,62,0.5552477920924275
γ=0.7,191664964,63,0.5565323770344339
γ=0.7,191664964,64,0.5578633983292755
γ=0.7,191664964,65,0.5591276325051826
γ=0.7,191664964,66,0.560290589549258
γ=0.7,191664964,67,0.5614927628668845
γ=0.7,191664964,68,0.5626953829134709
γ=0.7,191664964,69,0.5639939454334625
γ=0.7,191664964,70,0.5652949854276359
γ=0.7,191664964,71,0.5665298144335749
γ=0.7,191664964,72,0.567721597216392
γ=0.7,191664964,73,0.5688876289098485
γ=0.7,191664964,74,0.5700822768869113
γ=0.7,191664964,75,0.5712361122771668
γ=0.7,191664964,76,0.5722546385693896
γ=0.7,191664964,77,0.5732657905439369
γ=0.7,191664964,78,0.5743145207295992
γ=0.7,191664964,79,0.5753584868364419
γ=0.7,191664964,80,0.5764015405927294
γ=0.7,191664964,81,0.5774794748292634
γ=0.7,191664964,82,0.5784835087877367
γ=0.7,191664964,83,0.5794679009885567
γ=0.7,191664964,84,0.580541296360707
γ=0.7,191664964,85,0.5815459757910384
γ=0.7,191664964,86,0.5824633473455257
γ=0.7,191664964,87,0.5834059504543757
γ=0.7,191664964,88,0.5843524129719663
γ=0.7,191664964,89,0.5853313762464873
γ=0.7,191664964,90,0.586262465134936
γ=0.7,191664964,91,0.587165248486716
γ=0.7,191664964,92,0.5881004223352181
γ=0.7,191664964,93,0.5890096170251949
γ=0.7,191664964,94,0.5899423382998372
γ=0.7,191664964,95,0.5907679323402958
γ=0.7,191664964,96,0.5915824482970924
γ=0.7,191664964,97,0.5924005099678283
γ=0.7,191664964,98,0.5932507080575492
γ=0.7,191664964,99,0.5940451445866608
γ=0.7,191664964,100,0.594858534128117
γ=0.7,191664964,101,0.5957277198629106
γ=0.7,191664964,102,0.596456398023906
γ=0.7,191664964,103,0.5972903402500586
γ=0.7,191664964,104,0.5980864488546462
γ=0.7,191664964,105,0.5988901815448705
γ=0.7,191664964,106,0.5996870658642796
γ=0.7,191664964,107,0.6005279028181757
γ=0.7,191664964,108,0.6013652179591228
γ=0.7,191664964,109,0.6021721498668642
γ=0.7,191664964,110,0.6029155631539982
γ=0.7,191664964,111,0.6037023086389218
γ=0.7,191664964,112,0.6044888728306368
γ=0.7,191664964,113,0.6052704312143976
γ=0.7,191664964,114,0.6059974047283434
γ=0.7,191664964,115,0.6068190529032352
γ=0.7,191664964,116,0.6075606726902689
γ=0.7,191664964,117,0.6082878212842111
γ=0.7,191664964,118,0.6090631221104548
γ=0.7,191664964,119,0.6098201013257288
γ=0.7,191664964,120,0.6105994458903535
γ=0.7,191664964,121,0.6113912342990125
γ=0.7,191664964,122,0.6121112045484888
γ=0.7,191664964,123,0.6128351670553899
γ=0.7,191664964,124,0.6135047976795643
γ=0.7,191664964,125,0.6142758794391739
γ=0.7,191664964,126,0.6150753671742674
γ=0.7,191664964,127,0.6157951658527783
γ=0.7,191664964,128,0.6164535408445975
γ=0.7,191664964,129,0.6170733977256383
γ=0.7,191664964,130,0.6177169778420724
γ=0.7,191664964,131,0.6183520140789739
γ=0.7,191664964,132,0.6191094048536748
γ=0.7,191664964,133,0.6198159532825852
γ=0.7,191664964,134,0.6204778099261061
γ=0.7,191664964,135,0.6210263155439882
γ=0.7,191664964,136,0.6216787991327839
γ=0.7,191664964,137,0.622205628484251
γ=0.7,191664964,138,0.6227336440922349
γ=0.7,191664964,139,0.6233117443581866
γ=0.7,191664964,140,0.6238003286277991
γ=0.7,191664964,141,0.6243355715647554
γ=0.7,191664964,142,0.6248833780113304
γ=0.7,191664964,143,0.6254123678353383
γ=0.7,191664964,144,0.6259229330497487
γ=0.7,191664964,145,0.6264290615165928
γ=0.7,191664964,146,0.6269012297829909
γ=0.7,191664964,147,0.6273881057754309
γ=0.7,191664964,148,0.6278689696328854
γ=0.7,191664964,149,0.6284008521816448
γ=0.7,191664964,150,0.6288861836397728
γ=0.7,191664964,151,0.6294190188711977
γ=0.7,191664964,152,0.6299423575730528
γ=0.7,191664964,153,0.630411115555841
γ=0.7,191664964,154,0.6309062233207979
γ=0.7,191664964,155,0.6314352956470164
γ=0.7,191664964,156,0.6319659267774456
γ=0.7,191664964,157,0.6325031670665718
γ=0.7,191664964,158,0.633010492375413
γ=0.7,191664964,159,0.6335119642590301
γ=0.7,191664964,160,0.6340546553605911
γ=0.7,191664964,161,0.6345773075777857
γ=0.7,191664964,162,0.635071740926273
γ=0.7,191664964,163,0.6355518665274611
γ=0.7,191664964,164,0.6360714424665865
γ=0.7,191664964,165,0.6365989675955254
γ=0.7,191664964,166,0.6371527584605907
γ=0.7,191664964,167,0.6376664855160806
γ=0.7,191664964,168,0.6381838416669665
γ=0.7,191664964,169,0.638661790925697
γ=0.7,191664964,170,0.6391906640920157
γ=0.7,191664964,171,0.6397079509284505
γ=0.7,191664964,172,0.6401931085785467
γ=0.7,191664964,173,0.640669017758394
γ=0.7,191664964,174,0.6411867422849737
γ=0.7,191664964,175,0.6415990021228877
γ=0.7,191664964,176,0.6420898176628174
γ=0.7,191664964,177,0.6425546911723342
γ=0.7,191664964,178,0.6429794383248796
γ=0.7,191664964,179,0.6433727051047597
γ=0.7,191664964,180,0.6437469099525182
γ=0.7,191664964,181,0.6441417956659219
γ=0.7,191664964,182,0.6445570213515811
γ=0.7,191664964,183,0.6449511931157909
γ=0.7,191664964,184,0.6453248823703336
γ=0.7,191664964,185,0.6456768329071243
γ=0.7,191664964,186,0.6460536614297979
γ=0.7,191664964,187,0.6464118684162441
γ=0.7,191664964,188,0.6468131550131561
γ=0.7,191664964,189,0.6472101951910532
γ=0.7,191664964,190,0.6474978900529806
γ=0.7,191664964,191,0.6478669679705635
γ=0.7,191664964,192,0.6481799474575322
γ=0.7,191664964,193,0.648528834103365
γ=0.7,191664964,194,0.6488306313058967
γ=0.7,191664964,195,0.6491803525721752
γ=0.7,191664964,196,0.6495256485601546
γ=0.7,191664964,197,0.6498638165377991
γ=0.7,191664964,198,0.6501979326469294
γ=0.7,191664964,199,0.6504947287018588
γ=0.7,191664964,200,0.6508166820586013
γ=0.0,191664964,1,0.05650239274620099
γ=0.0,191664964,2,0.09489127697086727
γ=0.0,191664964,3,0.12467467047267232
γ=0.0,191664964,4,0.15020779111745444
γ=0.0,191664964,5,0.17195869364453029
γ=0.0,191664964,6,0.19180449444491085
γ=0.0,191664964,7,0.20894251412259973
γ=0.0,191664964,8,0.2258993787255478
γ=0.0,191664964,9,0.2410610173602366
γ=0.0,191664964,10,0.254844261606918
γ=0.0,191664964,11,0.2678082139504354
γ=0.0,191664964,12,0.28012621386393527
γ=0.0,191664964,13,0.2920538868402188
γ=0.0,191664964,14,0.30330906604939006
γ=0.0,191664964,15,0.3137100159516414
γ=0.0,191664964,16,0.3238865334564688
γ=0.0,191664964,17,0.3333670803557759
γ=0.0,191664964,18,0.3421650388529744
γ=0.0,191664964,19,0.35072401009239584
γ=0.0,191664964,20,0.3593170178826295
γ=0.0,191664964,21,0.36734950885735873
γ=0.0,191664964,22,0.37506582914189324
γ=0.0,191664964,23,0.38226082576208326
γ=0.0,191664964,24,0.3890993619343464
γ=0.0,191664964,25,0.39606582150952907
γ=0.0,191664964,26,0.4025141595034971
γ=0.0,191664964,27,0.4090880822893248
γ=0.0,191664964,28,0.41573365556448416
γ=0.0,191664964,29,0.4218644602642009
γ=0.0,191664964,30,0.4274885959757087
γ=0.0,191664964,31,0.43347569744421666
γ=0.0,191664964,32,0.43899809000083956
γ=0.0,191664964,33,0.44425066719584394
γ=0.0,191664964,34,0.44918315743726756
γ=0.0,191664964,35,0.4541864063230867
γ=0.0,191664964,36,0.45918455396039143
γ=0.0,191664964,37,0.46377071387565894
γ=0.0,191664964,38,0.46811991569049394
γ=0.0,191664964,39,0.4725851346202283
γ=0.0,191664964,40,0.47695617496431875
γ=0.0,191664964,41,0.48119180671279477
γ=0.0,191664964,42,0.48530669928957226
γ=0.0,191664964,43,0.48910914866656385
γ=0.0,191664964,44,0.49307839964585826
γ=0.0,191664964,45,0.49699530779205037
γ=0.0,191664964,46,0.5008222213299361
γ=0.0,191664964,47,0.5045550599570932
γ=0.0,191664964,48,0.5080947583466263
γ=0.0,191664964,49,0.5115139666814589
γ=0.0,191664964,50,0.5147611451599362
γ=0.0,191664964,51,0.5181172124630223
γ=0.0,191664964,52,0.5214854723817028
γ=0.0,191664964,53,0.5245507957603801
γ=0.0,191664964,54,0.5276533985080707
γ=0.0,191664964,55,0.530717213271155
γ=0.0,191664964,56,0.533551668925483
γ=0.0,191664964,57,0.5363131824187284
γ=0.0,191664964,58,0.539095272697796
γ=0.0,191664964,59,0.5418947590106853
γ=0.0,191664964,60,0.544568745977108
γ=0.0,191664964,61,0.5471468032718069
γ=0.0,191664964,62,0.5496870607543582
γ=0.0,191664964,63,0.5521986479084959
γ=0.0,191664964,64,0.5546297802451515
γ=0.0,191664964,65,0.5570138785737813
γ=0.0,191664964,66,0.5592519519771639
γ=0.0,191664964,67,0.5615153182120628
γ=0.0,191664964,68,0.5636781620548479
γ=0.0,191664964,69,0.5659133744352741
γ=0.0,191664964,70,0.5680817251760079
γ=0.0,191664964,71,0.5701535212450084
γ=0.0,191664964,72,0.572230151400666
γ=0.0,191664964,73,0.574240111880005
γ=0.0,191664964,74,0.5761299457462669
γ=0.0,191664964,75,0.5779497943077827
γ=0.0,191664964,76,0.5797852714651207
γ=0.0,191664964,77,0.5815092891324946
γ=0.0,191664964,78,0.5831385123426094
γ=0.0,191664964,79,0.5848439215319526
γ=0.0,191664964,80,0.5865575938208379
γ=0.0,191664964,81,0.5881978583962745
γ=0.0,191664964,82,0.5899184193336351
γ=0.0,191664964,83,0.5915626235948749
γ=0.0,191664964,84,0.5932166544730562
γ=0.0,191664964,85,0.594715710144355
γ=0.0,191664964,86,0.5961525695419322
γ=0.0,191664964,87,0.5976403536960425
γ=0.0,191664964,88,0.5991363025774494
γ=0.0,191664964,89,0.6006415559595086
γ=0.0,191664964,90,0.602104030821183
γ=0.0,191664964,91,0.6034342619851812
γ=0.0,191664964,92,0.6047875913021576
γ=0.0,191664964,93,0.6060838314271708
γ=0.0,191664964,94,0.6072314702840392
γ=0.0,191664964,95,0.608457021152495
γ=0.0,191664964,96,0.6095940727059022
γ=0.0,191664964,97,0.6106687312343178
γ=0.0,191664964,98,0.6117844249613204
γ=0.0,191664964,99,0.6128801235425364
γ=0.0,191664964,100,0.6138821257660986
γ=0.0,191664964,101,0.6150272108900084
γ=0.0,191664964,102,0.6161329698532086
γ=0.0,191664964,103,0.6171695740170015
γ=0.0,191664964,104,0.6182847303397635
γ=0.0,191664964,105,0.6193330694715968
γ=0.0,191664964,106,0.6204293478519144
γ=0.0,191664964,107,0.6215282817971608
γ=0.0,191664964,108,0.6225878195381176
γ=0.0,191664964,109,0.6235817019037988
γ=0.0,191664964,110,0.6246013997756084
γ=0.0,191664964,111,0.6256023465325791
γ=0.0,191664964,112,0.6265824208114948
γ=0.0,191664964,113,0.6275507209443492
γ=0.0,191664964,114,0.6284479038247116
γ=0.0,191664964,115,0.6293064868791362
γ=0.0,191664964,116,0.630200929885154
γ=0.0,191664964,117,0.6310165780823156
γ=0.0,191664964,118,0.6319571425928746
γ=0.0,191664964,119,0.6328991843568087
γ=0.0,191664964,120,0.6337894943049841
γ=0.0,191664964,121,0.6346428851447131
γ=0.0,191664964,122,0.6354871031186216
γ=0.0,191664964,123,0.6362803939516182
γ=0.0,191664964,124,0.6370791705146502
γ=0.0,191664964,125,0.6379105028964823
γ=0.0,191664964,126,0.6387003210317793
γ=0.0,191664964,127,0.6395186874833493
γ=0.0,191664964,128,0.6403462398203341
γ=0.0,191664964,129,0.641089046084038
γ=0.0,191664964,130,0.641886620641553
γ=0.0,191664964,131,0.6425935100083892
γ=0.0,191664964,132,0.6433780971498207
γ=0.0,191664964,133,0.6441922327437265
γ=0.0,191664964,134,0.6449428409960942
γ=0.0,191664964,135,0.6456540328423461
γ=0.0,191664964,136,0.646340258880817
γ=0.0,191664964,137,0.6469858261424298
γ=0.0,191664964,138,0.6476868294926501
γ=0.0,191664964,139,0.6483578144620564
γ=0.0,191664964,140,0.648968540484786
γ=0.0,191664964,141,0.6496030548077913
γ=0.0,191664964,142,0.6502357271831813
γ=0.0,191664964,143,0.6508483959999365
γ=0.0,191664964,144,0.6514429355684288
γ=0.0,191664964,145,0.6521030979766602
γ=0.0,191664964,146,0.6526432341234015
γ=0.0,191664964,147,0.6531803049487783
γ=0.0,191664964,148,0.6537316743323796
γ=0.0,191664964,149,0.6542722620058499
γ=0.0,191664964,150,0.6548481795539138
γ=0.0,191664964,151,0.6554423230571551
γ=0.0,191664964,152,0.6559800427733762
γ=0.0,191664964,153,0.656566155412995
γ=0.0,191664964,154,0.6571263930427729
γ=0.0,191664964,155,0.6577281504491647
γ=0.0,191664964,156,0.6583106221570667
γ=0.0,191664964,157,0.6589156199348993
γ=0.0,191664964,158,0.659540059236808
γ=0.0,191664964,159,0.6600674076972345
γ=0.0,191664964,160,0.6606364390059608
γ=0.0,191664964,161,0.6612098738521884
γ=0.0,191664964,162,0.6617793387376126
γ=0.0,191664964,163,0.6623374382498417
γ=0.0,191664964,164,0.6628951307563618
γ=0.0,191664964,165,0.6634580207244132
γ=0.0,191664964,166,0.6640136231265419
γ=0.0,191664964,167,0.6644627795873285
γ=0.0,191664964,168,0.6650182804210594
γ=0.0,191664964,169,0.6655326809935026
γ=0.0,191664964,170,0.666066710455486
γ=0.0,191664964,171,0.6666224792945339
γ=0.0,191664964,172,0.667160314971699
γ=0.0,191664964,173,0.6676601460834523
γ=0.0,191664964,174,0.6681853536333169
γ=0.0,191664964,175,0.6687477361862384
γ=0.0,191664964,176,0.6691737393242305
γ=0.0,191664964,177,0.669630029118979
γ=0.0,191664964,178,0.6700771829269327
γ=0.0,191664964,179,0.6705369291519176
γ=0.0,191664964,180,0.6709621824830456
γ=0.0,191664964,181,0.6713600084605391
γ=0.0,191664964,182,0.6717809098801458
γ=0.0,191664964,183,0.672194458628269
γ=0.0,191664964,184,0.6725654126802773
γ=0.0,191664964,185,0.6729573163121984
γ=0.0,191664964,186,0.6733255967421459
γ=0.0,191664964,187,0.6737175495441458
γ=0.0,191664964,188,0.6740742957073471
γ=0.0,191664964,189,0.6744119414759998
γ=0.0,191664964,190,0.6747387421622648
γ=0.0,191664964,191,0.6751210219248256
γ=0.0,191664964,192,0.6754752697086727
γ=0.0,191664964,193,0.6757899586005535
γ=0.0,191664964,194,0.6761477089098096
γ=0.0,191664964,195,0.6764875820454698
γ=0.0,191664964,196,0.6768631808360991
γ=0.0,191664964,197,0.6772134447234929
γ=0.0,191664964,198,0.677605964777487
γ=0.0,191664964,199,0.6779361082129647
γ=0.0,191664964,200,0.6782581227436824
γ=1.5,191664964,1,0.5009235160775753
γ=1.5,191664964,2,0.5086684577281505
γ=1.5,191664964,3,0.5044636610416141
γ=1.5,191664964,4,0.49345143144992026
γ=1.5,191664964,5,0.4844849298967342
γ=1.5,191664964,6,0.4773808524333249
γ=1.5,191664964,7,0.47193470621394384
γ=1.5,191664964,8,0.46855847535891193
γ=1.5,191664964,9,0.4647757908189442
γ=1.5,191664964,10,0.4619763244060112
γ=1.5,191664964,11,0.46091466253501334
γ=1.5,191664964,12,0.4597850726219461
γ=1.5,191664964,13,0.4589261380882572
γ=1.5,191664964,14,0.4583098456408842
γ=1.5,191664964,15,0.45797721993675317
γ=1.5,191664964,16,0.45785933171018384
γ=1.5,191664964,17,0.45777012845269077
γ=1.5,191664964,18,0.45807796714521587
γ=1.5,191664964,19,0.45834235492181047
γ=1.5,191664964,20,0.45912182016623293
γ=1.5,191664964,21,0.45978707157449494
γ=1.5,191664964,22,0.4604815258622663
γ=1.5,191664964,23,0.46129080535712325
γ=1.5,191664964,24,0.4620641283967202
γ=1.5,191664964,25,0.4629031987238687
γ=1.5,191664964,26,0.4639634985113954
γ=1.5,191664964,27,0.4652577604890593
γ=1.5,191664964,28,0.4663831152476102
γ=1.5,191664964,29,0.4674887600276766
γ=1.5,191664964,30,0.46847451935185963
γ=1.5,191664964,31,0.4697108392621621
γ=1.5,191664964,32,0.4707859331710184
γ=1.5,191664964,33,0.4721253335979219
γ=1.5,191664964,34,0.4731180273301497
γ=1.5,191664964,35,0.4741727334876525
γ=1.5,191664964,36,0.47547901566245954
γ=1.5,191664964,37,0.4769018871948937
γ=1.5,191664964,38,0.47805102757733886
γ=1.5,191664964,39,0.4794501527353513
γ=1.5,191664964,40,0.4807667282344052
γ=1.5,191664964,41,0.48215832464764075
γ=1.5,191664964,42,0.48358760009754886
γ=1.5,191664964,43,0.48500116171684177
γ=1.5,191664964,44,0.486231214843422
γ=1.5,191664964,45,0.48785996138023674
γ=1.5,191664964,46,0.4894188054155275
γ=1.5,191664964,47,0.4908925595328474
γ=1.5,191664964,48,0.4920862717935802
γ=1.5,191664964,49,0.49351225672033566
γ=1.5,191664964,50,0.49484678028712953
γ=1.5,191664964,51,0.49611991551721024
γ=1.5,191664964,52,0.4974417635928004
γ=1.5,191664964,53,0.4987850140111488
γ=1.5,191664964,54,0.5001072771201224
γ=1.5,191664964,55,0.5014081712091956
γ=1.5,191664964,56,0.50271957494273
γ=1.5,191664964,57,0.5039540333496826
γ=1.5,191664964,58,0.5052870571682507
γ=1.5,191664964,59,0.50645536315242
γ=1.5,191664964,60,0.50783309545798
γ=1.5,191664964,61,0.509073442237579
γ=1.5,191664964,62,0.5103665356772407
γ=1.5,191664964,63,0.5115646068126968
γ=1.5,191664964,64,0.5129220101166988
γ=1.5,191664964,65,0.5141252752788308
γ=1.5,191664964,66,0.5152399233710627
γ=1.5,191664964,67,0.516447858933859
γ=1.5,191664964,68,0.5176486638648408
γ=1.5,191664964,69,0.518770251344817
γ=1.5,191664964,70,0.5199485469613923
γ=1.5,191664964,71,0.5211084321393055
γ=1.5,191664964,72,0.5221801276131306
γ=1.5,191664964,73,0.5232477633774696
γ=1.5,191664964,74,0.5244334671334923
γ=1.5,191664964,75,0.5255198276103321
γ=1.5,191664964,76,0.526472102302604
γ=1.5,191664964,77,0.5275086763626768
γ=1.5,191664964,78,0.5285235152164881
γ=1.5,191664964,79,0.5295939611188041
γ=1.5,191664964,80,0.5305731046931408
γ=1.5,191664964,81,0.531564867416881
γ=1.5,191664964,82,0.5324899508754973
γ=1.5,191664964,83,0.5333831337439422
γ=1.5,191664964,84,0.5342950294045921
γ=1.5,191664964,85,0.5351602818946402
γ=1.5,191664964,86,0.5360610574942452
γ=1.5,191664964,87,0.5368919100184606
γ=1.5,191664964,88,0.5377010173941582
γ=1.5,191664964,89,0.5385914634664021
γ=1.5,191664964,90,0.5394574576255375
γ=1.5,191664964,91,0.5403514712136994
γ=1.5,191664964,92,0.5412073421353297
γ=1.5,191664964,93,0.5420154677658584
γ=1.5,191664964,94,0.5428363197259104
γ=1.5,191664964,95,0.543612052547623
γ=1.5,191664964,96,0.544357631601041
γ=1.5,191664964,97,0.5451436643075318
γ=1.5,191664964,98,0.5459809060052533
γ=1.5,191664964,99,0.5467851209602532
γ=1.5,191664964,100,0.5475547812946017
γ=1.5,191664964,101,0.5483279039011281
γ=1.5,191664964,102,0.5490689937296386
γ=1.5,191664964,103,0.5497924330369333
γ=1.5,191664964,104,0.5505027673191555
γ=1.5,191664964,105,0.5512279565507674
γ=1.5,191664964,106,0.5519945095939539
γ=1.5,191664964,107,0.5527467345428752
γ=1.5,191664964,108,0.5534535458975054
γ=1.5,191664964,109,0.5541485435943491
γ=1.5,191664964,110,0.5548492226436983
γ=1.5,191664964,111,0.5556076183647336
γ=1.5,191664964,112,0.5564019453806206
γ=1.5,191664964,113,0.5570993719644889
γ=1.5,191664964,114,0.557742584990728
γ=1.5,191664964,115,0.5585082112625158
γ=1.5,191664964,116,0.5592367530448528
γ=1.5,191664964,117,0.5599711392256099
γ=1.5,191664964,118,0.5606543018915715
γ=1.5,191664964,119,0.5613492647499768
γ=1.5,191664964,120,0.562036143061036
γ=1.5,191664964,121,0.562797705572528
γ=1.5,191664964,122,0.5635013646291968
γ=1.5,191664964,123,0.5642365839324585
γ=1.5,191664964,124,0.5649359090675196
γ=1.5,191664964,125,0.5656102762152632
γ=1.5,191664964,126,0.5663195818724321
γ=1.5,191664964,127,0.5670620091135237
γ=1.5,191664964,128,0.5677652878641591
γ=1.5,191664964,129,0.5684254473911484
γ=1.5,191664964,130,0.5691548859167028
γ=1.5,191664964,131,0.5698616520363177
γ=1.5,191664964,132,0.5705729743069177
γ=1.5,191664964,133,0.5712006908380008
γ=1.5,191664964,134,0.5718779329780449
γ=1.5,191664964,135,0.5724820194218229
γ=1.5,191664964,136,0.5731599436013176
γ=1.5,191664964,137,0.5737476919758281
γ=1.5,191664964,138,0.5743588620432458
γ=1.5,191664964,139,0.5749561042963128
γ=1.5,191664964,140,0.5755085335284312
γ=1.5,191664964,141,0.5760296072942884
γ=1.5,191664964,142,0.5766196118867516
γ=1.5,191664964,143,0.5771185828695693
γ=1.5,191664964,144,0.577697494846034
γ=1.5,191664964,145,0.5782302073713373
γ=1.5,191664964,146,0.5787317582573033
γ=1.5,191664964,147,0.5792430480713819
γ=1.5,191664964,148,0.5797704030115246
γ=1.5,191664964,149,0.5802861716567902
γ=1.5,191664964,150,0.5807737945316654
γ=1.5,191664964,151,0.5813672708348507
γ=1.5,191664964,152,0.5818924567737033
γ=1.5,191664964,153,0.5823709944616472
γ=1.5,191664964,154,0.5828746645848485
γ=1.5,191664964,155,0.5834029807090763
γ=1.5,191664964,156,0.5838970763935083
γ=1.5,191664964,157,0.5843872842477675
γ=1.5,191664964,158,0.5848909475232447
γ=1.5,191664964,159,0.5853602900759247
γ=1.5,191664964,160,0.5858261271093946
γ=1.5,191664964,161,0.5862830485521239
γ=1.5,191664964,162,0.5867516902624507
γ=1.5,191664964,163,0.5871973270055569
γ=1.5,191664964,164,0.5876393208982883
γ=1.5,191664964,165,0.5881029249764033
γ=1.5,191664964,166,0.5885589204269012
γ=1.5,191664964,167,0.588983815594401
γ=1.5,191664964,168,0.5894328871671244
γ=1.5,191664964,169,0.5898600021162874
γ=1.5,191664964,170,0.5903250579049518
γ=1.5,191664964,171,0.5908406451159943
γ=1.5,191664964,172,0.5913097234723422
γ=1.5,191664964,173,0.5917675554194572
γ=1.5,191664964,174,0.5921899683186701
γ=1.5,191664964,175,0.5925720522446238
γ=1.5,191664964,176,0.5930156234496761
γ=1.5,191664964,177,0.593429043181373
γ=1.5,191664964,178,0.5938724849751764
γ=1.5,191664964,179,0.594278609181973
γ=1.5,191664964,180,0.5946676274965252
γ=1.5,191664964,181,0.5950017881237966
γ=1.5,191664964,182,0.595394321068068
γ=1.5,191664964,183,0.5957772881108659
γ=1.5,191664964,184,0.596174343774297
γ=1.5,191664964,185,0.5965183216967282
γ=1.5,191664964,186,0.5969057697637407
γ=1.5,191664964,187,0.5972780744173476
γ=1.5,191664964,188,0.5976553498732622
γ=1.5,191664964,189,0.5980206371861144
γ=1.5,191664964,190,0.5983582181884062
γ=1.5,191664964,191,0.5986905060701072
γ=1.5,191664964,192,0.5990092753896957
γ=1.5,191664964,193,0.5993310489759325
γ=1.5,191664964,194,0.5996832608166928
γ=1.5,191664964,195,0.6000215271812955
γ=1.5,191664964,196,0.6003368520609487
γ=1.5,191664964,197,0.6006636786283378
γ=1.5,191664964,198,0.6010050127672493
γ=1.5,191664964,199,0.6013414397991131
γ=1.5,191664964,200,0.6016679959701117
FixedSigmaNN,191664964,1,0.0640584333809084
FixedSigmaNN,191664964,2,0.10731676601460835
FixedSigmaNN,191664964,3,0.13953488372093023
FixedSigmaNN,191664964,4,0.16639031147678615
FixedSigmaNN,191664964,5,0.18889262026698012
FixedSigmaNN,191664964,6,0.20866565919458202
FixedSigmaNN,191664964,7,0.2270950022188373
FixedSigmaNN,191664964,8,0.24346717320124256
FixedSigmaNN,191664964,9,0.2591955148835344
FixedSigmaNN,191664964,10,0.2733607589623038
FixedSigmaNN,191664964,11,0.28656093298020924
FixedSigmaNN,191664964,12,0.2986595024207315
FixedSigmaNN,191664964,13,0.30997203619149727
FixedSigmaNN,191664964,14,0.32071194693980354
FixedSigmaNN,191664964,15,0.3312288360898889
FixedSigmaNN,191664964,16,0.34102930064646125
FixedSigmaNN,191664964,17,0.35027927718816515
FixedSigmaNN,191664964,18,0.3588233099189358
FixedSigmaNN,191664964,19,0.36725671537587984
FixedSigmaNN,191664964,20,0.3758059776677021
FixedSigmaNN,191664964,21,0.3834890517368899
FixedSigmaNN,191664964,22,0.39099457338899873
FixedSigmaNN,191664964,23,0.39780363785028816
FixedSigmaNN,191664964,24,0.40479563708616684
FixedSigmaNN,191664964,25,0.411547309209974
FixedSigmaNN,191664964,26,0.4176230116957176
FixedSigmaNN,191664964,27,0.4240571273985765
FixedSigmaNN,191664964,28,0.42995820190220324
FixedSigmaNN,191664964,29,0.43568825108057174
FixedSigmaNN,191664964,30,0.44117062659166595
FixedSigmaNN,191664964,31,0.44648617027903187
FixedSigmaNN,191664964,32,0.4515049114264126
FixedSigmaNN,191664964,33,0.45660237671823595
FixedSigmaNN,191664964,34,0.4613975218162154
FixedSigmaNN,191664964,35,0.46594384542499734
FixedSigmaNN,191664964,36,0.4704789690202334
FixedSigmaNN,191664964,37,0.47498337897968496
FixedSigmaNN,191664964,38,0.47918332898824173
FixedSigmaNN,191664964,39,0.48340684865745737
FixedSigmaNN,191664964,40,0.48746012089665014
FixedSigmaNN,191664964,41,0.4913044101476192
FixedSigmaNN,191664964,42,0.4952105096929209
FixedSigmaNN,191664964,43,0.49883730692558964
FixedSigmaNN,191664964,44,0.5024967371642713
FixedSigmaNN,191664964,45,0.5060709521544043
FixedSigmaNN,191664964,46,0.5095290068004366
FixedSigmaNN,191664964,47,0.5127791760521743
FixedSigmaNN,191664964,48,0.5160574608904934
FixedSigmaNN,191664964,49,0.5191128420136419
FixedSigmaNN,191664964,50,0.5222827638317521
FixedSigmaNN,191664964,51,0.5254477242160402
FixedSigmaNN,191664964,52,0.52833676691875
FixedSigmaNN,191664964,53,0.5313124224793001
FixedSigmaNN,191664964,54,0.534142109534604
FixedSigmaNN,191664964,55,0.5369971225986674
FixedSigmaNN,191664964,56,0.5396954495844177
FixedSigmaNN,191664964,57,0.5423145640105638
FixedSigmaNN,191664964,58,0.5449323864639756
FixedSigmaNN,191664964,59,0.5474906403281968
FixedSigmaNN,191664964,60,0.5499517252959449
FixedSigmaNN,191664964,61,0.5524009353524981
FixedSigmaNN,191664964,62,0.5546986927237225
FixedSigmaNN,191664964,63,0.556994801390738
FixedSigmaNN,191664964,64,0.5592421133825876
FixedSigmaNN,191664964,65,0.5614777548872084
FixedSigmaNN,191664964,66,0.5635884069474868
FixedSigmaNN,191664964,67,0.5657713865397219
FixedSigmaNN,191664964,68,0.5678450962283998
FixedSigmaNN,191664964,69,0.5698909423635927
FixedSigmaNN,191664964,70,0.5719724864171175
FixedSigmaNN,191664964,71,0.5739327240413348
FixedSigmaNN,191664964,72,0.5757650491142641
FixedSigmaNN,191664964,73,0.5776857584160145
FixedSigmaNN,191664964,74,0.5794229499417981
FixedSigmaNN,191664964,75,0.5810449724344444
FixedSigmaNN,191664964,76,0.5827944315073638
FixedSigmaNN,191664964,77,0.5843496189814719
FixedSigmaNN,191664964,78,0.5860425290993673
FixedSigmaNN,191664964,79,0.5876856729605332
FixedSigmaNN,191664964,80,0.5892431365964235
FixedSigmaNN,191664964,81,0.5908165602705664
FixedSigmaNN,191664964,82,0.5923244756333048
FixedSigmaNN,191664964,83,0.5938471373530391
FixedSigmaNN,191664964,84,0.5953975117038671
FixedSigmaNN,191664964,85,0.5968343646752631
FixedSigmaNN,191664964,86,0.5982519578345598
FixedSigmaNN,191664964,87,0.5997093385135155
FixedSigmaNN,191664964,88,0.6009861968692042
FixedSigmaNN,191664964,89,0.6023291660338521
FixedSigmaNN,191664964,90,0.6035933171018386
FixedSigmaNN,191664964,91,0.6047715612403716
FixedSigmaNN,191664964,92,0.606000390577946
FixedSigmaNN,191664964,93,0.6071301218806507
FixedSigmaNN,191664964,94,0.6082304574530605
FixedSigmaNN,191664964,95,0.6093451873323641
FixedSigmaNN,191664964,96,0.6103934038563793
FixedSigmaNN,191664964,97,0.6114870859216163
FixedSigmaNN,191664964,98,0.6125742967827715
FixedSigmaNN,191664964,99,0.613676857569058
FixedSigmaNN,191664964,100,0.6146297540088993
FixedSigmaNN,191664964,101,0.6156892995990894
FixedSigmaNN,191664964,102,0.616718604157304
FixedSigmaNN,191664964,103,0.6176415208915964
FixedSigmaNN,191664964,104,0.618590281769276
FixedSigmaNN,191664964,105,0.619554553414011
FixedSigmaNN,191664964,106,0.6205889434690939
FixedSigmaNN,191664964,107,0.6215749676141664
FixedSigmaNN,191664964,108,0.6226352391346934
FixedSigmaNN,191664964,109,0.623576310233621
FixedSigmaNN,191664964,110,0.6245765945917067
FixedSigmaNN,191664964,111,0.6255149869036193
FixedSigmaNN,191664964,112,0.6264639828729746
FixedSigmaNN,191664964,113,0.6273163128007649
FixedSigmaNN,191664964,114,0.6281772561703983
FixedSigmaNN,191664964,115,0.6290130058805707
FixedSigmaNN,191664964,116,0.6298292798022113
FixedSigmaNN,191664964,117,0.630583164165567
FixedSigmaNN,191664964,118,0.6314818662139684
FixedSigmaNN,191664964,119,0.6324010924158094
FixedSigmaNN,191664964,120,0.63322908795791
FixedSigmaNN,191664964,121,0.6340340306307594
FixedSigmaNN,191664964,122,0.6348650028696439
FixedSigmaNN,191664964,123,0.635703964293442
FixedSigmaNN,191664964,124,0.6364745518509591
FixedSigmaNN,191664964,125,0.6372878851481822
FixedSigmaNN,191664964,126,0.6380709841376452
FixedSigmaNN,191664964,127,0.6388860426113095
FixedSigmaNN,191664964,128,0.6397319835656117
FixedSigmaNN,191664964,129,0.6404470104177039
FixedSigmaNN,191664964,130,0.6412081915230264
FixedSigmaNN,191664964,131,0.6418545689692189
FixedSigmaNN,191664964,132,0.6425989599631611
FixedSigmaNN,191664964,133,0.643303435315684
FixedSigmaNN,191664964,134,0.6440249637548133
FixedSigmaNN,191664964,135,0.6446823197977594
FixedSigmaNN,191664964,136,0.6454195207593574
FixedSigmaNN,191664964,137,0.6460074628923641
FixedSigmaNN,191664964,138,0.6466279495631246
FixedSigmaNN,191664964,139,0.6472247103668757
FixedSigmaNN,191664964,140,0.6477682694268203
FixedSigmaNN,191664964,141,0.6483845018401847
FixedSigmaNN,191664964,142,0.6489941242619853
FixedSigmaNN,191664964,143,0.6495746718230138
FixedSigmaNN,191664964,144,0.6501468647095588
FixedSigmaNN,191664964,145,0.65074937973881
FixedSigmaNN,191664964,146,0.651283261817383
FixedSigmaNN,191664964,147,0.6518595684432785
FixedSigmaNN,191664964,148,0.6523679564880975
FixedSigmaNN,191664964,149,0.6529253033826382
FixedSigmaNN,191664964,150,0.6534268043545183
FixedSigmaNN,191664964,151,0.6539906069352109
FixedSigmaNN,191664964,152,0.6545323539938757
FixedSigmaNN,191664964,153,0.6551605782099591
FixedSigmaNN,191664964,154,0.6557103168848615
FixedSigmaNN,191664964,155,0.6563095647558098
FixedSigmaNN,191664964,156,0.6568295520839388
FixedSigmaNN,191664964,157,0.6573520061475048
FixedSigmaNN,191664964,158,0.6579180610625854
FixedSigmaNN,191664964,159,0.65843871396294
FixedSigmaNN,191664964,160,0.6590118902694987
FixedSigmaNN,191664964,161,0.6595729924476096
FixedSigmaNN,191664964,162,0.6601017733374378
FixedSigmaNN,191664964,163,0.6606578030412676
FixedSigmaNN,191664964,164,0.661173008758045
FixedSigmaNN,191664964,165,0.6617572755512474
FixedSigmaNN,191664964,166,0.6622821569208578
FixedSigmaNN,191664964,167,0.662780391697505
FixedSigmaNN,191664964,168,0.6632874373828115
FixedSigmaNN,191664964,169,0.6637646370343361
FixedSigmaNN,191664964,170,0.6643070913194428
FixedSigmaNN,191664964,171,0.6648937711025387
FixedSigmaNN,191664964,172,0.6654060249173619
FixedSigmaNN,191664964,173,0.6659397758811377
FixedSigmaNN,191664964,174,0.6664565353961421
FixedSigmaNN,191664964,175,0.6669086198831812
FixedSigmaNN,191664964,176,0.6674020767663199
FixedSigmaNN,191664964,177,0.6678346986856853
FixedSigmaNN,191664964,178,0.6682733079327107
FixedSigmaNN,191664964,179,0.6686866138009605
FixedSigmaNN,191664964,180,0.669068974524016
FixedSigmaNN,191664964,181,0.6694399206638926
FixedSigmaNN,191664964,182,0.6698792140610628
FixedSigmaNN,191664964,183,0.6702710402699805
FixedSigmaNN,191664964,184,0.6706645391727778
FixedSigmaNN,191664964,185,0.6710549185740184
FixedSigmaNN,191664964,186,0.671451482004075
FixedSigmaNN,191664964,187,0.6718193356520755
FixedSigmaNN,191664964,188,0.6721754609095473
FixedSigmaNN,191664964,189,0.6725193776239029
FixedSigmaNN,191664964,190,0.6728146030427425
FixedSigmaNN,191664964,191,0.6731093744574178
FixedSigmaNN,191664964,192,0.6733999821593485
FixedSigmaNN,191664964,193,0.6736925809425084
FixedSigmaNN,191664964,194,0.6740405862379659
FixedSigmaNN,191664964,195,0.6744041814396948
FixedSigmaNN,191664964,196,0.674728942034374
FixedSigmaNN,191664964,197,0.6750629776596049
FixedSigmaNN,191664964,198,0.6754072078352155
FixedSigmaNN,191664964,199,0.6757176023683188
FixedSigmaNN,191664964,200,0.6760511292082948
MultiscaleMix,191664964,1,0.3813281840315675
MultiscaleMix,191664964,2,0.4295189320795903
MultiscaleMix,191664964,3,0.4455125514230543
MultiscaleMix,191664964,4,0.45367727310889094
MultiscaleMix,191664964,5,0.45524305264041637
MultiscaleMix,191664964,6,0.4577071614474016
MultiscaleMix,191664964,7,0.4588615565443708
MultiscaleMix,191664964,8,0.46064562169423223
MultiscaleMix,191664964,9,0.46106306961818677
MultiscaleMix,191664964,10,0.4618839727982537
MultiscaleMix,191664964,11,0.46325016600392294
MultiscaleMix,191664964,12,0.4649448688887023
MultiscaleMix,191664964,13,0.4662658305509452
MultiscaleMix,191664964,14,0.4670442688031472
MultiscaleMix,191664964,15,0.46855567682534355
MultiscaleMix,191664964,16,0.47032417513223074
MultiscaleMix,191664964,17,0.47158336090712
MultiscaleMix,191664964,18,0.47295217306131593
MultiscaleMix,191664964,19,0.47443318648396654
MultiscaleMix,191664964,20,0.47606414238938793
MultiscaleMix,191664964,21,0.4775717524017415
MultiscaleMix,191664964,22,0.4789117775013166
MultiscaleMix,191664964,23,0.4804272995732845
MultiscaleMix,191664964,24,0.48205265440908956
MultiscaleMix,191664964,25,0.48366048190748057
MultiscaleMix,191664964,26,0.4850493725903012
MultiscaleMix,191664964,27,0.4866929728822097
MultiscaleMix,191664964,28,0.4880677524976912
MultiscaleMix,191664964,29,0.48953300194835836
MultiscaleMix,191664964,30,0.4910908683849663
MultiscaleMix,191664964,31,0.4928623852714081
MultiscaleMix,191664964,32,0.49436970027705485
MultiscaleMix,191664964,33,0.49592304541511156
MultiscaleMix,191664964,34,0.4971850044694227
MultiscaleMix,191664964,35,0.4984120320951821
MultiscaleMix,191664964,36,0.4997434677562291
MultiscaleMix,191664964,37,0.501234380211796
MultiscaleMix,191664964,38,0.5027164187018635
MultiscaleMix,191664964,39,0.5041902658391619
MultiscaleMix,191664964,40,0.5056586348753253
MultiscaleMix,191664964,41,0.5072959817835943
MultiscaleMix,191664964,42,0.5086314771059964
MultiscaleMix,191664964,43,0.5100708159157159
MultiscaleMix,191664964,44,0.511400844139489
MultiscaleMix,191664964,45,0.5129730687786266
MultiscaleMix,191664964,46,0.5145006625224035
MultiscaleMix,191664964,47,0.5156676199543779
MultiscaleMix,191664964,48,0.5168261830800661
MultiscaleMix,191664964,49,0.5181404943809444
MultiscaleMix,191664964,50,0.5194358156326085
MultiscaleMix,191664964,51,0.5206737551875759
MultiscaleMix,191664964,52,0.5219964738477038
MultiscaleMix,191664964,53,0.5233603629434026
MultiscaleMix,191664964,54,0.5247483651899738
MultiscaleMix,191664964,55,0.5262347257309897
MultiscaleMix,191664964,56,0.5275360710987442
MultiscaleMix,191664964,57,0.5287836542073007
MultiscaleMix,191664964,58,0.530163366809585
MultiscaleMix,191664964,59,0.5315411334630146
MultiscaleMix,191664964,60,0.5328722749279378
MultiscaleMix,191664964,61,0.5341033429630414
MultiscaleMix,191664964,62,0.535302823900921
MultiscaleMix,191664964,63,0.5363995932797881
MultiscaleMix,191664964,64,0.5376372155990261
MultiscaleMix,191664964,65,0.5386953236504073
MultiscaleMix,191664964,66,0.5397817907053069
MultiscaleMix,191664964,67,0.5409999786977296
MultiscaleMix,191664964,68,0.5420773926227362
MultiscaleMix,191664964,69,0.543265328967621
MultiscaleMix,191664964,70,0.5445326648836011
MultiscaleMix,191664964,71,0.5456732503154262
MultiscaleMix,191664964,72,0.5467652450116139
MultiscaleMix,191664964,73,0.5478894264884653
MultiscaleMix,191664964,74,0.549058104364124
MultiscaleMix,191664964,75,0.5500853552738365
MultiscaleMix,191664964,76,0.5510231586017348
MultiscaleMix,191664964,77,0.552036914474997
MultiscaleMix,191664964,78,0.5530241384283867
MultiscaleMix,191664964,79,0.5540591666675522
MultiscaleMix,191664964,80,0.5551286625808077
MultiscaleMix,191664964,81,0.5561505030623213
MultiscaleMix,191664964,82,0.5570639765250813
MultiscaleMix,191664964,83,0.5579584731335719
MultiscaleMix,191664964,84,0.5590265700772795
MultiscaleMix,191664964,85,0.5599594048012959
MultiscaleMix,191664964,86,0.5608188053645936
MultiscaleMix,191664964,87,0.5617245528860119
MultiscaleMix,191664964,88,0.5625782317338441
MultiscaleMix,191664964,89,0.5635396041238435
MultiscaleMix,191664964,90,0.5643989216317318
MultiscaleMix,191664964,91,0.565187226508694
MultiscaleMix,191664964,92,0.5660309432639906
MultiscaleMix,191664964,93,0.5668592238312286
MultiscaleMix,191664964,94,0.567703374495594
MultiscaleMix,191664964,95,0.5686185701850125
MultiscaleMix,191664964,96,0.5693813316821986
MultiscaleMix,191664964,97,0.5701153832505169
MultiscaleMix,191664964,98,0.5709689551246575
MultiscaleMix,191664964,99,0.5717315036012038
MultiscaleMix,191664964,100,0.5725308538325917
MultiscaleMix,191664964,101,0.5733002441374186
MultiscaleMix,191664964,102,0.574078006653925
MultiscaleMix,191664964,103,0.5749176945843484
MultiscaleMix,191664964,104,0.5757376019581125
MultiscaleMix,191664964,105,0.576581471309034
MultiscaleMix,191664964,106,0.5774034783132128
MultiscaleMix,191664964,107,0.5782458216193779
MultiscaleMix,191664964,108,0.579020482156239
MultiscaleMix,191664964,109,0.5797512745523181
MultiscaleMix,191664964,110,0.5804752673235588
MultiscaleMix,191664964,111,0.5812905929184999
MultiscaleMix,191664964,112,0.5820883606989937
MultiscaleMix,191664964,113,0.5828712657222482
MultiscaleMix,191664964,114,0.5836264429018142
MultiscaleMix,191664964,115,0.5844075443597989
MultiscaleMix,191664964,116,0.5851165540980664
MultiscaleMix,191664964,117,0.5858496814335954
MultiscaleMix,191664964,118,0.5866166298351189
MultiscaleMix,191664964,119,0.5873939702654632
MultiscaleMix,191664964,120,0.5881737469565947
MultiscaleMix,191664964,121,0.5890055098731571
MultiscaleMix,191664964,122,0.5897424339809875
MultiscaleMix,191664964,123,0.590509694871107
MultiscaleMix,191664964,124,0.5912347897443675
MultiscaleMix,191664964,125,0.5919529846360507
MultiscaleMix,191664964,126,0.5927340740118845
MultiscaleMix,191664964,127,0.5934251869343299
MultiscaleMix,191664964,128,0.5941215709218369
MultiscaleMix,191664964,129,0.5947713630615697
MultiscaleMix,191664964,130,0.595428595416002
MultiscaleMix,191664964,131,0.596102710881788
MultiscaleMix,191664964,132,0.5968547026812496
MultiscaleMix,191664964,133,0.5975477270962647
MultiscaleMix,191664964,134,0.5982326007440758
MultiscaleMix,191664964,135,0.5987845035867871
MultiscaleMix,191664964,136,0.5994029863645567
MultiscaleMix,191664964,137,0.5999677045140754
MultiscaleMix,191664964,138,0.6005637828386621
MultiscaleMix,191664964,139,0.6012077585014517
MultiscaleMix,191664964,140,0.6017297935881598
MultiscaleMix,191664964,141,0.6023075397853227
MultiscaleMix,191664964,142,0.6028978420941229
MultiscaleMix,191664964,143,0.6034546429139662
MultiscaleMix,191664964,144,0.6040453968787023
MultiscaleMix,191664964,145,0.6046578213705672
MultiscaleMix,191664964,146,0.6051169461174948
MultiscaleMix,191664964,147,0.6056463555953823
MultiscaleMix,191664964,148,0.6061972580421913
MultiscaleMix,191664964,149,0.6067320321466989
MultiscaleMix,191664964,150,0.6072829037584305
MultiscaleMix,191664964,151,0.6078211970569806
MultiscaleMix,191664964,152,0.6084012898293926
MultiscaleMix,191664964,153,0.6089477349163155
MultiscaleMix,191664964,154,0.6094827219627825
MultiscaleMix,191664964,155,0.6100232639387284
MultiscaleMix,191664964,156,0.6105412686829025
MultiscaleMix,191664964,157,0.6110529420163452
MultiscaleMix,191664964,158,0.6115578727885829
MultiscaleMix,191664964,159,0.6121108388261155
MultiscaleMix,191664964,160,0.6126957224414408
MultiscaleMix,191664964,161,0.6132996744488496
MultiscaleMix,191664964,162,0.6138116960046269
MultiscaleMix,191664964,163,0.6143364925858604
MultiscaleMix,191664964,164,0.6148856048211226
MultiscaleMix,191664964,165,0.6154326405690691
MultiscaleMix,191664964,166,0.6159619588251419
MultiscaleMix,191664964,167,0.6164711128494418
MultiscaleMix,191664964,168,0.6169712070874861
MultiscaleMix,191664964,169,0.6174556958189412
MultiscaleMix,191664964,170,0.6180384419740527
MultiscaleMix,191664964,171,0.6185611020526999
MultiscaleMix,191664964,172,0.6190986736903351
MultiscaleMix,191664964,173,0.6196028541160039
MultiscaleMix,191664964,174,0.6201572100357343
MultiscaleMix,191664964,175,0.620610719982729
MultiscaleMix,191664964,176,0.621099623342823
MultiscaleMix,191664964,177,0.6215749387998655
MultiscaleMix,191664964,178,0.6220515169152488
MultiscaleMix,191664964,179,0.6225007258207872
MultiscaleMix,191664964,180,0.622874047332531
MultiscaleMix,191664964,181,0.623272466001296
MultiscaleMix,191664964,182,0.6237084844464578
MultiscaleMix,191664964,183,0.62415395971855
MultiscaleMix,191664964,184,0.6245783948341505
MultiscaleMix,191664964,185,0.6249775928224421
MultiscaleMix,191664964,186,0.625394390113774
MultiscaleMix,191664964,187,0.6258168313386673
MultiscaleMix,191664964,188,0.6262218278473144
MultiscaleMix,191664964,189,0.6266136544450708
MultiscaleMix,191664964,190,0.6269690997706675
MultiscaleMix,191664964,191,0.6273177462339578
MultiscaleMix,191664964,192,0.627682000881538
MultiscaleMix,191664964,193,0.6280446558956475
MultiscaleMix,191664964,194,0.6284249939629573
MultiscaleMix,191664964,195,0.6288044449323938
MultiscaleMix,191664964,196,0.6291832365554735
MultiscaleMix,191664964,197,0.6295196139557897
MultiscaleMix,191664964,198,0.6298971157295395
MultiscaleMix,191664964,199,0.6302410803070849
MultiscaleMix,191664964,200,0.630601964570565
Multiscale,191664964,1,0.25514230543195365
Multiscale,191664964,2,0.31508689446729915
Multiscale,191664964,3,0.3478437298855399
Multiscale,191664964,4,0.36843044244815715
Multiscale,191664964,5,0.38189908487952323
Multiscale,191664964,6,0.39339686004533625
Multiscale,191664964,7,0.40188541204408884
Multiscale,191664964,8,0.4098364956762656
Multiscale,191664964,9,0.4160393287250815
Multiscale,191664964,10,0.4224540340861389
Multiscale,191664964,11,0.4279275841277352
Multiscale,191664964,12,0.4333809084039963
Multiscale,191664964,13,0.43860555530440515
Multiscale,191664964,14,0.4429788790673687
Multiscale,191664964,15,0.4474967117230571
Multiscale,191664964,16,0.4513448702879691
Multiscale,191664964,17,0.4552366324751712
Multiscale,191664964,18,0.45852340040485456
Multiscale,191664964,19,0.46195025385645283
Multiscale,191664964,20,0.46543741079674256
Multiscale,191664964,21,0.4686464292710619
Multiscale,191664964,22,0.47155608642889296
Multiscale,191664964,23,0.4745649801243279
Multiscale,191664964,24,0.47741058685248927
Multiscale,191664964,25,0.48021996473847706
Multiscale,191664964,26,0.4826453246191303
Multiscale,191664964,27,0.485405647440741
Multiscale,191664964,28,0.4878173836909459
Multiscale,191664964,29,0.4900816110289243
Multiscale,191664964,30,0.4923474099571824
Multiscale,191664964,31,0.4946268155486525
Multiscale,191664964,32,0.4968450906724876
Multiscale,191664964,33,0.49911718986523784
Multiscale,191664964,34,0.501144517919669
Multiscale,191664964,35,0.5031171666046992
Multiscale,191664964,36,0.5052180990494315
Multiscale,191664964,37,0.5072837508821053
Multiscale,191664964,38,0.5095952878586358
Multiscale,191664964,39,0.5117452301148044
Multiscale,191664964,40,0.513886323566451
Multiscale,191664964,41,0.5158175164994032
Multiscale,191664964,42,0.5176767373896077
Multiscale,191664964,43,0.5194729124729339
Multiscale,191664964,44,0.5213839766144359
Multiscale,191664964,45,0.5232819336001269
Multiscale,191664964,46,0.5251092340656974
Multiscale,191664964,47,0.5267855388457299
Multiscale,191664964,48,0.5282730599166037
Multiscale,191664964,49,0.5299354566778437
Multiscale,191664964,50,0.5316169926958274
Multiscale,191664964,51,0.533335473388415
Multiscale,191664964,52,0.5349943168241381
Multiscale,191664964,53,0.5367909479583642
Multiscale,191664964,54,0.5383935484472803
Multiscale,191664964,55,0.5400141961975561
Multiscale,191664964,56,0.541454777696487
Multiscale,191664964,57,0.5429309778518161
Multiscale,191664964,58,0.5443794348313208
Multiscale,191664964,59,0.5460512928513594
Multiscale,191664964,60,0.5475673746956594
Multiscale,191664964,61,0.5491466078332331
Multiscale,191664964,62,0.5506830227412448
Multiscale,191664964,63,0.5521606678100675
Multiscale,191664964,64,0.5536052545965914
Multiscale,191664964,65,0.5548678338704366
Multiscale,191664964,66,0.5561888297804677
Multiscale,191664964,67,0.557654594962389
Multiscale,191664964,68,0.55888464444631
Multiscale,191664964,69,0.560169080097681
Multiscale,191664964,70,0.561689674610504
Multiscale,191664964,71,0.5630024796584056
Multiscale,191664964,72,0.5643866780473699
Multiscale,191664964,73,0.5655385892860634
Multiscale,191664964,74,0.5668658541842994
Multiscale,191664964,75,0.5679467159208574
Multiscale,191664964,76,0.5691333530703595
Multiscale,191664964,77,0.5702482808099465
Multiscale,191664964,78,0.5714158857681652
Multiscale,191664964,79,0.5725842190337832
Multiscale,191664964,80,0.5736771681638821
Multiscale,191664964,81,0.574898604982841
Multiscale,191664964,82,0.5760303552158181
Multiscale,191664964,83,0.5769876584669633
Multiscale,191664964,84,0.5781370561825604
Multiscale,191664964,85,0.5791848365574086
Multiscale,191664964,86,0.5801423542435857
Multiscale,191664964,87,0.5811338307002993
Multiscale,191664964,88,0.582149521832378
Multiscale,191664964,89,0.5832763407255497
Multiscale,191664964,90,0.5842652450116139
Multiscale,191664964,91,0.5852296473570926
Multiscale,191664964,92,0.5861630462159567
Multiscale,191664964,93,0.5871368564162702
Multiscale,191664964,94,0.5881399635952463
Multiscale,191664964,95,0.589070253502954
Multiscale,191664964,96,0.5900056495396413
Multiscale,191664964,97,0.5909459937837934
Multiscale,191664964,98,0.5918701457579086
Multiscale,191664964,99,0.5927548510035288
Multiscale,191664964,100,0.593714213751994
Multiscale,191664964,101,0.5946142637099744
Multiscale,191664964,102,0.5954946078842921
Multiscale,191664964,103,0.5963692694930769
Multiscale,191664964,104,0.5972448706108768
Multiscale,191664964,105,0.5981849510856312
Multiscale,191664964,106,0.5991005618716171
Multiscale,191664964,107,0.6000555521990588
Multiscale,191664964,108,0.6009617627030103
Multiscale,191664964,109,0.6018012799825002
Multiscale,191664964,110,0.60266751131498
Multiscale,191664964,111,0.6035608692396536
Multiscale,191664964,112,0.6045188571188697
Multiscale,191664964,113,0.6053562446552343
Multiscale,191664964,114,0.6061999301839521
Multiscale,191664964,115,0.6071004880399191
Multiscale,191664964,116,0.6079887759503676
Multiscale,191664964,117,0.6088044736353022
Multiscale,191664964,118,0.609598163782517
Multiscale,191664964,119,0.6104603540685857
Multiscale,191664964,120,0.6113064254330731
Multiscale,191664964,121,0.6121305328569813
Multiscale,191664964,122,0.6128365293963013
Multiscale,191664964,123,0.6136324078378053
Multiscale,191664964,124,0.6143971687867815
Multiscale,191664964,125,0.6151755520107464
Multiscale,191664964,126,0.6159862232190333
Multiscale,191664964,127,0.6167454553026813
Multiscale,191664964,128,0.6175026629795987
Multiscale,191664964,129,0.6182757909274146
Multiscale,191664964,130,0.6190011818422531
Multiscale,191664964,131,0.6197648462739875
Multiscale,191664964,132,0.620519802169118
Multiscale,191664964,133,0.621215430482848
Multiscale,191664964,134,0.6219439073626912
Multiscale,191664964,135,0.6226252110560732
Multiscale,191664964,136,0.623272728619615
Multiscale,191664964,137,0.6238743307266117
Multiscale,191664964,138,0.6244501794103369
Multiscale,191664964,139,0.6250742165062342
Multiscale,191664964,140,0.6256083812082468
Multiscale,191664964,141,0.6262531624917904
Multiscale,191664964,142,0.6268495449229673
Multiscale,191664964,143,0.6274029471494
Multiscale,191664964,144,0.627990641237325
Multiscale,191664964,145,0.6285667551582282
Multiscale,191664964,146,0.6291200260378631
Multiscale,191664964,147,0.6296215069018121
Multiscale,191664964,148,0.6301448581483844
Multiscale,191664964,149,0.6306727355402681
Multiscale,191664964,150,0.6312120448884785
Multiscale,191664964,151,0.6317956410708339
Multiscale,191664964,152,0.6323359322872709
Multiscale,191664964,153,0.6328724532658612
Multiscale,191664964,154,0.633399825764027
Multiscale,191664964,155,0.6339797043123597
Multiscale,191664964,156,0.6345233559153465
Multiscale,191664964,157,0.6350758571935058
Multiscale,191664964,158,0.6356046267199027
Multiscale,191664964,159,0.6361692510860159
Multiscale,191664964,160,0.6367383615985223
Multiscale,191664964,161,0.6373040526763974
Multiscale,191664964,162,0.6378580956911911
Multiscale,191664964,163,0.6383687708377007
Multiscale,191664964,164,0.6389123806442497
Multiscale,191664964,165,0.6394694998002864
Multiscale,191664964,166,0.6400151019660878
Multiscale,191664964,167,0.6405385853261992
Multiscale,191664964,168,0.6411282987714437
Multiscale,191664964,169,0.641660610077006
Multiscale,191664964,170,0.6422451811721246
Multiscale,191664964,171,0.6428430449812719
Multiscale,191664964,172,0.643401985266697
Multiscale,191664964,173,0.6439622285321336
Multiscale,191664964,174,0.6444706766757669
Multiscale,191664964,175,0.6449742734806961
Multiscale,191664964,176,0.6454938521305745
Multiscale,191664964,177,0.6459961759698934
Multiscale,191664964,178,0.6464563018416551
Multiscale,191664964,179,0.6469009680268322
Multiscale,191664964,180,0.6473180719969404
Multiscale,191664964,181,0.6477405397582717
Multiscale,191664964,182,0.6482044946909358
Multiscale,191664964,183,0.6486482394700587
Multiscale,191664964,184,0.6490556774337204
Multiscale,191664964,185,0.6494739135071601
Multiscale,191664964,186,0.6498941973760588
Multiscale,191664964,187,0.6502992111278075
Multiscale,191664964,188,0.6507336325977953
Multiscale,191664964,189,0.6511401359021206
Multiscale,191664964,190,0.6515143012429907
Multiscale,191664964,191,0.6519216914629928
Multiscale,191664964,192,0.6522763009682927
Multiscale,191664964,193,0.652677478866359
Multiscale,191664964,194,0.6530816614980348
Multiscale,191664964,195,0.6534481162640008
Multiscale,191664964,196,0.6538598774242298
Multiscale,191664964,197,0.6542955856613368
Multiscale,191664964,198,0.6546810986194749
Multiscale,191664964,199,0.6550327829222512
Multiscale,191664964,200,0.6554076064142389
Uniform,191664964,1,0.05616656871799177
Uniform,191664964,2,0.09484929896734111
Uniform,191664964,3,0.12478661181540872
Uniform,191664964,4,0.15074301066241289
Uniform,191664964,5,0.1723281000755604
Uniform,191664964,6,0.19145467774885958
Uniform,191664964,7,0.2091464072825839
Uniform,191664964,8,0.22561077995130552
Uniform,191664964,9,0.24033806285506398
Uniform,191664964,10,0.25446226177483006
Uniform,191664964,11,0.26753726501858477
Uniform,191664964,12,0.2801576973665799
Uniform,191664964,13,0.2922347151631007
Uniform,191664964,14,0.3029372608753013
Uniform,191664964,15,0.3136988218173677
Uniform,191664964,16,0.32414889597850727
Uniform,191664964,17,0.33315719033814517
Uniform,191664964,18,0.3418385432699932
Uniform,191664964,19,0.35052295754919155
Uniform,191664964,20,0.35919738057258
Uniform,191664964,21,0.36719558951109615
Uniform,191664964,22,0.3748902847635111
Uniform,191664964,23,0.38218417027738333
Uniform,191664964,24,0.3892900120336944
Uniform,191664964,25,0.39638653345646885
Uniform,191664964,26,0.40309054978268305
Uniform,191664964,27,0.40966333641172026
Uniform,191664964,28,0.41610695995298463
Uniform,191664964,29,0.4220642176602908
Uniform,191664964,30,0.42794195841379123
Uniform,191664964,31,0.43373027372366557
Uniform,191664964,32,0.43921716270674166
Uniform,191664964,33,0.4444134909670968
Uniform,191664964,34,0.4495893563537412
Uniform,191664964,35,0.4544754548616525
Uniform,191664964,36,0.4595320385451357
Uniform,191664964,37,0.4642891989462386
Uniform,191664964,38,0.4687584232178128
Uniform,191664964,39,0.4733708767375127
Uniform,191664964,40,0.47763307027117785
Uniform,191664964,41,0.4817631171022483
Uniform,191664964,42,0.48573847304012696
Uniform,191664964,43,0.4896734111325665
Uniform,191664964,44,0.493576411414964
Uniform,191664964,45,0.4975568801947779
Uniform,191664964,46,0.5013825364204808
Uniform,191664964,47,0.5049918098235673
Uniform,191664964,48,0.5084585677105197
Uniform,191664964,49,0.5119157561437806
Uniform,191664964,50,0.5152271009990765
Uniform,191664964,51,0.5186118944261443
Uniform,191664964,52,0.5218447072195708
Uniform,191664964,53,0.525027602517413
Uniform,191664964,54,0.5281446966234138
Uniform,191664964,55,0.531153784507827
Uniform,191664964,56,0.5340823908272065
Uniform,191664964,57,0.5368588964645683
Uniform,191664964,58,0.5396055225682431
Uniform,191664964,59,0.5424938349254144
Uniform,191664964,60,0.5451263537906137
Uniform,191664964,61,0.5478053762123729
Uniform,191664964,62,0.5503126684198125
Uniform,191664964,63,0.552806995800867
Uniform,191664964,64,0.5551800856351272
Uniform,191664964,65,0.5574853238441518
Uniform,191664964,66,0.5597512358069826
Uniform,191664964,67,0.5620315850016979
Uniform,191664964,68,0.5642331359544069
Uniform,191664964,69,0.5664408371752332
Uniform,191664964,70,0.5685530781870299
Uniform,191664964,71,0.5706324252288983
Uniform,191664964,72,0.5727257250534054
Uniform,191664964,73,0.5746524163803921
Uniform,191664964,74,0.576594540136644
Uniform,191664964,75,0.5783527831416339
Uniform,191664964,76,0.5802276975286003
Uniform,191664964,77,0.5819661406513896
Uniform,191664964,78,0.5836201830240954
Uniform,191664964,79,0.585329059724603
Uniform,191664964,80,0.5869836705566284
Uniform,191664964,81,0.588649769742877
Uniform,191664964,82,0.590321817708984
Uniform,191664964,83,0.5920233701155052
Uniform,191664964,84,0.5936934046559603
Uniform,191664964,85,0.5952016672675282
Uniform,191664964,86,0.5966489838394449
Uniform,191664964,87,0.59817014505089
Uniform,191664964,88,0.5995551285671762
Uniform,191664964,89,0.6010471861059411
Uniform,191664964,90,0.6024515154059273
Uniform,191664964,91,0.6038175995778213
Uniform,191664964,92,0.6051366475271306
Uniform,191664964,93,0.6063131306292278
Uniform,191664964,94,0.6074900369227801
Uniform,191664964,95,0.6086580736956992
Uniform,191664964,96,0.6097886582430807
Uniform,191664964,97,0.6108643400754912
Uniform,191664964,98,0.6120255843081084
Uniform,191664964,99,0.6130908616006425
Uniform,191664964,100,0.6140962135840818
Uniform,191664964,101,0.6152117478560046
Uniform,191664964,102,0.6163214593200222
Uniform,191664964,103,0.6173431917791582
Uniform,191664964,104,0.6183892717139295
Uniform,191664964,105,0.6194757946835858
Uniform,191664964,106,0.6206043882062403
Uniform,191664964,107,0.6217020785781148
Uniform,191664964,108,0.6228027624635801
Uniform,191664964,109,0.62383010385127
Uniform,191664964,110,0.6247864846093373
Uniform,191664964,111,0.6257891675572811
Uniform,191664964,112,0.6267439611643499
Uniform,191664964,113,0.6276692252197901
Uniform,191664964,114,0.6286095559610975
Uniform,191664964,115,0.629516376896767
Uniform,191664964,116,0.630351471690903
Uniform,191664964,117,0.6311938185416482
Uniform,191664964,118,0.6321257660985643
Uniform,191664964,119,0.6330194742660729
Uniform,191664964,120,0.6339727982537151
Uniform,191664964,121,0.634852428236695
Uniform,191664964,122,0.6356577677886951
Uniform,191664964,123,0.6364657114793799
Uniform,191664964,124,0.6372051045252288
Uniform,191664964,125,0.6380824447989254
Uniform,191664964,126,0.6388992168103913
Uniform,191664964,127,0.6397543592669253
Uniform,191664964,128,0.6406033550919318
Uniform,191664964,129,0.641356208416557
Uniform,191664964,130,0.6421607692953507
Uniform,191664964,131,0.6428706930087719
Uniform,191664964,132,0.6436458659298891
Uniform,191664964,133,0.6444567257283499
Uniform,191664964,134,0.6452874365474283
Uniform,191664964,135,0.6459596948976514
Uniform,191664964,136,0.6466341049055001
Uniform,191664964,137,0.64727507603534
Uniform,191664964,138,0.6480080524761547
Uniform,191664964,139,0.6486601164874498
Uniform,191664964,140,0.6492563896518224
Uniform,191664964,141,0.6498662360497568
Uniform,191664964,142,0.6505097666850739
Uniform,191664964,143,0.6511076028328988
Uniform,191664964,144,0.6517085047435144
Uniform,191664964,145,0.6523920224423093
Uniform,191664964,146,0.6530057975648157
Uniform,191664964,147,0.6535775253767026
Uniform,191664964,148,0.6541829378702857
Uniform,191664964,149,0.6547337383130701
Uniform,191664964,150,0.6552741163630257
Uniform,191664964,151,0.6558771150936776
Uniform,191664964,152,0.6564299254559032
Uniform,191664964,153,0.6570043179726764
Uniform,191664964,154,0.657594147939207
Uniform,191664964,155,0.6581890960104647
Uniform,191664964,156,0.6587379367057816
Uniform,191664964,157,0.6593003737379193
Uniform,191664964,158,0.6599253004084087
Uniform,191664964,159,0.6604407215147565
Uniform,191664964,160,0.6610625157417513
Uniform,191664964,161,0.6616304360862734
Uniform,191664964,162,0.6621636188563119
Uniform,191664964,163,0.6626995307219753
Uniform,191664964,164,0.6632173887224558
Uniform,191664964,165,0.663774000605501
Uniform,191664964,166,0.664355010504616
Uniform,191664964,167,0.6648559149017891
Uniform,191664964,168,0.6654078262990193
Uniform,191664964,169,0.6659733258352505
Uniform,191664964,170,0.6665452596956841
Uniform,191664964,171,0.6670947932055532
Uniform,191664964,172,0.6676123106840852
Uniform,191664964,173,0.6681403453261011
Uniform,191664964,174,0.6686567617878577
Uniform,191664964,175,0.6692010986243209
Uniform,191664964,176,0.6696455148411323
Uniform,191664964,177,0.6701038825147149
Uniform,191664964,178,0.6705861072618173
Uniform,191664964,179,0.6710488731837478
Uniform,191664964,180,0.6714309368557543
Uniform,191664964,181,0.6718546995186677
Uniform,191664964,182,0.6722867217577989
Uniform,191664964,183,0.6727429253300778
Uniform,191664964,184,0.6731343971411154
Uniform,191664964,185,0.6735481850753449
Uniform,191664964,186,0.673942853944533
Uniform,191664964,187,0.6743319548684832
Uniform,191664964,188,0.674695704131886
Uniform,191664964,189,0.675027840966889
Uniform,191664964,190,0.6753220154744177
Uniform,191664964,191,0.6756944282661854
Uniform,191664964,192,0.6760308223490891
Uniform,191664964,193,0.6763693855507796
Uniform,191664964,194,0.6767247982675636
Uniform,191664964,195,0.6770864682291095
Uniform,191664964,196,0.6774433768134069
Uniform,191664964,197,0.6778109387432254
Uniform,191664964,198,0.6782394510125179
Uniform,191664964,199,0.6785183156990562
Uniform,191664964,200,0.6788451851229956
tt-SNE,191664964,1,0.2597598858198304
tt-SNE,191664964,2,0.3089581059524809
tt-SNE,191664964,3,0.3354882041810091
tt-SNE,191664964,4,0.3533603391822685
tt-SNE,191664964,5,0.36679539921081356
tt-SNE,191664964,6,0.37795595108163327
tt-SNE,191664964,7,0.38750494740755836
tt-SNE,191664964,8,0.39622512803291077
tt-SNE,191664964,9,0.4039589921547776
tt-SNE,191664964,10,0.41066661069599536
tt-SNE,191664964,11,0.4166812953648651
tt-SNE,191664964,12,0.42218327596339517
tt-SNE,191664964,13,0.42764606730688504
tt-SNE,191664964,14,0.4328261990716864
tt-SNE,191664964,15,0.4379984887918731
tt-SNE,191664964,16,0.44271051968768366
tt-SNE,191664964,17,0.44668299693313646
tt-SNE,191664964,18,0.45068051007938514
tt-SNE,191664964,19,0.454599684502163
tt-SNE,191664964,20,0.45873142473343975
tt-SNE,191664964,21,0.46263158105152896
tt-SNE,191664964,22,0.465932942047458
tt-SNE,191664964,23,0.46906768679299
tt-SNE,191664964,24,0.47235748467802874
tt-SNE,191664964,25,0.47544790529762415
tt-SNE,191664964,26,0.4784927313472356
tt-SNE,191664964,27,0.4817644443200652
tt-SNE,191664964,28,0.4846315530661933
tt-SNE,191664964,29,0.487620831511874
tt-SNE,191664964,30,0.49032546945400607
tt-SNE,191664964,31,0.4929625908282125
tt-SNE,191664964,32,0.4955122890605323
tt-SNE,191664964,33,0.4978273203023434
tt-SNE,191664964,34,0.5001975435460054
tt-SNE,191664964,35,0.5024838984372189
tt-SNE,191664964,36,0.5050676778701294
tt-SNE,191664964,37,0.507322325263724
tt-SNE,191664964,38,0.5096737204441715
tt-SNE,191664964,39,0.5120853595792727
tt-SNE,191664964,40,0.5143722189572664
tt-SNE,191664964,41,0.5167871059954827
tt-SNE,191664964,42,0.5190340261702867
tt-SNE,191664964,43,0.5209919304609966
tt-SNE,191664964,44,0.5229886812037765
tt-SNE,191664964,45,0.5249629194302187
tt-SNE,191664964,46,0.5270237960526076
tt-SNE,191664964,47,0.5288835458730263
tt-SNE,191664964,48,0.5306876696610976
tt-SNE,191664964,49,0.5326760206223368
tt-SNE,191664964,50,0.5346175803878768
tt-SNE,191664964,51,0.5365126320866689
tt-SNE,191664964,52,0.5383654734150073
tt-SNE,191664964,53,0.540081865027254
tt-SNE,191664964,54,0.541889383296486
tt-SNE,191664964,55,0.5436731516321811
tt-SNE,191664964,56,0.5455453842186695
tt-SNE,191664964,57,0.5473747545759706
tt-SNE,191664964,58,0.54902741308382
tt-SNE,191664964,59,0.5506859490372807
tt-SNE,191664964,60,0.552245123555257
tt-SNE,191664964,61,0.5538261229804107
tt-SNE,191664964,62,0.5553588306823999
tt-SNE,191664964,63,0.5567755829278791
tt-SNE,191664964,64,0.5583008878347746
tt-SNE,191664964,65,0.5597624690815859
tt-SNE,191664964,66,0.5611912085340008
tt-SNE,191664964,67,0.5625428394924045
tt-SNE,191664964,68,0.5639337340174925
tt-SNE,191664964,69,0.5653816530572762
tt-SNE,191664964,70,0.5668487712438682
tt-SNE,191664964,71,0.5682568249730099
tt-SNE,191664964,72,0.5696012789298407
tt-SNE,191664964,73,0.5709526016586487
tt-SNE,191664964,74,0.5722605949077278
tt-SNE,191664964,75,0.5734016175524026
tt-SNE,191664964,76,0.5746275004529207
tt-SNE,191664964,77,0.5757893772753987
tt-SNE,191664964,78,0.5769709749014593
tt-SNE,191664964,79,0.5782400908000157
tt-SNE,191664964,80,0.5794501930988163
tt-SNE,191664964,81,0.5805485333092867
tt-SNE,191664964,82,0.5815919287561611
tt-SNE,191664964,83,0.5826592407747014
tt-SNE,191664964,84,0.5838080845636886
tt-SNE,191664964,85,0.5848632257873345
tt-SNE,191664964,86,0.5858230519765782
tt-SNE,191664964,87,0.5868196789020484
tt-SNE,191664964,88,0.5877903160562048
tt-SNE,191664964,89,0.5888499819353086
tt-SNE,191664964,90,0.5898749055494921
tt-SNE,191664964,91,0.5907675147453504
tt-SNE,191664964,92,0.5916160801305332
tt-SNE,191664964,93,0.5925574353877278
tt-SNE,191664964,94,0.5934412495511927
tt-SNE,191664964,95,0.5944129486675298
tt-SNE,191664964,96,0.5952660181065123
tt-SNE,191664964,97,0.5961439092513461
tt-SNE,191664964,98,0.5969666180635632
tt-SNE,191664964,99,0.5977951795683304
tt-SNE,191664964,100,0.5986357148854001
tt-SNE,191664964,101,0.5995460556886014
tt-SNE,191664964,102,0.6004015072572559
tt-SNE,191664964,103,0.6012623560011835
tt-SNE,191664964,104,0.6020779919014744
tt-SNE,191664964,105,0.6029656460014952
tt-SNE,191664964,106,0.6038385320054555
tt-SNE,191664964,107,0.6046951023831736
tt-SNE,191664964,108,0.6054728433412003
tt-SNE,191664964,109,0.6062713596790879
tt-SNE,191664964,110,0.607062989902382
tt-SNE,191664964,111,0.6078566182671632
tt-SNE,191664964,112,0.6086885472012665
tt-SNE,191664964,113,0.6095087236235115
tt-SNE,191664964,114,0.6102754788069998
tt-SNE,191664964,115,0.6110960639233738
tt-SNE,191664964,116,0.6119296419710554
tt-SNE,191664964,117,0.6127518411121803
tt-SNE,191664964,118,0.6135006951272787
tt-SNE,191664964,119,0.6142909350794301
tt-SNE,191664964,120,0.6151103321859346
tt-SNE,191664964,121,0.6159123693564738
tt-SNE,191664964,122,0.6166544632252043
tt-SNE,191664964,123,0.6174165712776262
tt-SNE,191664964,124,0.6181975322350443
tt-SNE,191664964,125,0.6189730501217362
tt-SNE,191664964,126,0.6197619114250799
tt-SNE,191664964,127,0.6205125679498273
tt-SNE,191664964,128,0.621219356057426
tt-SNE,191664964,129,0.6218872008741837
tt-SNE,191664964,130,0.6226048319911135
tt-SNE,191664964,131,0.6233047776095098
tt-SNE,191664964,132,0.6240376860706808
tt-SNE,191664964,133,0.6247343234250515
tt-SNE,191664964,134,0.6254221295503843
tt-SNE,191664964,135,0.6259918469388708
tt-SNE,191664964,136,0.6266155358121756
tt-SNE,191664964,137,0.6271844648294804
tt-SNE,191664964,138,0.6278230207371337
tt-SNE,191664964,139,0.6284523887900008
tt-SNE,191664964,140,0.6290616716840376
tt-SNE,191664964,141,0.6296218228456799
tt-SNE,191664964,142,0.6301912304994436
tt-SNE,191664964,143,0.6307356483664098
tt-SNE,191664964,144,0.6312281947592794
tt-SNE,191664964,145,0.6317350811622985
tt-SNE,191664964,146,0.6322036841736026
tt-SNE,191664964,147,0.6327233101283498
tt-SNE,191664964,148,0.6331962051884812
tt-SNE,191664964,149,0.6337416375027538
tt-SNE,191664964,150,0.6342355805557888
tt-SNE,191664964,151,0.6347315993174543
tt-SNE,191664964,152,0.6352401473206987
tt-SNE,191664964,153,0.635762899456371
tt-SNE,191664964,154,0.6362712302389911
tt-SNE,191664964,155,0.6367778767796642
tt-SNE,191664964,156,0.6373073586363822
tt-SNE,191664964,157,0.6378664586126296
tt-SNE,191664964,158,0.6384131677026554
tt-SNE,191664964,159,0.638920526398884
tt-SNE,191664964,160,0.6394955293426244
tt-SNE,191664964,161,0.6400605213303011
tt-SNE,191664964,162,0.6405801878334271
tt-SNE,191664964,163,0.6410836917774104
tt-SNE,191664964,164,0.6416427426175026
tt-SNE,191664964,165,0.6422148612308969
tt-SNE,191664964,166,0.6427209130367496
tt-SNE,191664964,167,0.6432314616841374
tt-SNE,191664964,168,0.6437594200638865
tt-SNE,191664964,169,0.6442759142138513
tt-SNE,191664964,170,0.6448075678932474
tt-SNE,191664964,171,0.6453612342220395
tt-SNE,191664964,172,0.6458977240112228
tt-SNE,191664964,173,0.6463967100892312
tt-SNE,191664964,174,0.6469345924804367
tt-SNE,191664964,175,0.6474397015963634
tt-SNE,191664964,176,0.6479285763350913
tt-SNE,191664964,177,0.6484221251115263
tt-SNE,191664964,178,0.6488723953592138
tt-SNE,191664964,179,0.6493115372907725
tt-SNE,191664964,180,0.6496919280963442
tt-SNE,191664964,181,0.6500639410805091
tt-SNE,191664964,182,0.6504724601232031
tt-SNE,191664964,183,0.6508751381489214
tt-SNE,191664964,184,0.6512588381948728
tt-SNE,191664964,185,0.6516381632240922
tt-SNE,191664964,186,0.6520289819747356
tt-SNE,191664964,187,0.6524228042473658
tt-SNE,191664964,188,0.6528050684420087
tt-SNE,191664964,189,0.6531941706989982
tt-SNE,191664964,190,0.6535003026834991
tt-SNE,191664964,191,0.653818613706104
tt-SNE,191664964,192,0.654148476198472
tt-SNE,191664964,193,0.6544466450875078
tt-SNE,191664964,194,0.6547395762558564
tt-SNE,191664964,195,0.6550910707404705
tt-SNE,191664964,196,0.6554379076792332
tt-SNE,191664964,197,0.655755226900698
tt-SNE,191664964,198,0.6561367600952859
tt-SNE,191664964,199,0.656472902671362
tt-SNE,191664964,200,0.6568073629418185
