seed,k,standard  ρ=30,smooth  γ=0.7,sharp  γ=1.5,standard  ρ=53  (matched)
191664964,1,0.5421358666721264,0.4589697391589206,0.5857458744523156,0.5144752467138938
191664964,2,0.5641046640186724,0.49375537447278983,0.6033331968387863,0.539095450636747
191664964,3,0.5720213477471575,0.5111720786754568,0.6000436782550536,0.5497795613065258
191664964,4,0.5729699848491053,0.5205048933295114,0.5944013349166701,0.5526084107939888
191664964,5,0.5731624421604358,0.5256336759346465,0.5880758363703371,0.5543958068875148
191664964,6,0.5707314742776025,0.5281417632365588,0.5802076082060522,0.55410985081146
191664964,7,0.5669827490391759,0.5300268504273254,0.5730928299414438,0.5530690798902583
191664964,8,0.5628506203677163,0.5310260636337578,0.5660369149502478,0.5505302813152615
191664964,9,0.5583718930428729,0.5306225516290625,0.5589474450495703,0.5476638958273617
191664964,10,0.5539863232463864,0.5296568527087343,0.5520453707874371,0.5444207853896237
191664964,11,0.5501114912277435,0.5286787451932204,0.5459254516418433,0.5417710539736664
191664964,12,0.5460106056263053,0.5276401457761762,0.5398308150089404,0.538854878997584
191664964,13,0.5420838937484448,0.5268731514176008,0.5342848053220274,0.5361526807004061
191664964,14,0.5387210655934296,0.5255707909469016,0.5293058667306241,0.533615682053502
191664964,15,0.5351364262997693,0.5242864747553335,0.5244352538116103,0.5311166618893576
191664964,16,0.5321572621923755,0.5228914151754638,0.5200339871422137,0.5288135723352853
191664964,17,0.5289974636101523,0.5216737282522034,0.5159373441854527,0.5264791392172118
191664964,18,0.5261569050316439,0.5202739900540974,0.5119489601390425,0.5241436104627621
191664964,19,0.5230453082873023,0.5186853850978127,0.5077704908846786,0.5216056500121767
191664964,20,0.519963351214119,0.5171307481266123,0.5041777568486139,0.5193542442979403
191664964,21,0.5172109874210525,0.5157378212740402,0.5003665853549151,0.5172295116810084
191664964,22,0.5143784596714452,0.5142835339182745,0.49676414859044554,0.5150689979935301
191664964,23,0.5116925383178769,0.5127794503305245,0.4932924799219488,0.5129628277872038
191664964,24,0.5091238073788952,0.5113657303140741,0.4899104937007766,0.5109536874001883
191664964,25,0.5067523852422097,0.5099152368862865,0.48691208386224977,0.5089701486425617
191664964,26,0.5044153361073226,0.5085211970781768,0.4840025765970649,0.5070620178723861
191664964,27,0.5022059035408202,0.5069460558384026,0.48123654959984347,0.5051276451505763
191664964,28,0.49979306451707256,0.5054490573101604,0.4784355677490684,0.5032261461154627
191664964,29,0.4975056798205049,0.5039734033315024,0.47570914800574404,0.501498851327786
191664964,30,0.49543425740141683,0.5025776995209041,0.47318155139702167,0.49979457570670055
191664964,31,0.49334456991668996,0.5012185440611001,0.47064728796342653,0.49797041414647103
191664964,32,0.49127096044388024,0.49968392981450394,0.46802764526432167,0.4960996683182507
191664964,33,0.4894328403398465,0.4983353869558365,0.4656033741452029,0.4944210956045033
191664964,34,0.48766310094735243,0.49697825160120146,0.46339637775588505,0.4928262079165232
191664964,35,0.4858429805729261,0.4955255137557254,0.4611710062183016,0.4912118960847514
191664964,36,0.48398520854091875,0.4940454253852558,0.4590920155239798,0.48963835769760994
191664964,37,0.4820950511135188,0.4926315078847735,0.4568575782694779,0.48813880831406725
191664964,38,0.48038196203009054,0.49119286895014863,0.45480755346455487,0.48660234181539186
191664964,39,0.47863492853460504,0.4898542553224999,0.45283955905961554,0.4850002992380455
191664964,40,0.4769604029319029,0.48845972728389503,0.4509638221203063,0.4835699807542688
191664964,41,0.47524871137495617,0.4871821632920887,0.44903926149125956,0.48220793579296506
191664964,42,0.4736234037450203,0.4859356993688102,0.44715516115131204,0.48083275323150837
191664964,43,0.4720222682917771,0.4847086428664617,0.4453344100531091,0.47943820749012245
191664964,44,0.47042132144093574,0.4834354560717118,0.44353499782229155,0.47802654943025935
191664964,45,0.4688960776016999,0.4822297749204919,0.44175140703128907,0.4766598874374969
191664964,46,0.4674295821664533,0.48100040414255013,0.4400929883938093,0.4753815764408038
191664964,47,0.46590046759546844,0.4797954672774653,0.4385225655979725,0.4740805567583533
191664964,48,0.46436042067619393,0.47857974011438237,0.43693056181155565,0.47274545131921986
191664964,49,0.46296889010712594,0.4774257518412139,0.43534629362985516,0.4715408869415667
191664964,50,0.4615998525858892,0.47630891445886747,0.43375373653822535,0.47037877236804393
191664964,51,0.460356764629606,0.4751981378932147,0.43224731848433245,0.4691951880051804
191664964,52,0.45901974341125074,0.47409582862164656,0.4307161553895922,0.4680520075722975
191664964,53,0.4576636408658494,0.473026617209284,0.42919216603711774,0.46688165845510315
191664964,54,0.4563721720983913,0.4719200384611301,0.42771135043155023,0.46571522384347414
191664964,55,0.45518350450990386,0.47091698277562904,0.4262951781439968,0.4645807818159482
191664964,56,0.45393491842500894,0.46987297232475567,0.42485353647621776,0.4634111742235898
191664964,57,0.4527983896517018,0.4688390133024712,0.4235188725263057,0.4623131371691174
191664964,58,0.4516569261333872,0.4678297649422698,0.42216916192818793,0.46118200983043134
191664964,59,0.450483711226584,0.46687589661301504,0.4208034346654969,0.4600701396894448
191664964,60,0.4493380014468423,0.46589820236681545,0.41941634931684474,0.45901546483218
191664964,61,0.4482399251920377,0.46489684704309175,0.41802372454236847,0.45795643496829186
191664964,62,0.4471488710800197,0.4638485386057214,0.4167777336005104,0.4568919399089361
191664964,63,0.44598553287796144,0.46294368039996797,0.41552189990009897,0.45587293787613187
191664964,64,0.444892139449654,0.4619113032840588,0.4142138170017608,0.45480164356496455
191664964,65,0.4438213643364947,0.46088643758681835,0.4128914899849751,0.45378063646357336
191664964,66,0.4427634934166198,0.4599264418477392,0.41166848452586136,0.4528160065914457
191664964,67,0.44177050947710167,0.459018021558397,0.4105299635070624,0.4518425847096364
191664964,68,0.4407823425836491,0.45808965042140687,0.4093701298544888,0.45098209833870084
191664964,69,0.4397486363898024,0.4571490205922795,0.40814747820389796,0.45000175069092946
191664964,70,0.43880851959964207,0.4562642222443214,0.4070790946901672,0.44906754725148734
191664964,71,0.4378767177406192,0.45542280339421565,0.4059811141530812,0.4481807103214678
191664964,72,0.4368948741747767,0.45455414056208454,0.4049031116206908,0.44728011865925954
191664964,73,0.4359828420745002,0.45375948052793097,0.4038759589910547,0.4464196264948256
191664964,74,0.4350951828123115,0.4529392625088952,0.40284198247631364,0.44555804319941744
191664964,75,0.4341793265359049,0.4521081582790768,0.40176023367866454,0.4446697514434298
191664964,76,0.4332835307834715,0.4512816837967324,0.4006937514951541,0.4438320448966485
191664964,77,0.43242801995514824,0.45044742735255,0.39960365174320367,0.4430028020380586
191664964,78,0.43157843344158403,0.4497007094566572,0.3985467530572153,0.44220164654422056
191664964,79,0.4306935979046878,0.44894438745653126,0.39753656714831964,0.44138915511084825
191664964,80,0.42982115801973714,0.448093597723271,0.3964937963228369,0.44058673887228206
191664964,81,0.428941444344854,0.4473002136897965,0.3954734869453076,0.4397811335214936
191664964,82,0.42814910397988143,0.4465796131078709,0.39455995989057796,0.4390506071843406
191664964,83,0.4273366345279566,0.4458149538492202,0.39362256363400455,0.43826343414689023
191664964,84,0.42654521576863,0.44508897494545097,0.3926991991669933,0.43753912031214354
191664964,85,0.425728098044836,0.4443535818979326,0.39180045139549613,0.4367745214461035
191664964,86,0.4250075944931116,0.44367243022827285,0.39091712908162335,0.43608769806390413
191664964,87,0.4242732959714811,0.44297799096029566,0.39005505436954346,0.4353357083384519
191664964,88,0.4235352118705585,0.4422821174771341,0.389163248098693,0.4346124423465646
191664964,89,0.42280336181468425,0.44154759051083775,0.38831333688219155,0.433902899006151
191664964,90,0.4220839077478854,0.44086328251186363,0.3874568335994977,0.43320070613179
191664964,91,0.4214011900224586,0.44017893985135287,0.38668350199409535,0.4324678229104747
191664964,92,0.4206723365314599,0.4395426334783143,0.3858907070358192,0.43180539557009917
191664964,93,0.41996598203643687,0.4389118654709744,0.38510131197678005,0.43111274317494236
191664964,94,0.4192626767858497,0.43825030253871144,0.3843239207274521,0.43044223362000095
191664964,95,0.41852654854859594,0.43755266713936886,0.38351418860816505,0.42975976241328107
191664964,96,0.4178330552256937,0.4369326945388532,0.3827550229993312,0.42911177026602787
191664964,97,0.41711438988837135,0.4363031310301215,0.38196211896386284,0.42843682363961727
191664964,98,0.4164177033984635,0.4356607185685789,0.3811960515748824,0.42775475941164726
191664964,99,0.41574936126756284,0.43501825511161735,0.38044442624517144,0.42711873660647254
191664964,100,0.41507698292453216,0.4344244707423938,0.37967671266532904,0.4265138610212522
191664964,101,0.4143871063737143,0.4338213621534137,0.3789323099215454,0.42585528361607305
191664964,102,0.41373183317797046,0.43320538976820816,0.37825649894698465,0.4251987802204949
191664964,103,0.4130539011665513,0.43263934469895593,0.3775355684249152,0.4245399173002068
191664964,104,0.41243349828174364,0.4320406774749349,0.37677180421642154,0.4239360512547524
191664964,105,0.4117983936541736,0.4314405439502692,0.3760771857164307,0.4232935744217019
191664964,106,0.41119342848290946,0.43087722985089383,0.3754169200185735,0.4226927721501677
191664964,107,0.41056666795507313,0.43029803903259295,0.37472862141400437,0.42206971401585963
191664964,108,0.40994108743689023,0.4297437921521702,0.3740731641104271,0.42145212757083683
191664964,109,0.40930782613399735,0.4291491869120012,0.37334802465467193,0.4208130015939809
191664964,110,0.40868384512584177,0.42856167009764323,0.3726881856524378,0.420251757987723
191664964,111,0.4080395657112417,0.42796205156468864,0.3720511183145801,0.41962739939890764
191664964,112,0.4074486536762857,0.42740695946696927,0.37142816925713823,0.4190717737076405
191664964,113,0.4068868625689554,0.4268517266982971,0.37079522810231874,0.4185033336679261
191664964,114,0.4063092449193496,0.4262967161567159,0.37019278777181275,0.41796552004063225
191664964,115,0.4057192402120056,0.42574690706323676,0.369573941173224,0.4174294041300876
191664964,116,0.40515370462674155,0.4252148730106508,0.3689336410579363,0.4168594652143647
191664964,117,0.4046093858550351,0.42470015822867885,0.3683322851252092,0.41633339248097034
191664964,118,0.404038202741597,0.4241756018541974,0.36771110443290334,0.41575672229860516
191664964,119,0.4034778237080017,0.42365074279988396,0.367113783804337,0.41521882083163725
191664964,120,0.4029602254889917,0.42317626223332383,0.3665061149557075,0.4147030219892716
191664964,121,0.40245050577998004,0.42268711964130584,0.3659303180672643,0.414198625285581
191664964,122,0.40194192582170285,0.42221858236763443,0.365365135220225,0.4137169300004497
191664964,123,0.40143212742065587,0.421742682477396,0.36481480186817755,0.41326886795750556
191664964,124,0.40091569128103655,0.4212832094535243,0.3642533660215758,0.41276908689110775
191664964,125,0.4004142336513657,0.42083108799803454,0.3637053355718439,0.4122979402972852
191664964,126,0.39990529878331366,0.4203775309176398,0.36315007965431784,0.411806485830891
191664964,127,0.39942050004078716,0.4199145114231427,0.36260421278059707,0.4113206750224974
191664964,128,0.39888281345972726,0.41945808679005775,0.36204768053110026,0.41083941587158596
191664964,129,0.3984056802047037,0.4190087385078734,0.3615569139408229,0.41034308063113806
191664964,130,0.39791509829182325,0.41854882147458217,0.3610577907412599,0.4098707606631115
191664964,131,0.3974679532163377,0.41810999230733403,0.360574414899453,0.40943112719593416
191664964,132,0.39698989195836176,0.4176356228432311,0.36008579923141165,0.4089573615852229
191664964,133,0.39649223381946946,0.4171810099344426,0.3595988353423175,0.4084671672629836
191664964,134,0.3960339370263053,0.41671118018685904,0.35910538825466465,0.40799865175983235
191664964,135,0.39557666671216485,0.41623117323129605,0.358588161069632,0.4075499683787632
191664964,136,0.39512326059779795,0.41580429211117725,0.3581143699853309,0.40711902364647595
191664964,137,0.39470068389745927,0.41538842512292734,0.3576176062423241,0.406682713244584
191664964,138,0.39428601186078277,0.41499134446535385,0.35713560851939624,0.4062678592729351
191664964,139,0.3938733293288387,0.4145906975332882,0.3566421339812798,0.40583275568644633
191664964,140,0.39340087863489853,0.4141564344504438,0.35618466542261634,0.4053689155118253
191664964,141,0.39293353209262694,0.41373225171569294,0.3557168417717458,0.40493329046823723
191664964,142,0.3924824282495266,0.41329688544435605,0.355217542509881,0.4044895267349562
191664964,143,0.3920522375131113,0.41289137544409643,0.354762452240033,0.40408833621642265
191664964,144,0.39164351946639736,0.41248581025438036,0.354327047759442,0.40368831015200946
191664964,145,0.39121219865887047,0.4121044776330151,0.3538857879524264,0.4032764339340506
191664964,146,0.39080038906555276,0.4117308929604152,0.35347819892266535,0.4028751080503923
191664964,147,0.3903849898339419,0.41134317041177065,0.35304147456451973,0.4024824458262892
191664964,148,0.3899846111620814,0.41096940271830734,0.3526200589435101,0.4021020068018552
191664964,149,0.38958685848822494,0.41060601105495903,0.35221501793620796,0.40172268943359074
191664964,150,0.38915427978652256,0.4101981900823062,0.3517747021006511,0.401354025906665
191664964,151,0.3887496674640299,0.40981909229679914,0.35136991260642847,0.4010032620388869
191664964,152,0.3883361009398727,0.40944606022857805,0.35096384906001954,0.40063286774324947
191664964,153,0.38793717396872346,0.4090762985783424,0.35054904262457065,0.40026918865767785
191664964,154,0.38751617327433224,0.4086860786729753,0.35013869264104713,0.39988935964735484
191664964,155,0.3871136819051821,0.4082900623603958,0.3497169939673813,0.3995088838136401
191664964,156,0.386725669059521,0.4079327218377626,0.34931198873604996,0.39914102931587886
191664964,157,0.38636711590760486,0.40758136792052996,0.3489232275552758,0.39878607661725823
191664964,158,0.38601284223631976,0.40721009983625833,0.34853303781400014,0.3984117736395165
191664964,159,0.38567345508131856,0.40685496218199674,0.34814324922436335,0.3980855738398157
191664964,160,0.38533613488391144,0.4065189795667663,0.3477625557921461,0.39773299619180214
191664964,161,0.38500275066185013,0.4061890781811092,0.3474017245619734,0.3973938273774658
191664964,162,0.3846495957486498,0.40584795720744293,0.34703801777563426,0.3970536640950083
191664964,163,0.384301276458484,0.4054954463158153,0.34665993237741927,0.39670084305898856
191664964,164,0.3839602011863041,0.40513812082963385,0.34625836819770267,0.39634321121066335
191664964,165,0.3836089902753839,0.40479654246903746,0.3458812770429821,0.39599785579475194
191664964,166,0.3832835950492935,0.40447005663208097,0.34553130009082644,0.3956813289766905
191664964,167,0.3829505723821183,0.4041574113964446,0.3451744804890853,0.3953559651100322
191664964,168,0.3826005526079233,0.4038239922315104,0.34482178686961457,0.3950449554540297
191664964,169,0.38226436700007677,0.40349209587538515,0.34444940078490016,0.394728419061197
191664964,170,0.3819264760078717,0.4031643450550033,0.34409885898587766,0.394434394698873
191664964,171,0.3815948118662132,0.4028726355013696,0.34373984522476225,0.3941314768159222
191664964,172,0.38126926596724325,0.40256836710303656,0.34340190914605523,0.39384410386409713
191664964,173,0.3809444065599752,0.4022577933849693,0.3430714302790193,0.3935554375758758
191664964,174,0.38062939988995714,0.4019387873730306,0.3427669892174014,0.39326997162325433
191664964,175,0.38031541939899505,0.4016408594476651,0.3424407564917781,0.392984843255512
191664964,176,0.37998825526465674,0.40134271081893,0.3421155553528818,0.39269283422240914
191664964,177,0.37967577686796833,0.40105440880857146,0.3418060588310005,0.39240204260619455
191664964,178,0.37937359585068847,0.40076601046529764,0.3415078613957687,0.3921168187814043
191664964,179,0.3790920626743308,0.40046973950206327,0.3411831423591611,0.3918370694330985
191664964,180,0.37880114564423156,0.40016731956558327,0.3408771594574797,0.3915350631742262
191664964,181,0.37850518562391167,0.39987389713725685,0.3405502374213299,0.39127327015219443
191664964,182,0.3782221525250067,0.3995970860964104,0.3402330951878472,0.39099860460574604
191664964,183,0.37793975130693536,0.3993220696243021,0.33994257831038993,0.3907289547225211
191664964,184,0.37765285312177865,0.3990452577343448,0.33964186649765077,0.3904496619979597
191664964,185,0.37737005257991296,0.3987663475276595,0.33934174951332313,0.39018202101204436
191664964,186,0.3770759829918988,0.3984895557454738,0.33903539303604824,0.38991373544626895
191664964,187,0.37678900008693317,0.3982229504851067,0.33873253207384635,0.38962883045121804
191664964,188,0.37653066291916537,0.3979845563680369,0.3384520603561462,0.3893715689409272
191664964,189,0.37627191793687836,0.3977300523510753,0.33817726481827043,0.38910901342824683
191664964,190,0.37598637066028157,0.39748339974870633,0.3378860730303298,0.38884006215530637
191664964,191,0.37571678396264824,0.39723129029581655,0.3375979303710586,0.3885885056012431
191664964,192,0.3754513917325253,0.39697892780120936,0.33732473247068784,0.3883435149734519
191664964,193,0.3751990398139034,0.3967272709527793,0.33705351696588326,0.38810604904935087
191664964,194,0.37495583275674943,0.39647462024613767,0.33677306627682707,0.3878550951374029
191664964,195,0.3747143851603129,0.39624482501924047,0.33650746152691197,0.3876283442476473
191664964,196,0.37447184967103425,0.3960253136101498,0.33625198369753695,0.3873877158250385
191664964,197,0.3742213834851714,0.3958053285669714,0.33598330221326955,0.38715555826235093
191664964,198,0.3739698280871861,0.39557701828902847,0.3357311909480125,0.38690858050220894
191664964,199,0.3737301634498194,0.3953574843629721,0.335478526904207,0.3866749907763295
191664964,200,0.3734915646369928,0.39510677285942425,0.3352254207444413,0.3864388231440154
1662057958,1,0.5436714303263585,0.4606895704516605,0.5888988984890053,0.5157446460013922
1662057958,2,0.5650669505753245,0.4944105482985955,0.602022849187175,0.5395151713689038
1662057958,3,0.5721578422942003,0.5116225106806983,0.6007943982637893,0.5489605940242688
1662057958,4,0.5732259121248107,0.5205407231481103,0.594304082551902,0.5528745751607224
1662057958,5,0.5731051144506777,0.5259080299742026,0.5881004053888047,0.5543057204864666
1662057958,6,0.5704448357288127,0.5294213996150854,0.5806136794835045,0.5538368617173743
1662057958,7,0.5671465424956272,0.5319806723721388,0.5739147221068518,0.5524460797791128
1662057958,8,0.5633266451005282,0.5323901560132672,0.5663440276810942,0.5498827853077269
1662057958,9,0.5591066886877869,0.5317486316421659,0.5589178712310443,0.5475092020073798
1662057958,10,0.5548134802014659,0.5306723721387331,0.5522562548626182,0.5446111952827485
1662057958,11,0.5509434875349457,0.5300412089446117,0.5462344256619674,0.5422345150038529
1662057958,12,0.5469558303645768,0.5287628134256036,0.5401635204673573,0.5390408528179299
1662057958,13,0.5431091777883474,0.5279220595137224,0.5346186919832553,0.536355847583889
1662057958,14,0.5394230375496499,0.5266310610891094,0.5293365780037087,0.5337838628346797
1662057958,15,0.5357301775794057,0.5250849678555343,0.5244762021757231,0.5312654409456342
1662057958,16,0.5327471745628762,0.5237385344580484,0.5200519020515131,0.5289172228819459
1662057958,17,0.5297622345281423,0.5221928089855162,0.515781981274554,0.5265754883092421
1662057958,18,0.5267654432205435,0.5207062227863998,0.511704407408924,0.5242300570092225
1662057958,19,0.523673542399876,0.5191584464621691,0.50764764579234,0.5216606070271702
1662057958,20,0.5206686867859629,0.5175545636951804,0.503896236845338,0.5194125957168011
1662057958,21,0.5177579405702742,0.5160342094333332,0.5003539108612611,0.517498600930893
1662057958,22,0.5148568110158545,0.5144557031764763,0.4970098387751227,0.5154961638827983
1662057958,23,0.5120592932312354,0.5129744001509748,0.4936013730164524,0.5133491667007902
1662057958,24,0.5094855179285587,0.5115363484978774,0.49024746461378865,0.5114433615877046
1662057958,25,0.5069497563572336,0.5101576512018345,0.48718889480365263,0.5095638999221982
1662057958,26,0.5046515766695121,0.5088133479067513,0.4842585038727703,0.5076967175161352
1662057958,27,0.5022847670568893,0.507420753540896,0.48137304414688636,0.5056569406718869
1662057958,28,0.4999195657133497,0.505874627808619,0.47842167455410156,0.5037935734467408
1662057958,29,0.49765676516395585,0.5044005371295762,0.47570844199946627,0.5020114118854744
1662057958,30,0.4955045520931438,0.5030636201083767,0.4730245826679224,0.5002852736033195
1662057958,31,0.4934218434425157,0.5016894502483982,0.47053038698845917,0.49854699353147935
1662057958,32,0.49130679026247903,0.5001010912739036,0.4680206072642398,0.4968367388722821
1662057958,33,0.48938692853765947,0.4987070243816486,0.46565611067474205,0.4951929102250547
1662057958,34,0.4874716071269424,0.49733654978718894,0.4633861406648569,0.49363072283497567
1662057958,35,0.4854902396649254,0.49588761428980915,0.4611721761715619,0.49193902203606965
1662057958,36,0.4836547779916192,0.4944082733894781,0.4590948591603765,0.49035950388781974
1662057958,37,0.4817724444070622,0.4930404381696302,0.4569793166492729,0.4887657609700114
1662057958,38,0.47992775846499663,0.4915899603231903,0.45500798493100203,0.48725967081825605
1662057958,39,0.4781183491719505,0.4902143909350821,0.453093123929699,0.4857200454841828
1662057958,40,0.476361021252201,0.48878936161500347,0.4511634453953564,0.4842517710167479
1662057958,41,0.4746449726894386,0.48755719038292716,0.4492934409709357,0.48284962662083125
1662057958,42,0.47294580581505774,0.4863573700230675,0.44740767606334125,0.48147622752471037
1662057958,43,0.47131948008909597,0.48519526179812833,0.44562342932074284,0.48013337739250334
1662057958,44,0.46967308315123724,0.4838640179279383,0.4438295468505124,0.4787249982317751
1662057958,45,0.46814490261114067,0.4825760160881573,0.44216635045429936,0.47736055944565015
1662057958,46,0.4665901407021399,0.4813061816006537,0.4404503963979683,0.47607369281249384
1662057958,47,0.46504969998788975,0.48002939569798236,0.4387865518602319,0.47477362960200803
1662057958,48,0.4636015963037277,0.47879898448057,0.43714639381406717,0.4734432796909764
1662057958,49,0.4621716505282757,0.47764804296068364,0.43553808239646546,0.4721939715651217
1662057958,50,0.46079808361655955,0.4765541951599034,0.4339404610785799,0.4710040538880472
1662057958,51,0.4595883806206648,0.4754574775325961,0.43232560212160703,0.46983309928533057
1662057958,52,0.45829566608813976,0.47431631981302347,0.4308098641459273,0.46864969619463703
1662057958,53,0.4569122770149106,0.47325453734915746,0.4293293044263637,0.46746652471233774
1662057958,54,0.4556316891806839,0.4721634537366899,0.4279282251007406,0.4663055627594344
1662057958,55,0.45440697462318197,0.47109715557772563,0.4265877728184759,0.4651611318127841
1662057958,56,0.4532143003387014,0.4700225069758463,0.4251997695192076,0.4639924947498348
1662057958,57,0.4520555719588476,0.46898987569657113,0.4239463159762557,0.4628853366781681
1662057958,58,0.4509367997300232,0.46796496514447,0.42264289214059686,0.46176976005670645
1662057958,59,0.4497525400131451,0.46694530061998596,0.42129724417509523,0.4606718724298829
1662057958,60,0.4486350545295715,0.465950752767427,0.41995174917762035,0.4595846470933486
1662057958,61,0.44754850199472235,0.4648790579996657,0.418633586653787,0.45852098536532315
1662057958,62,0.4464583627787295,0.46388750559737724,0.41733119697351967,0.4574582822029163
1662057958,63,0.44531248476623353,0.4629368556726159,0.4160253047890736,0.4564195660383368
1662057958,64,0.44421201271446703,0.4619001064657467,0.4147429466442816,0.45537524057163914
1662057958,65,0.4431198873605,0.4608795078636609,0.41347862652887013,0.45436493812072204
1662057958,66,0.4420943599212302,0.45992861335189666,0.4122755750453223,0.45336384606889507
1662057958,67,0.44107683196563763,0.4590348287227716,0.4110852111010404,0.45242869636910243
1662057958,68,0.44011271639403887,0.4581173507853655,0.40990998586077076,0.4514785972535691
1662057958,69,0.43911927783702437,0.4571828475017641,0.40868781857382186,0.45055485033372916
1662057958,70,0.43819049178985303,0.4563297396269019,0.407508760025037,0.4496261999333127
1662057958,71,0.43730603596189155,0.455485091046669,0.4063992488570504,0.4487444712499229
1662057958,72,0.4363349621682614,0.4546073165627033,0.40527562798866185,0.4478178503018805
1662057958,73,0.4354137720006305,0.45384221866089874,0.40420915526890444,0.44696317395818663
1662057958,74,0.4345432099311957,0.4530535305790209,0.4031551821261497,0.4460820715888076
1662057958,75,0.4336046844928545,0.45228068738653887,0.40202803597996256,0.4451750542565825
1662057958,76,0.4326851997525856,0.4514295828223768,0.40098658617798744,0.4442905588158595
1662057958,77,0.4318151239857967,0.4506255793262877,0.3999485220565439,0.4434500432616808
1662057958,78,0.43099150688929977,0.44984612864716056,0.3989977100414838,0.4426520785494619
1662057958,79,0.43015064332990016,0.4490693058837616,0.39795719496449156,0.441815743764834
1662057958,80,0.4292814073952746,0.4482479218705212,0.39693680643708285,0.4409678145858073
1662057958,81,0.4284692743191576,0.4474599628633724,0.3959590536580286,0.4401112481111935
1662057958,82,0.4276996707152282,0.44673416821388234,0.3950391056877279,0.43931752060651524
1662057958,83,0.42691309030397007,0.4459725803833655,0.39416352605870025,0.43854020561999035
1662057958,84,0.4261208639714843,0.44525520580452804,0.3932266530952089,0.43776994234080346
1662057958,85,0.42535330007683836,0.44453158684545846,0.3923151964196677,0.4370074453760866
1662057958,86,0.42456501886005477,0.4438559836511276,0.3914451725211717,0.43632338922943753
1662057958,87,0.42383086537072157,0.4431613172570998,0.39058314706534364,0.4355540996137205
1662057958,88,0.4231157237995615,0.44247499357855197,0.3897367578574327,0.43481788215060807
1662057958,89,0.42237064342762654,0.4417652149628083,0.388920430887213,0.43407083330841156
1662057958,90,0.4216246035970863,0.4410932758236309,0.38810268029792205,0.4333847462793861
1662057958,91,0.4208920353631872,0.44045680375069013,0.3873161767187401,0.4327056384097455
1662057958,92,0.4201709416165346,0.4398506363909892,0.38655033177076753,0.43199811993597814
1662057958,93,0.4194545677900167,0.4392161162193828,0.3857736576972136,0.43133267551767757
1662057958,94,0.4187482085090701,0.43858856216353737,0.3849949947159186,0.4306774689032024
1662057958,95,0.41803775439171204,0.4379166765445615,0.3841965176649088,0.4300216164258974
1662057958,96,0.41736961358393737,0.4372558027244312,0.38340806409783934,0.4293427446323519
1662057958,97,0.4166734562150118,0.4366408494970317,0.38263586730534854,0.4286681607894507
1662057958,98,0.41597729956402524,0.43598579843878094,0.38186773009846825,0.4280104777671274
1662057958,99,0.4152699758735547,0.43537045240497196,0.3811157312447186,0.4273350597825435
1662057958,100,0.41460280086810536,0.4347807215101757,0.38040559354653775,0.42671102739445554
1662057958,101,0.41393809337118964,0.43417145039511124,0.3796381624158076,0.4260667150208736
1662057958,102,0.4132787917181533,0.4335524472267921,0.3788911985907339,0.4254583205871513
1662057958,103,0.41260943251530685,0.43293373560794196,0.37815277556360655,0.42483013386139495
1662057958,104,0.4119033350867632,0.4323403092546452,0.3774165440840639,0.4242177681251633
1662057958,105,0.41126158009987507,0.43177183571516314,0.37672027002521247,0.42360478198895957
1662057958,106,0.4106502832004314,0.43120095371057854,0.3760392578920245,0.42302518787959326
1662057958,107,0.41001960546442523,0.4306062998484144,0.37534973538554794,0.42240533752358833
1662057958,108,0.4094057254912666,0.43005355894365355,0.3746782899356504,0.42182085242361234
1662057958,109,0.4087640393720399,0.4294769616614367,0.3739855418464106,0.4212253027830988
1662057958,110,0.40814183768812984,0.4289032166801301,0.37334168431789333,0.42062047939366637
1662057958,111,0.40747532676610104,0.4282986766300308,0.37266128583027974,0.4200186222830668
1662057958,112,0.4068550852018462,0.4277583110554733,0.37200784453661073,0.41945840669915235
1662057958,113,0.40622860855646875,0.4272061293540703,0.3713648814508621,0.4189043014988188
1662057958,114,0.4056167146911955,0.4266650718356433,0.37073373721351416,0.4183724893085258
1662057958,115,0.4050106554764876,0.42613110954043476,0.3701162399431708,0.41781307249818844
1662057958,116,0.4044088680036543,0.42556769964798524,0.3694890914970016,0.417297365608175
1662057958,117,0.40380879283872606,0.4250508442187735,0.3689083621109336,0.416785049437275
1662057958,118,0.40322530830994996,0.42453632918042883,0.36832290075435214,0.4162357834567221
1662057958,119,0.4026302958020357,0.424007750596246,0.3677133848502752,0.41571192172049193
1662057958,120,0.40208102998785195,0.42353336609202463,0.36714030274490533,0.41519167246768496
1662057958,121,0.4015259526332336,0.42304025697975023,0.366565525335362,0.41470201943118323
1662057958,122,0.40097158384915965,0.42255372123293505,0.36600268782376894,0.41421686924918827
1662057958,123,0.400445871089889,0.4220681054523579,0.3654554939554555,0.413736278552745
1662057958,124,0.39991427261835727,0.4215817362370567,0.3649014399294103,0.41325303711374795
1662057958,125,0.39938462798411206,0.4210828385406004,0.3643591990499979,0.4127806396134475
1662057958,126,0.39888467705715164,0.4205965721669419,0.363795341376112,0.4123058283821562
1662057958,127,0.3983621299210986,0.42009200807230895,0.36326873702025525,0.4118430084859842
1662057958,128,0.39783623085663977,0.41960156601900006,0.36270349417509523,0.4113402335592318
1662057958,129,0.3973403878794112,0.4191344404628244,0.3622071676143515,0.41089175696733243
1662057958,130,0.39686776513278293,0.4186576496268974,0.36169343534725784,0.41043632056899326
1662057958,131,0.39639298051264227,0.41817360293402844,0.36119848672350885,0.4099768969954841
1662057958,132,0.39589281703650486,0.4176745548106262,0.3607031268419008,0.40951373197186225
1662057958,133,0.3953784691038435,0.4172094890598594,0.3601933563280463,0.4090338248881694
1662057958,134,0.39493001191169574,0.4167359325562108,0.3597167106606927,0.4085806380244065
1662057958,135,0.39445725976580565,0.41627500314695753,0.35920162822828555,0.4081205155854024
1662057958,136,0.39401118131213014,0.41581392702038017,0.35872091762875247,0.4076668585619416
1662057958,137,0.3935931352608157,0.4153906668216926,0.3582430401978434,0.4072429884893253
1662057958,138,0.3931768453024214,0.41499000919261103,0.3577940463452398,0.4068282287340012
1662057958,139,0.3927457763529973,0.4145547572424842,0.35732544139537886,0.4064007301181699
1662057958,140,0.39229366411811845,0.4141121224707072,0.3568550486408068,0.4059443862717684
1662057958,141,0.3918569676545677,0.4136847690381577,0.3564001857487495,0.4054987263897105
1662057958,142,0.3913919617784509,0.4132451232516923,0.35593543654128196,0.40505617135102495
1662057958,143,0.3909512133172098,0.41281491940760595,0.35548262801446534,0.40464514806269847
1662057958,144,0.39053592308987256,0.41241870043541756,0.3550577201315807,0.4042510657949215
1662057958,145,0.39010800484037905,0.41201905087340035,0.3546029491294236,0.4038475930127971
1662057958,146,0.38968735082595096,0.4116325888397197,0.35416296214856624,0.40345076912807476
1662057958,147,0.3892884372126476,0.4112108542692291,0.35372408657988397,0.40303789506466364
1662057958,148,0.38887388678552026,0.410832585380106,0.35330926418003117,0.40264803110304936
1662057958,149,0.3884921080959863,0.4104401564392402,0.3528821464857647,0.40224952174234463
1662057958,150,0.38808771139592974,0.41002839086578485,0.3524304219046449,0.4018526404870125
1662057958,151,0.3877030435481785,0.40963848560475175,0.3520283406068656,0.4014813545284959
1662057958,152,0.38732653518649823,0.40926798872411363,0.351617137105899,0.4010740055474258
1662057958,153,0.38696190704828404,0.4088992571217368,0.351192306632056,0.4006921879353273
1662057958,154,0.38658898531549113,0.40851829673949974,0.3507882825990193,0.40029472186222526
1662057958,155,0.38618983397419726,0.4081298353743671,0.3503857732173922,0.3999013276516378
1662057958,156,0.38584514798633796,0.40777680306671754,0.34997779338715423,0.3995405383554927
1662057958,157,0.3855245446320216,0.4074280071683111,0.3496059176384948,0.3991883877742269
1662057958,158,0.38515875784433296,0.4070619859749262,0.34920868582186215,0.3988003943482964
1662057958,159,0.384809161307968,0.40670932507567076,0.34883383437133575,0.398438528135518
1662057958,160,0.38448492076491547,0.4063610724376561,0.3484538153638262,0.39807747430490154
1662057958,161,0.3841406731453253,0.40604181667290223,0.3480838581803005,0.39772929875799284
1662057958,162,0.38381988584000515,0.40573117853941726,0.3477283263089195,0.39736153512889383
1662057958,163,0.38349022251039594,0.40538666937311074,0.3473515326620984,0.39700180097437004
1662057958,164,0.38314435496838484,0.40501864648678015,0.3469890717804848,0.396644081812834
1662057958,165,0.38281074534708703,0.40467593092383236,0.3466141286746503,0.39629752336848695
1662057958,166,0.3824948456863365,0.40435411849272523,0.34627182412134927,0.3959848648925994
1662057958,167,0.3821808902566678,0.40403775390131247,0.3459050532488113,0.3956372092635498
1662057958,168,0.38184410470301716,0.40373807378895216,0.3455781129043895,0.39530429509341103
1662057958,169,0.38150561077392653,0.40340571663392816,0.3452302061301882,0.39495823872605523
1662057958,170,0.3811808544719227,0.40308774752683924,0.34487663703129173,0.39462275717379214
1662057958,171,0.3808531914939472,0.40278822439990886,0.34454683930113833,0.3943032923203139
1662057958,172,0.3805376710665525,0.40247540003218735,0.3442124248764169,0.39398289977268897
1662057958,173,0.3802278101880003,0.40218642961745465,0.34389382964959797,0.3936877504980671
1662057958,174,0.3799341013740294,0.40188877859501926,0.3435856034965196,0.39337810825147196
1662057958,175,0.3796384844425465,0.4015807238500822,0.34326206368055595,0.39307890749764546
1662057958,176,0.37931993608332626,0.40128489452073657,0.34293905952775366,0.39278147812426717
1662057958,177,0.37903136066324317,0.4009928705890573,0.3426168133057661,0.3924985141758841
1662057958,178,0.37874867320398864,0.4007088437884322,0.3422972676398881,0.39220090095602933
1662057958,179,0.3784838994006212,0.4004237583781154,0.34198689698100754,0.39191599225778523
1662057958,180,0.3782238874556961,0.40014730036535034,0.34168702710326715,0.3916275382298477
1662057958,181,0.3779382430798961,0.3998586263384855,0.34138809524725233,0.3913257564531568
1662057958,182,0.37767103704207017,0.39957706189637726,0.3411041478892918,0.3910530524305554
1662057958,183,0.3774180512472133,0.3993172587509227,0.3408179335038844,0.39078758024928384
1662057958,184,0.377131985479354,0.39906094718907287,0.3405064555986205,0.3905137550896146
1662057958,185,0.3768792255668305,0.39881017334438573,0.34020166515969313,0.3902521865873081
1662057958,186,0.3765985823059917,0.39855692240901425,0.3399034543247416,0.3899643705201719
1662057958,187,0.3763110866929422,0.3982889715106683,0.3396026300674422,0.38969123838582864
1662057958,188,0.37606280607813125,0.39803715759108615,0.33932493572413697,0.38941502212518525
1662057958,189,0.3758058865548321,0.3977754422044173,0.3390393470447522,0.38915342832053856
1662057958,190,0.37553680072586365,0.3975214386237901,0.33874652747096434,0.38887529930021403
1662057958,191,0.37529883194255387,0.3972618407768955,0.3384727460766215,0.38861798413561754
1662057958,192,0.37506195572799367,0.39703661807460794,0.3381969112990186,0.38836772142827897
1662057958,193,0.3748279585246113,0.39680375740491763,0.337922874074445,0.3881096559000758
1662057958,194,0.374591624497591,0.396549868142046,0.33765788866013147,0.38784749647189737
1662057958,195,0.3743366102524204,0.39630855747312893,0.33739362612463625,0.3875925406779999
1662057958,196,0.374096942327154,0.39607211174056456,0.33712704606022414,0.38734290243676195
1662057958,197,0.3738446377493615,0.3958362996647015,0.33687450074694386,0.3870911217502952
1662057958,198,0.37361483885991476,0.3956073159422735,0.336622851917066,0.3868321642368569
1662057958,199,0.37339856400877486,0.3953862922573228,0.3363857698055817,0.38658897863462516
1662057958,200,0.3731663322550264,0.39515468244543633,0.33613222226772044,0.3863469964374923
1405681632,1,0.5434052659596249,0.46130379591335324,0.5870971704680398,0.5171573645632856
1405681632,2,0.5645960443880267,0.4945743417550469,0.6024425699193318,0.5402215306498506
1405681632,3,0.5726423979362024,0.5120661179585877,0.5996205451592208,0.549404201302158
1405681632,4,0.5733180459440645,0.5206072642397936,0.5944678760083535,0.552664714794644
1405681632,5,0.5730682609229761,0.5256828139715819,0.5875639818189263,0.5543917120511035
1405681632,6,0.5710317622810969,0.528394278148588,0.5803816387535318,0.5543145926320243
1405681632,7,0.5676291482155288,0.5308662918916389,0.5733121961777626,0.552940385031618
1405681632,8,0.5634853200114656,0.5318783014618566,0.565665820400475,0.5505226034969903
1405681632,9,0.5593478290542294,0.531307299273394,0.558540236317559,0.5480301561952601
1405681632,10,0.554641497072192,0.5302731255886327,0.5516727406740102,0.5450616272879899
1405681632,11,0.5507983069712729,0.5296242801463718,0.5455364421827711,0.5424392568244171
1405681632,12,0.5470360209109646,0.5284437574218909,0.5395305270054461,0.5394588673682487
1405681632,13,0.5430131066263904,0.5274243793960431,0.5341257366768198,0.5368929011285999
1405681632,14,0.5393645398866315,0.5259978238869357,0.5288759089074392,0.5344478113099381
1405681632,15,0.5357151631792311,0.5246468203595267,0.5241308709717049,0.5319206147714399
1405681632,16,0.532685752016707,0.5234646922730437,0.5197639838663446,0.5296376581630564
1405681632,17,0.529449099979044,0.5221614955306064,0.5154471681797489,0.5272836541356642
1405681632,18,0.5266050621277679,0.5206004395124414,0.5113984321326364,0.5248772686531173
1405681632,19,0.5234677229907824,0.5188427130230884,0.5074030331961922,0.5223491860973838
1405681632,20,0.520393309037304,0.5174245526391221,0.5036843290610541,0.52001453666926
1405681632,21,0.5176321705947847,0.515903564652592,0.5000467981304146,0.5178154632722423
1405681632,22,0.5148121400731859,0.5144771080031717,0.49655196161276993,0.5155613090075234
1405681632,23,0.5119248757751258,0.5129031856046915,0.4930334370098436,0.5134070285196455
1405681632,24,0.5093404924723257,0.5115039310429549,0.48961617733371554,0.511368289586831
1405681632,25,0.507030834118177,0.5100806682773024,0.4865722124401131,0.5094066582040049
1405681632,26,0.5047791465730944,0.5086684536952748,0.48367892702686527,0.5076486819351567
1405681632,27,0.5023841047550149,0.5071507976589669,0.4808627062015538,0.5057213964302125
1405681632,28,0.4999831819218822,0.5056516054683615,0.47800999725060983,0.5037804114725616
1405681632,29,0.4977923183692949,0.5041901472587894,0.47538014908028564,0.5019379872325825
1405681632,30,0.49566152082224313,0.502720336322564,0.47274067401007336,0.5001835851657725
1405681632,31,0.4936404548702795,0.5013143103965255,0.4702285579174982,0.4983970696822274
1405681632,32,0.4914750624462553,0.4998483630891446,0.46763863580524956,0.4965251474141108
1405681632,33,0.48964192516872584,0.49850600513964005,0.46519761308263,0.494863462022874
1405681632,34,0.48766490749282804,0.49714385160312846,0.4630121857514145,0.49327844646724
1405681632,35,0.4857645937044815,0.4956939870252184,0.46083990944561753,0.49163366423511384
1405681632,36,0.48381117799343915,0.4941921570233269,0.45870698715586317,0.49004784133873847
1405681632,37,0.4820469091178727,0.49278866106596336,0.456513944024693,0.48849129625920096
1405681632,38,0.4803469404028888,0.4914552617570297,0.45443524662768675,0.4869493253218218
1405681632,39,0.4786176042267111,0.4901267194375585,0.45245684934886854,0.4853373357734358
1405681632,40,0.4770499774783998,0.4887064411776749,0.45058197862495397,0.48394414643135003
1405681632,41,0.4754274859402294,0.4874353440311767,0.44876360908893886,0.482536022076162
1405681632,42,0.4738159585524558,0.4862554865933105,0.4468412236931134,0.48120713827482586
1405681632,43,0.4722036790676724,0.4849129085432572,0.44504158163532526,0.4798110280610569
1405681632,44,0.4705660366822891,0.48356900357739796,0.44321904396737527,0.4784639524105557
1405681632,45,0.469101729385911,0.4822743631391926,0.4414756880462625,0.47714808293408684
1405681632,46,0.4675733465317626,0.481109006325632,0.43982548875433297,0.47587607244655783
1405681632,47,0.46611784242198245,0.47989173949521985,0.438220244696969,0.4745292462800153
1405681632,48,0.4647221312258575,0.47862580702400936,0.43667463453585037,0.47324365641592614
1405681632,49,0.46330901223353266,0.47747380349297897,0.4351281809148867,0.4720080325648133
1405681632,50,0.46190860325130007,0.47632775070635935,0.4335940379181851,0.47078825600917246
1405681632,51,0.4605631122683707,0.4752507284392812,0.4321132326645904,0.46957817564600063
1405681632,52,0.4592268476374369,0.4741816626925755,0.430568898772494,0.468448891716776
1405681632,53,0.45790083233344636,0.473094993251246,0.42910331581309935,0.46725251156404984
1405681632,54,0.45661786228306844,0.471996627068082,0.42759115939984865,0.4660795884537746
1405681632,55,0.4554239830846031,0.4709460188883636,0.4262620471948509,0.46495638999221983
1405681632,56,0.454178049336929,0.4698744347663311,0.42486742967118457,0.46385100352740904
1405681632,57,0.4529650566775647,0.4688368581254125,0.42355946169424213,0.462722620810246
1405681632,58,0.45173811685533505,0.46778987558757373,0.4222178763613566,0.46166738914642425
1405681632,59,0.450560055634252,0.46679747008513794,0.42094293671950855,0.4605747068201235
1405681632,60,0.44940897861130447,0.46578388818366706,0.41957502422778203,0.45953789771098646
1405681632,61,0.4482778527751915,0.46476863167349247,0.4182073208962187,0.45849547654833483
1405681632,62,0.44713302010036304,0.46369465201155535,0.41692171333239103,0.4574133710938893
1405681632,63,0.4459731833713243,0.4627087147868442,0.415596321926939,0.4563773177261568
1405681632,64,0.44486846617665127,0.46165633573563736,0.4143593756398182,0.45534708857131156
1405681632,65,0.44373757768377153,0.46065649677295395,0.4131280455345809,0.4543217848446955
1405681632,66,0.44262420693566024,0.4597244919610916,0.41194612684314175,0.453358572415941
1405681632,67,0.44160977186871836,0.4588068624568897,0.41081446296220464,0.4524730061660902
1405681632,68,0.44062276439997405,0.4579204373285287,0.40975492404078456,0.4515090074357413
1405681632,69,0.4395964152971219,0.4570374511364358,0.40857921639074,0.45061330560713664
1405681632,70,0.43862425196113414,0.4562045546280426,0.407464301801143,0.4497467051191305
1405681632,71,0.4377008127961907,0.45538675729904593,0.4064231834642432,0.44887048839863636
1405681632,72,0.43670520362711507,0.4544722438338588,0.40535979962600494,0.4479566197580407
1405681632,73,0.43575594326239536,0.45364000105456054,0.40437967996329227,0.44712360179566984
1405681632,74,0.43475127188939067,0.45283135803589514,0.40339921224201136,0.4462439282983077
1405681632,75,0.4337840383276688,0.45200032758691294,0.4023629935984058,0.44543220998321126
1405681632,76,0.4328947907215318,0.4511429442735868,0.40133222269875585,0.4445992879294999
1405681632,77,0.4319504663061438,0.45031873249390963,0.40029206287754254,0.44377470529143276
1405681632,78,0.4310597541628213,0.4495075171746889,0.39930849762551984,0.4429988271968535
1405681632,79,0.43011876580593894,0.44874716147494975,0.39838248778417,0.44221304656347343
1405681632,80,0.429224591540068,0.44791572826665577,0.39739798738790383,0.44138932680889403
1405681632,81,0.42831786647901193,0.44712226524328125,0.39644259822931177,0.4405872096520856
1405681632,82,0.42748494148878263,0.4464133227999493,0.3955527080351676,0.439855841783511
1405681632,83,0.42665062609062016,0.4456773081433469,0.3946070511109588,0.43907253435345733
1405681632,84,0.42581935726667725,0.4449632049699614,0.3936897595941042,0.43833371356814294
1405681632,85,0.42500475723641895,0.4442170070599797,0.39281163511635364,0.43757156930992375
1405681632,86,0.42422124305901426,0.44354006226055914,0.3919477422690916,0.43687214492292664
1405681632,87,0.4234449152721866,0.44286244126616103,0.3910942956104766,0.4361426735139863
1405681632,88,0.42270414620799535,0.4421809098726506,0.3902460531360863,0.43539744109950085
1405681632,89,0.42193102363088686,0.44149951069005355,0.38943205539163434,0.43465745313137666
1405681632,90,0.42115005755520063,0.44081869429316295,0.3886306867040662,0.4339678054861708
1405681632,91,0.4204186542747617,0.4401062677546032,0.3878356809645455,0.43328656520172015
1405681632,92,0.4197064892474937,0.4394580662046029,0.38703347795820775,0.4326383832161558
1405681632,93,0.4190043559372706,0.4388194014229776,0.38622166802500757,0.4319563675366652
1405681632,94,0.4182857969292212,0.43817951414330353,0.38540687427196857,0.4312677352156803
1405681632,95,0.4175627533680029,0.4375319774396065,0.384594363349921,0.43055610033642316
1405681632,96,0.416848801577877,0.4368627410834937,0.38382970428456387,0.4298661159111693
1405681632,97,0.4161504147393848,0.43625310648221044,0.38305337176006626,0.42920618852204684
1405681632,98,0.41545165627776026,0.4355888500111564,0.38227470669689595,0.4285444778623951
1405681632,99,0.41476556647925544,0.43493532433379284,0.3815037066541919,0.4278483620033925
1405681632,100,0.41408746570574506,0.4343433929814504,0.38075938741247284,0.4272134638221203
1405681632,101,0.41338387145294936,0.4337165586670456,0.37999007508956956,0.42655181123533925
1405681632,102,0.41273602516638286,0.4331096428580031,0.37927699641340507,0.4259326391381253
1405681632,103,0.41209499384383086,0.4325218666252147,0.3785340326624825,0.425301835162559
1405681632,104,0.4114450283961155,0.4319369284947066,0.37780240366897344,0.4246782403542978
1405681632,105,0.4107928188268879,0.43134480277512904,0.3771100594531248,0.4240632086748134
1405681632,106,0.41017358243330626,0.43078760701623175,0.3764164850387812,0.4234920378610119
1405681632,107,0.40950105375065965,0.43022398755169733,0.37573759675964497,0.42287911392332395
1405681632,108,0.4088914064549788,0.42966075796938574,0.37509175466773437,0.42226199521662444
1405681632,109,0.40826721174323943,0.42908907922156037,0.37439446197794124,0.42165037685643547
1405681632,110,0.40765231860805334,0.4285264917302918,0.37372529603805965,0.42104429496223444
1405681632,111,0.4069765683131229,0.4279198120359416,0.37304347056199966,0.42040265153569273
1405681632,112,0.4063812541313974,0.42736710793403804,0.372404714619151,0.41981579085915516
1405681632,113,0.40576803005392503,0.426820562456583,0.3717473681616685,0.4192257280383595
1405681632,114,0.40518029133683475,0.4263157535540666,0.37113028979229123,0.418614048737174
1405681632,115,0.40456378419856037,0.4257675592816589,0.370491184529352,0.41803419366439787
1405681632,116,0.4039776746694832,0.4252644699516668,0.36984668367671125,0.41744880395476475
1405681632,117,0.4034229332538165,0.4247822299499135,0.3692658728283805,0.4168853204314488
1405681632,118,0.402840810111331,0.4242764111743227,0.3686680121790152,0.41632791727597596
1405681632,119,0.40225986795356933,0.423746403684114,0.3680786511402399,0.4157637093574582
1405681632,120,0.4016908262014932,0.4232682254343939,0.3674904112580703,0.4152213600316667
1405681632,121,0.40114912615852566,0.4227801841051987,0.36689480432942656,0.4146893288224706
1405681632,122,0.40062083761557,0.422305513730792,0.36632205149961633,0.4141754174215822
1405681632,123,0.40011229173345736,0.42184322236326655,0.3657619408592432,0.41366370340334163
1405681632,124,0.3996284596414244,0.42139482676860607,0.36520558060157116,0.4131339896519521
1405681632,125,0.3991182998239221,0.4209434503091602,0.3646677859219525,0.4126314237746203
1405681632,126,0.3985941386641603,0.42046966473689373,0.3641089538472938,0.4120968617303739
1405681632,127,0.3980779095827877,0.4199604574222457,0.36354392937277746,0.4115908697400295
1405681632,128,0.3975723058535687,0.41949743560869746,0.3629669393145244,0.41107582869251874
1405681632,129,0.39708834911115065,0.4190682564789676,0.3624458743570869,0.4105887708158152
1405681632,130,0.39658600888894485,0.4186042592598426,0.3619103041833479,0.4100962916531484
1405681632,131,0.3961096240846399,0.41814797113359137,0.3613979146342264,0.40961195642218823
1405681632,132,0.39561951772753956,0.4176905308769278,0.3608731245959451,0.40912828998390605
1405681632,133,0.39513339468404024,0.417236890596747,0.3603396004855922,0.40864266025203877
1405681632,134,0.3946415398540649,0.4167776448823407,0.35982870749238943,0.4081713071756814
1405681632,135,0.3941654647563496,0.4163326341779313,0.3593203784842129,0.4076863112651983
1405681632,136,0.39374366203628985,0.4158944688394993,0.35881801944806424,0.40723735237512554
1405681632,137,0.3933232347294733,0.4154910949263781,0.35830550887010315,0.4067716339622743
1405681632,138,0.392910977662964,0.4150956441029311,0.3578234223455817,0.4063641472740555
1405681632,139,0.3924644404700636,0.41470058055353354,0.3573127739158331,0.40592083885817104
1405681632,140,0.3920001520939238,0.4142539793035268,0.3568344282145928,0.40543882021913225
1405681632,141,0.3915199422889439,0.413832444521501,0.35638610067315046,0.40495986334282114
1405681632,142,0.39105831912155953,0.41339839124835415,0.35591799023121984,0.40450754978254116
1405681632,143,0.39064567552344465,0.412991026008511,0.3554494111596605,0.40408690445543977
1405681632,144,0.3902327914499816,0.412597280801132,0.35500795649463807,0.40369655669756
1405681632,145,0.3898121882099776,0.4122021889018637,0.3545788037147226,0.4033120166504521
1405681632,146,0.3894091263245814,0.4118137713275067,0.35412846455414243,0.402919562267597
1405681632,147,0.3889696249491975,0.41140501079839004,0.3536934449468743,0.4025318902795547
1405681632,148,0.38858268304748794,0.41102805848311774,0.35327426439584014,0.40214295516596815
1405681632,149,0.38819846160568705,0.4106468220084541,0.35286620685409664,0.40175992771102215
1405681632,150,0.38779329265795837,0.4102495120319943,0.3524214132645401,0.4013461092229365
1405681632,151,0.38739932058257315,0.40987292176882834,0.35201030705578285,0.400953907056976
1405681632,152,0.3870178060728579,0.40948310233427226,0.35159531593818094,0.40057036760855086
1405681632,153,0.38664328595366737,0.40911818366973884,0.3511826717228529,0.4001874257476355
1405681632,154,0.3862231090231581,0.40872450100163954,0.35078894734518995,0.39979416799571593
1405681632,155,0.38583635712785536,0.4083348413779256,0.3503833955704437,0.39940585244587223
1405681632,156,0.3854784501359171,0.40798390729290374,0.34999629889785894,0.3990244839718653
1405681632,157,0.385120668569418,0.40765204949170564,0.3496314777638646,0.39867053441788247
1405681632,158,0.38474305419852917,0.4072786494711182,0.3492625925290487,0.39829411188440744
1405681632,159,0.3843889898862692,0.40693248078324173,0.3488971884441141,0.3979669781060171
1405681632,160,0.3840525316326113,0.4065824495311412,0.34853161725564064,0.39761603742680485
1405681632,161,0.3837057557376669,0.406254315792258,0.34815876062273055,0.3972646238434948
1405681632,162,0.3833636401781304,0.40590773676369407,0.3477968263501206,0.3969420671644168
1405681632,163,0.3830250943131263,0.40555586399415366,0.3474355647344649,0.39657762114121325
1405681632,164,0.38267095192961675,0.40518843238676033,0.347049745271213,0.3962207406460454
1405681632,165,0.3823180000322623,0.4048608189920995,0.3466805146588939,0.3958782369371616
1405681632,166,0.3819948316257536,0.4045410995770477,0.3463241196225055,0.39554775343953924
1405681632,167,0.3816735719012816,0.40421515594583723,0.3459564226037912,0.39519180385390307
1405681632,168,0.3813517493726125,0.4038772494788833,0.3456246672945416,0.39484740397121143
1405681632,169,0.38100114631189713,0.4035638160870858,0.34527612160355725,0.3944956918201887
1405681632,170,0.3806926054480594,0.4032397382195169,0.34494769448666407,0.39417509520494654
1405681632,171,0.38038695485694296,0.4029011317313662,0.34459604917730907,0.39385537468830745
1405681632,172,0.3800809301563752,0.402592650435243,0.3442664671941705,0.39354568075703045
1405681632,173,0.37978057357533423,0.40228548678728837,0.34395892097983516,0.39324785145353675
1405681632,174,0.3794699022463707,0.4019853837873659,0.34363114090143826,0.3929350893121475
1405681632,175,0.37916477036742385,0.401672448185695,0.34330242706803865,0.39262999643164254
1405681632,176,0.37886868976402577,0.40137307310027504,0.34299908610696467,0.3923305807967063
1405681632,177,0.378587522038664,0.40107997261780576,0.3426918853066396,0.39203362300252376
1405681632,178,0.3782938703059487,0.4008067287824211,0.34237686389821986,0.39174023185975976
1405681632,179,0.3780147089269036,0.4005254430029655,0.3420636465684928,0.39144154026242184
1405681632,180,0.37772761603173954,0.4002450077119419,0.341754023176774,0.3911359303695818
1405681632,181,0.37744222491239654,0.3999624677701308,0.34145178013398036,0.3908540584466634
1405681632,182,0.37715963247268275,0.3996982195561287,0.34118064483323896,0.3905777589185312
1405681632,183,0.37688102352114305,0.39943059397727876,0.34087353824968786,0.39031208695015907
1405681632,184,0.3765955396549299,0.39915786573565515,0.34057889414491804,0.3900235987202746
1405681632,185,0.37632465191123726,0.3988807816046667,0.3402864393405321,0.38975283788763987
1405681632,186,0.3760633915900866,0.39861107992284095,0.3399761046481677,0.38947078862586537
1405681632,187,0.37578072873635754,0.39833835042033394,0.33967259264676863,0.3892119016529782
1405681632,188,0.375529061576756,0.39809574860143915,0.33940748588370484,0.3889681839923261
1405681632,189,0.37527117458324205,0.3978297150362176,0.33911983549590524,0.38871307091281704
1405681632,190,0.3750039331981319,0.39755969301657973,0.33883876904907123,0.388439414740118
1405681632,191,0.37474935206181437,0.3973090064318946,0.3385592521756767,0.38817451978395556
1405681632,192,0.37450424753968575,0.39706050462034037,0.3382941636637867,0.38793072560501207
1405681632,193,0.37426221338001586,0.3968101224356087,0.3380189860378809,0.3876782129030629
1405681632,194,0.37400990443833837,0.39655683358542604,0.3377427404249427,0.3874061406504542
1405681632,195,0.37378391233270236,0.39631569718789733,0.33748014266830034,0.38715859301420913
1405681632,196,0.3735400654672417,0.39607064929898905,0.3372190754193655,0.38691691409785317
1405681632,197,0.37329713525660385,0.39582632239831866,0.3369577485633256,0.3866737394399469
1405681632,198,0.37305066139880444,0.3955845668510997,0.3366867561822723,0.3864283678685219
1405681632,199,0.3728167474282267,0.3953762094943,0.33644348847962013,0.3861979114688137
1405681632,200,0.3725686908807993,0.3951466975144343,0.33619661357028785,0.38598173702960564
942484272,1,0.5437328528725277,0.4591949551615413,0.5900659268662217,0.5125711477826461
942484272,2,0.5619036894476066,0.4930694893738995,0.6017566848204414,0.5386450186315057
942484272,3,0.5715231426504511,0.5105305543043556,0.5999959051635887,0.5495611700312572
942484272,4,0.5723608779329266,0.5190972933131321,0.5946163138282625,0.5533557184390484
942484272,5,0.5726383030997912,0.5250603988370665,0.5875967405102166,0.5549486098030384
942484272,6,0.5699602800868104,0.5287389268798712,0.5802519689338411,0.5549731788215061
942484272,7,0.5668189555827244,0.5309745125682228,0.5736544075064199,0.55390267158827
942484272,8,0.562929957823185,0.5318424716432578,0.5661776749518856,0.5510882027762991
942484272,9,0.558449239952864,0.5312527014545769,0.5590702901419089,0.5483395438352238
942484272,10,0.5543220998321117,0.5304348716268785,0.5522828712992915,0.5452540845993201
942484272,11,0.5503404298089201,0.5298755541988825,0.5459459258238997,0.5426570276699264
942484272,12,0.5462733576293628,0.5284676439676235,0.5400202011929623,0.5396806710071933
942484272,13,0.5424918024524921,0.5272101879529912,0.5345367952550296,0.5369118003735751
942484272,14,0.5388921712577582,0.5261235938624252,0.5293468150947369,0.5341977338005347
942484272,15,0.5352579064466375,0.5248338178889753,0.5246154266137069,0.5315902979675962
942484272,16,0.5321137545555055,0.523431421727202,0.5199776831415585,0.5292345727038205
942484272,17,0.5288987057908213,0.5219121922549782,0.5158831478211856,0.5268259959485206
942484272,18,0.5259055275741734,0.5205412918753896,0.5118966372293426,0.5244120497386129
942484272,19,0.5228944458932023,0.518803919836034,0.5078103616602624,0.5219343145136089
942484272,20,0.5199531141230908,0.5172443798370255,0.5042187052127267,0.5197381352114983
942484272,21,0.5170315945877962,0.5158509167558756,0.5006288498774474,0.5178008388564878
942484272,22,0.5141588275366581,0.5143058693896088,0.49737372082894377,0.5156459976696658
942484272,23,0.5113925470416588,0.5126859812385278,0.4939111562927844,0.5135191914300414
942484272,24,0.508870439375947,0.5112079084940557,0.49062367770907545,0.5115849746802615
942484272,25,0.5066164366733549,0.509712951967569,0.48764505957986987,0.5096040293190287
942484272,26,0.5042192564407052,0.5083298422228032,0.48476327120731527,0.5076683686486725
942484272,27,0.501863908870174,0.5067435889269557,0.48196148730524885,0.5057729610368733
942484272,28,0.4995210503840371,0.505355461049331,0.4791485080171048,0.5039427424874376
942484272,29,0.49725151756049424,0.5038837405342209,0.4764236263588856,0.5020375341177534
942484272,30,0.4951878847440045,0.502446664755743,0.47379782427692013,0.5003207621855507
942484272,31,0.49312793986138315,0.501039560082478,0.47127406211734746,0.49864672261181875
942484272,32,0.4909856015314688,0.49941712562958107,0.468774313091192,0.49691543650956144
942484272,33,0.4891797049980581,0.49813188599479086,0.4663857360716621,0.495189187646499
942484272,34,0.48727108057915447,0.49677350978063717,0.46419246212878507,0.4936361424714024
942484272,35,0.48534575043727,0.495326621701463,0.4618753180810427,0.49201097416158224
942484272,36,0.4835194208991351,0.4938981250199054,0.4597784693501495,0.49041808279759225
942484272,37,0.48167284027813895,0.4925202832741426,0.4575907753296067,0.48885263790468336
942484272,38,0.479957392149552,0.49114114470074294,0.4555015204774149,0.4872273431623775
942484272,39,0.47806952612243137,0.4897471596009739,0.45347845853558155,0.48571322075683077
942484272,40,0.47639787477990253,0.4884372056836329,0.4515227672904467,0.48422515458007453
942484272,41,0.4748092655161842,0.48709926782327495,0.44959705810972367,0.4827597399679005
942484272,42,0.47323049444174703,0.485884026433144,0.4477196635994392,0.48143917900479877
942484272,43,0.4716027856315047,0.48466912293365505,0.4459124485883766,0.4800519568080464
942484272,44,0.46995646444379086,0.4834554649314487,0.4440919886386902,0.4786645063302448
942484272,45,0.4683346300315302,0.4822547989207831,0.4423660874748054,0.4773296206816538
942484272,46,0.4667695123405907,0.4810564855977482,0.44072323712841577,0.4759735473567831
942484272,47,0.4652587980174022,0.47985776106542416,0.43902570773148675,0.474723533199104
942484272,48,0.46381060357888704,0.4786334848422806,0.4373933636351228,0.47347484405497997
942484272,49,0.4623642749757861,0.4774834138233321,0.43582806366885646,0.47218352555386844
942484272,50,0.4610151099463577,0.4764194750419721,0.434208263379878,0.47101019614266404
942484272,51,0.4596811166217438,0.47539404771367616,0.4327334799445351,0.46984554437638454
942484272,52,0.4583933121871781,0.4743182884843751,0.43118036809429466,0.468679619999181
942484272,53,0.45702469186356004,0.47319272849766636,0.4297407195941013,0.46744489161431585
942484272,54,0.4557329226364073,0.47206411603856424,0.4282633950440346,0.4662558939103716
942484272,55,0.4545078565020418,0.471042061415101,0.42688111200866613,0.46520133566118577
942484272,56,0.45322417181933583,0.4700440779890844,0.4254366850544321,0.4640853597898764
942484272,57,0.45209328755737255,0.4690778787597961,0.4241744055482879,0.4629711845643345
942484272,58,0.4509322106892175,0.4681029893717816,0.422870226162051,0.4618696599450163
942484272,59,0.4497226962901476,0.46710250069577514,0.4215238482578554,0.46076522081925875
942484272,60,0.4485661247833149,0.4661302430967883,0.4202250795080737,0.45968224069448427
942484272,61,0.4474508300770434,0.4651270976806443,0.4188846471157247,0.4586559135814983
942484272,62,0.4463457547774192,0.4641559815653106,0.41763897016185175,0.4576032526210255
942484272,63,0.4451873647647776,0.4631906705327122,0.41636361627352986,0.4565957090014254
942484272,64,0.4441003644404406,0.46218322601449574,0.41508844846648374,0.45556718602841817
942484272,65,0.4429642835768712,0.46125686278833167,0.4138200728880881,0.454525581703011
942484272,66,0.44187751972035993,0.4603542281667666,0.4126205339914852,0.45349816911178037
942484272,67,0.44085069920859654,0.45949320593299015,0.4114803322562488,0.45253717897552076
942484272,68,0.43986702620936174,0.4586033115182931,0.41033693277482974,0.45159843143678174
942484272,69,0.43879703201509274,0.4577487064174395,0.40916050512477686,0.4506376372437835
942484272,70,0.43782488139598824,0.45690711156089314,0.40804196622344935,0.449710144079744
942484272,71,0.43691500792148985,0.45608259112020305,0.40692321489643807,0.44877359649482
942484272,72,0.43594908070922567,0.45521784529708037,0.4058019850856958,0.4478454335749286
942484272,73,0.4350393468904205,0.4544331652580616,0.4047762620650428,0.44702796212332413
942484272,74,0.43412929943989276,0.45361214373539827,0.4037403563835733,0.4461249566998717
942484272,75,0.43321703997925287,0.45279090400338506,0.40267775002388656,0.4452495802792678
942484272,76,0.43229187993939644,0.451982116340768,0.4016145508934286,0.4443670676014388
942484272,77,0.43135937401119007,0.4511722665770412,0.4005747129493085,0.44347769670238035
942484272,78,0.4305337251776792,0.45041573089155096,0.3995659998383065,0.44262372968199926
942484272,79,0.42963956627907396,0.4496786071750864,0.39858360126867365,0.44179449208219324
942484272,80,0.42874037713443347,0.4489038634781541,0.3975686908807993,0.4409606486220875
942484272,81,0.4278805783931154,0.4481563378209707,0.3966207994435067,0.4401120064142327
942484272,82,0.42706072642397935,0.44745251238188644,0.3957362266182344,0.43936895574680335
942484272,83,0.4262004407622711,0.4467042240457675,0.3948154930849067,0.4386196355792936
942484272,84,0.4253496697806923,0.44598179552726874,0.39391131949278624,0.4378996121604942
942484272,85,0.4244721876302219,0.44527467921774166,0.39299132617299,0.4371490785413711
942484272,86,0.42371676873601916,0.4446292411315842,0.3921077265753931,0.4364474246811979
942484272,87,0.4229721264014813,0.4439543976425039,0.391247028301909,0.4356734146746699
942484272,88,0.4222211416403915,0.4432467306453834,0.3903821599145296,0.43491094661450086
942484272,89,0.42143964326153255,0.4425715296606485,0.3895489192622485,0.43417803520547105
942484272,90,0.42067937885881457,0.4419211152514457,0.3887337400870835,0.4335094112990186
942484272,91,0.41994099835711557,0.44127599602395884,0.387952226308559,0.43281318411329467
942484272,92,0.4192460426966812,0.4406259847636478,0.3872050605056589,0.432119852301031
942484272,93,0.4184980051982406,0.4399928142225556,0.38644842509509486,0.43143218444552167
942484272,94,0.4178347114926375,0.43938618402194835,0.3857035321013394,0.4307754836045363
942484272,95,0.4170690023038843,0.43873650589764207,0.3849195795680594,0.43010243556559397
942484272,96,0.41635187611754915,0.43809140527960905,0.38416155665206175,0.4294214422696313
942484272,97,0.41563391655905413,0.437443141929985,0.3834128308532837,0.42873887059346005
942484272,98,0.4149191186240681,0.4367765614906542,0.38266037343236714,0.4280307430289588
942484272,99,0.41422165639028174,0.436164188877018,0.38189892041085677,0.427374560477218
942484272,100,0.41354367143032644,0.435546046435445,0.3811680520863191,0.42676774087875197
942484272,101,0.4128065400618929,0.4349083182344688,0.3804034103095008,0.4261086769583556
942484272,102,0.4121262157047414,0.4343246450539595,0.3796951113273613,0.42550509004224113
942484272,103,0.41146188442781423,0.43371394108921846,0.3789675684980657,0.42487744313643794
942484272,104,0.4107932013116076,0.4330964759207869,0.3782754753947581,0.4242900183637664
942484272,105,0.4101460296661148,0.4325243106537893,0.3775827205703132,0.42370578795377123
942484272,106,0.40948460689184146,0.4319660314004418,0.37691752304118087,0.42312794509519724
942484272,107,0.4088309548201774,0.4314068977710696,0.37622553287407384,0.42253200956584397
942484272,108,0.40818466802251246,0.4308831424684583,0.3755410492184171,0.4219491952129846
942484272,109,0.4075297655161429,0.4303077626452493,0.3748586060500645,0.42133011556830513
942484272,110,0.4069061277365606,0.42973688814768213,0.37421016189494144,0.4207466748067051
942484272,111,0.40623783769027616,0.4291549032345888,0.3735628876491249,0.42013740942941225
942484272,112,0.40561365510947844,0.4286068927796335,0.37292662345639294,0.41957375677841674
942484272,113,0.4049892863859735,0.42803868569521447,0.3722916552669561,0.41901319515736674
942484272,114,0.4044069419689842,0.42751888114701403,0.3716938685931076,0.4184743214245433
942484272,115,0.4038176337898779,0.42695043289542317,0.37105912053596074,0.4179330690086756
942484272,116,0.4032605487927999,0.42644650096228653,0.37044272947675055,0.4173660247186918
942484272,117,0.4026876126298754,0.4259529331803194,0.3698372250028612,0.4168436720952998
942484272,118,0.40209905478682906,0.4254614845933515,0.3692456270270308,0.41628106957127065
942484272,119,0.4014892472692775,0.4249528319578927,0.3686417771727667,0.41578039839661346
942484272,120,0.40093276961085406,0.42451254384887327,0.36802888224615427,0.4152827825778361
942484272,121,0.4003964884578068,0.4240350314947067,0.36743847000667695,0.41479829884928326
942484272,122,0.39988343141920984,0.42356719324472825,0.366847835207672,0.4143204149076212
942484272,123,0.39934625770237064,0.42306701249724094,0.36629044108712244,0.4138230025271466
942484272,124,0.3988340944005094,0.4225963640494497,0.3657209025547816,0.4133578847396014
942484272,125,0.39834224642725535,0.42211948732648136,0.36516801113795505,0.41288350190409895
942484272,126,0.39783123164229595,0.4216521299974066,0.3645783975930161,0.4123877251103819
942484272,127,0.39733777596214953,0.4211694014477665,0.3640470783664634,0.41190410860408966
942484272,128,0.3968331558904222,0.42069485534990375,0.3634741551840629,0.4114301280148233
942484272,129,0.39634175568174423,0.42022306383278596,0.36298693239298113,0.4109692096870498
942484272,130,0.39584515848591845,0.41977695741055143,0.36247428915214835,0.4105001055207844
942484272,131,0.3953716157818121,0.4192995266556658,0.36197056656594206,0.4100376943757891
942484272,132,0.39489423533893453,0.41883522378280985,0.36143973207361274,0.4095523537243778
942484272,133,0.39439971083681524,0.4183722070829586,0.3609065659932149,0.4090469098917393
942484272,134,0.3939197485403742,0.4179072391207225,0.36041054096456016,0.40859668122676407
942484272,135,0.39346812928156855,0.4174180691481375,0.3598868308544407,0.4081493311008892
942484272,136,0.393024054755189,0.416955814306395,0.3593837692728293,0.4076950105622692
942484272,137,0.3925857158356889,0.4165115162043437,0.3588970184509742,0.40725853093409803
942484272,138,0.39216367001790453,0.4161438332060373,0.35845574817112147,0.40685493418885743
942484272,139,0.39172736991603235,0.4157287085445684,0.35797398688886406,0.40642768533627294
942484272,140,0.3912753660491264,0.415285146858383,0.3575036414795229,0.40600259144647166
942484272,141,0.3908416805557129,0.414840180858179,0.3570238496631634,0.4055611653846344
942484272,142,0.390396368629862,0.41440004014093157,0.3565642246254234,0.40510274290598425
942484272,143,0.38997246150925363,0.413987102124361,0.35612319787824476,0.4046999845083462
942484272,144,0.3895821674424107,0.4135939753581845,0.35567407832057113,0.40428547379532187
942484272,145,0.38913696380588214,0.413186644055639,0.3552444264334399,0.40387936329529855
942484272,146,0.3887214181820834,0.4128067691572434,0.354831458216121,0.4034845655518802
942484272,147,0.38830400511213864,0.412411588442756,0.3543619896670842,0.4030760578257756
942484272,148,0.3879059283270822,0.4120234080770095,0.3539327583592765,0.40267860403706596
942484272,149,0.38752020279608623,0.41163947631164616,0.35351080006232943,0.4022857981454514
942484272,150,0.38710126530445116,0.41121029714862883,0.3530830023340567,0.40188103135279746
942484272,151,0.3867072661109441,0.4108102596533057,0.3526596504853737,0.4014983033547016
942484272,152,0.38633097808400446,0.41042531880456634,0.3522612656492794,0.40111293343304616
942484272,153,0.38595572812748485,0.41005009349876476,0.35183155609403993,0.4007376861176749
942484272,154,0.38556035709100694,0.40964052122481337,0.3514130110502085,0.400343647180386
942484272,155,0.38516784206083876,0.40926053858987044,0.35100026286207925,0.3999405588262878
942484272,156,0.3847894151628643,0.40890314556933444,0.3506054058140377,0.39956757477538773
942484272,157,0.38441202713442046,0.4085544784078233,0.35024218218787895,0.39920873154748043
942484272,158,0.3840688316084051,0.4081871589040145,0.3498423487981655,0.3988316239551041
942484272,159,0.3837473367467272,0.4078402982895173,0.34945604347634623,0.3984806354155963
942484272,160,0.38341207362515867,0.40751108165103805,0.3490717517710168,0.39811061688710536
942484272,161,0.3830697844055913,0.4071755268159646,0.3486890546548752,0.3977575302388409
942484272,162,0.3827248962515058,0.40682945410775284,0.3483386338715768,0.39740627500820225
942484272,163,0.3823750704349545,0.4064950385906929,0.3479652556898757,0.3970435029893562
942484272,164,0.38201677684439916,0.4061432283890015,0.34759892775210455,0.3966918965184902
942484272,165,0.3817145700483811,0.4058010182493209,0.3472376605827325,0.3963511284996892
942484272,166,0.38140663057619284,0.40547452493730707,0.3468897497364257,0.3960288967178653
942484272,167,0.3811029920013378,0.4051447083311776,0.3465120453168435,0.395695076412835
942484272,168,0.38079139050894917,0.40481369956770236,0.34616138335273505,0.3953829013280919
942484272,169,0.38047148285656757,0.40447291822999365,0.3457974257774556,0.3950369855801183
942484272,170,0.38014775133262846,0.404138313939064,0.34544557841973034,0.3947041721565576
942484272,171,0.37984073720465394,0.40381217296684785,0.34510191712577926,0.39439309136442097
942484272,172,0.3795461016681221,0.40350922719009474,0.344769394049917,0.3941096730511197
942484272,173,0.3792575943238467,0.4032219735075919,0.3444332592554546,0.3938079919371961
942484272,174,0.37896204839720093,0.4029214304440262,0.3440992230636248,0.39349306960704167
942484272,175,0.37865888257764097,0.40261110168648767,0.3437872556991348,0.3932088893048723
942484272,176,0.3783553229150768,0.40230604435080086,0.3434487037981469,0.39291525829111307
942484272,177,0.37806456284613804,0.40200848255773197,0.3431191826428907,0.3926112956872119
942484272,178,0.3777691331231317,0.40172588152856104,0.342794514207472,0.3923268516827248
942484272,179,0.3774948477121189,0.4014378594848879,0.3424687837352183,0.39205851086584287
942484272,180,0.377232140825974,0.40115986241349655,0.3421608906724176,0.3917602791768469
942484272,181,0.37696170377772414,0.4008912716865138,0.341852214412874,0.3914788037919543
942484272,182,0.37669176366404156,0.4006098831351687,0.34156087964285825,0.3911944592813517
942484272,183,0.3764251093578647,0.40032944413378885,0.34126512096661415,0.3909315708083363
942484272,184,0.37615178401340255,0.40005750574612364,0.3409690163312758,0.39063192672735336
942484272,185,0.3758886071690625,0.39979736093326856,0.3406802076635417,0.3903667313355696
942484272,186,0.37560349302755036,0.3995113935520857,0.34037127837710623,0.39007433669153946
942484272,187,0.375340260103133,0.3992512580673204,0.34006904726295223,0.3897928428828787
942484272,188,0.3750832035909102,0.3989992263372908,0.33978179313757695,0.38952991713619345
942484272,189,0.37481933430092795,0.3987479116875947,0.3394795961234682,0.38924778288440703
942484272,190,0.37456384604277165,0.39850258297970464,0.33920762760264567,0.3889598899997629
942484272,191,0.3743217525213794,0.39823088059778605,0.33893293279687403,0.3886836944686049
942484272,192,0.3740671450800541,0.39797523135825724,0.33865224857704435,0.3884322364290297
942484272,193,0.3738046737571694,0.39771873056676565,0.33838020152960174,0.38816216740327747
942484272,194,0.37355693954459507,0.3974613913916407,0.338097766963282,0.3878928773908884
942484272,195,0.3733112212167124,0.3972125713577742,0.3378433231592398,0.38762918421409065
942484272,196,0.3730755313468084,0.39693819053357393,0.33757726914524044,0.3873737181699591
942484272,197,0.3728435853556179,0.39669351313475937,0.3373026917625402,0.38711502561767075
942484272,198,0.3726239091293757,0.3964523412744206,0.3370402977401053,0.38684364218740364
942484272,199,0.3723792789754431,0.3962150336465918,0.33678743416110074,0.3865965921495607
942484272,200,0.3721535768396052,0.3959633102657549,0.33651795585766353,0.3863559027066869
929893138,1,0.5443470783342206,0.45987060316940337,0.588694156668441,0.5161746038245772
929893138,2,0.5640739527455878,0.4936427664714795,0.6021968797346546,0.5403546128332173
929893138,3,0.5712433288290134,0.511895499774784,0.6001255749832793,0.5498273343979909
929893138,4,0.5721049506572212,0.5201721878710945,0.5942682527333033,0.5537856762622333
929893138,5,0.5725400270259203,0.5255599688792434,0.5877359649482004,0.5551451619507801
929893138,6,0.570124073543262,0.5286775043337019,0.5801871340239957,0.5549356428210692
929893138,7,0.5667107349061404,0.5306907989025839,0.5730372571615763,0.5538909720556664
929893138,8,0.562886450186315,0.53194484255354,0.5657272429466442,0.5511752180500389
929893138,9,0.5583650683155208,0.5314073952745588,0.5587108545013627,0.5483395438352238
929893138,10,0.5540395561197331,0.5305044838458703,0.5520208017689694,0.5454833954383522
929893138,11,0.5503162330483079,0.5298606638846596,0.5457430452926132,0.5430311468147756
929893138,12,0.5464661561770607,0.5287986432442024,0.5398598201001871,0.5398495830091588
929893138,13,0.5427327678259254,0.5275409247400568,0.534247006832077,0.5369779477309882
929893138,14,0.5394581361474609,0.5260841079398878,0.5289929042334759,0.534523858271862
929893138,15,0.5359171751088543,0.5248242632706823,0.5240612587527128,0.5317636460423406
929893138,16,0.5328764178371074,0.5235312333647271,0.5196552147741698,0.5293561381597806
929893138,17,0.5295297923436194,0.5220314242563656,0.5153749063607264,0.5269717239502164
929893138,18,0.5265663886727725,0.5204059347829054,0.5113244975863214,0.52458835519521
929893138,19,0.523549619719008,0.5186552126189926,0.5072898864006172,0.5221541425735832
929893138,20,0.5205867900577372,0.5171082265263502,0.5036177879693706,0.5198128659760042
929893138,21,0.5177686651418275,0.5156432500521604,0.4999834256621448,0.5175522237886596
929893138,22,0.5149424303226359,0.5140927517672942,0.49656219870379814,0.5153174801121241
929893138,23,0.5121972714146591,0.5125043841455055,0.49310732210161246,0.5130402736062868
929893138,24,0.5097568008408063,0.5112787150403342,0.48995997297407967,0.5109912234006252
929893138,25,0.507378076245854,0.5098620040129397,0.48684165267597557,0.509002907333852
929893138,26,0.505111458297241,0.5085456086029363,0.48393564177111126,0.5070950915510926
929893138,27,0.5028330201541782,0.5070423603243717,0.48118271008406543,0.5051139956958719
929893138,28,0.5004855306030525,0.5055346101423248,0.47844580484009663,0.5031566801406284
929893138,29,0.498162971665144,0.5040835403108405,0.4756914978487988,0.5012333929673304
929893138,30,0.49608055908166465,0.5027373981409442,0.47311876390538193,0.49948609803038374
929893138,31,0.49406909177849306,0.5012324136682997,0.4704953827417175,0.49767783148030975
929893138,32,0.49197795954301626,0.4996493796322837,0.46804300090086404,0.49587317267925146
929893138,33,0.4901444732737472,0.4982113010039794,0.46570078161741074,0.49424241183382905
929893138,34,0.4881562878621823,0.49683794323593244,0.46354150357575563,0.4926594035509458
929893138,35,0.4860986153603163,0.4954898301812843,0.46136580343615274,0.49097088571311576
929893138,36,0.48437592418182895,0.4941358530226717,0.4591955238888206,0.4894011984221231
929893138,37,0.4825565502441962,0.4927288985886095,0.4570645335151293,0.48776418611806194
929893138,38,0.4807763594318091,0.4913151752482225,0.45502414875894126,0.48616106931264935
929893138,39,0.4790155383292437,0.48989887853980235,0.45304325092212566,0.4846107647999462
929893138,40,0.47744308177388317,0.48862249703124366,0.4511450186315057,0.48320195733180465
929893138,41,0.4757625634075431,0.4873674296711846,0.4493378849271069,0.48187036147418116
929893138,42,0.4740665235423844,0.4861882142808395,0.4474671486874099,0.4805095536433319
929893138,43,0.47244936925234954,0.48493385886908236,0.44566294925354943,0.4791025261331508
929893138,44,0.4707898567179514,0.4836425245038733,0.44383792265226274,0.4776612714094799
929893138,45,0.46920228036889927,0.4824140425589997,0.44215088107230116,0.4763241108517715
929893138,46,0.46769797198775825,0.4812256201451709,0.4405487614900219,0.4749814397088749
929893138,47,0.46617839372636216,0.4799871404711849,0.43894119727789216,0.47364319337995636
929893138,48,0.4646952588619085,0.4787610219346737,0.43723170290596897,0.4723001378594925
929893138,49,0.4632822704447243,0.47758411337181367,0.4356726270214076,0.47106998075426887
929893138,50,0.4618840342328324,0.47643421645305273,0.4341718193358176,0.46983825396175416
929893138,51,0.4605695355411728,0.47533222371295675,0.4326784806711678,0.46863676472595506
929893138,52,0.4592107045323539,0.4741907185807927,0.43107484730985,0.46741494552292634
929893138,53,0.4578791992354245,0.4730722012372587,0.42955413412366256,0.46620755566852845
929893138,54,0.45662620361649886,0.47193975434014745,0.42802794195038574,0.46508166165428355
929893138,55,0.45536181602272263,0.47094974146691926,0.4266592463267456,0.4639349144365319
929893138,56,0.4541389290247854,0.4698846718573593,0.42524949253277333,0.4627790338525976
929893138,57,0.45288567432257393,0.46884332365658826,0.42395781025390145,0.46167017601331034
929893138,58,0.45173423382080713,0.46783505998935343,0.42269901963968265,0.4605536642431824
929893138,59,0.45048232314644454,0.4668477879901918,0.42138989852440134,0.4595034559725272
929893138,60,0.4493195746829914,0.4657896892019164,0.4200868787791927,0.4584486712255846
929893138,61,0.4482060253168296,0.4647474862067785,0.4188282592044874,0.4574046389797547
929893138,62,0.447049802457166,0.4637828230858952,0.4175600454923116,0.456318993040099
929893138,63,0.4459020112146519,0.46279776122943883,0.4162911441687905,0.45530551054485363
929893138,64,0.4448003255394947,0.46176126591867656,0.4150459005568978,0.45424468183121086
929893138,65,0.4436793050117648,0.4607746170540487,0.4137457358578524,0.453249252692355
929893138,66,0.4425907037286588,0.4598147644910677,0.41252995124662944,0.4523190423542579
929893138,67,0.4415767687095826,0.4589101501215922,0.4113455693564445,0.45138451308422467
929893138,68,0.44058422476316195,0.458015280965996,0.4102303465917712,0.45052594560612014
929893138,69,0.4395756443877893,0.4571686045925074,0.40900680039571546,0.449645084504961
929893138,70,0.4385973430361457,0.45628411144974756,0.4078594535148321,0.44875867959075044
929893138,71,0.43763910188126015,0.45546663544594207,0.4067928722163043,0.44790387631056394
929893138,72,0.4366105105351041,0.45460845401726196,0.40564899744755195,0.4469914895649919
929893138,73,0.4356617059312864,0.4538119280901851,0.4046236873384853,0.4461262567080994
929893138,74,0.43476676586500096,0.4530178390994901,0.40358320320238344,0.44531677986491464
929893138,75,0.433848463753873,0.4521780434871627,0.4025333387931152,0.44447265331749997
929893138,76,0.4329308899372628,0.45135684559665,0.4015043674663092,0.4436202987506439
929893138,77,0.43204592385625107,0.45054341669959375,0.40049813419044816,0.4427980602174943
929893138,78,0.43113325122661345,0.44971960870163236,0.39954998797798025,0.4420144915210637
929893138,79,0.43024860840353724,0.44895190329551393,0.3985509462441279,0.4412756400255227
929893138,80,0.42943317226976774,0.44815988288767866,0.39758071946275747,0.44049025428934113
929893138,81,0.42859338324989465,0.4473641639127628,0.3966144802515139,0.4396921592982361
929893138,82,0.4277880592572766,0.44662930045212984,0.39573323039647007,0.4389674620303797
929893138,83,0.4270295217971101,0.44581865400260384,0.39485027452671334,0.43818055071109546
929893138,84,0.4261888675047432,0.4451260234653625,0.39395226785689913,0.43748549745437665
929893138,85,0.4253549861859489,0.44437020211630784,0.3930691280648044,0.4367424853730035
929893138,86,0.42465262931350545,0.44371290244861694,0.3922184300016284,0.4360410359745662
929893138,87,0.4239113500863917,0.44302952941857565,0.39138352284895184,0.4353394737052669
929893138,88,0.42315737014715354,0.4423430747009839,0.3905513045776548,0.43464361894196873
929893138,89,0.4224104415567924,0.4416051022581873,0.3897347972296822,0.4339406267124123
929893138,90,0.42168170381593256,0.4409442692764424,0.3889637333988507,0.43323300984125684
929893138,91,0.4209485081071011,0.44028086077961187,0.38819836647525935,0.4325670439465943
929893138,92,0.42021678598070444,0.4396176312973688,0.38741914923542287,0.4319262377533235
929893138,93,0.4194757024295589,0.43896910511973425,0.3866397376134501,0.43125672290682304
929893138,94,0.41877303890007467,0.43832021969232965,0.3858823544786619,0.430585117273501
929893138,95,0.418021159528361,0.43765288287259235,0.38511440757415427,0.4299224782812033
929893138,96,0.41732994485620295,0.4370148045398086,0.38437120374541034,0.4292610611768561
929893138,97,0.41662701992581164,0.4363556884665345,0.38358823338203507,0.428622357722376
929893138,98,0.41594951317409157,0.4356630166910546,0.3828412983472739,0.4279680669614392
929893138,99,0.41524226334430675,0.43502115045049405,0.38211090057861286,0.4272974203771468
929893138,100,0.4145708611440973,0.4344019491421318,0.3813953155071455,0.4266932148560665
929893138,101,0.4138738328195868,0.4338049422648338,0.3806586280838477,0.42605597114316085
929893138,102,0.41324165717226646,0.4332168312228868,0.3799721149669482,0.4254211860412646
929893138,103,0.41256172568333077,0.4326286106617613,0.3792643447486506,0.4248106535716714
929893138,104,0.41190805989800705,0.4320253218383925,0.37859518762225447,0.42417130748126614
929893138,105,0.4112561203179933,0.4314315743086064,0.37791732720277826,0.4235236652295741
929893138,106,0.41058712228031385,0.43088089975145116,0.3772242494667055,0.42294560898329847
929893138,107,0.409904222924425,0.43029325534519663,0.3765278619175238,0.422334730297618
929893138,108,0.4092464818530499,0.42973696742481804,0.3758210526156147,0.4217467283015377
929893138,109,0.40858690952177196,0.42917003676712295,0.3751011030136868,0.42111091033472847
929893138,110,0.40794919424787157,0.4286206729677513,0.3744549214349796,0.42052443686692903
929893138,111,0.4072729828227147,0.42803232781120665,0.37380765557334905,0.4199033397264427
929893138,112,0.40664102031623844,0.4275003729226018,0.37313337613412345,0.4193022910609721
929893138,113,0.40599523911851587,0.42693434817633014,0.37248679415257363,0.41875282878909165
929893138,114,0.40542526312915905,0.42642943914390613,0.3718824465857326,0.41819271162222327
929893138,115,0.40479078056483814,0.4259044692468883,0.3712581651928223,0.41761135729584126
929893138,116,0.4041972426218814,0.4253656053509628,0.3706229375791609,0.4170541464454701
929893138,117,0.4036371246968683,0.42487480125169,0.370033567158992,0.4165215099656769
929893138,118,0.4030318446405185,0.4243600430027227,0.36941219664376096,0.4159618111392043
929893138,119,0.4024537705012803,0.4238503230619466,0.3688184745254721,0.4154455853018084
929893138,120,0.40191109427678356,0.4233668427446324,0.3682180978119924,0.41492363130092946
929893138,121,0.40136452809040857,0.42286208083342447,0.3676623323443683,0.41439592194903385
929893138,122,0.40087256936216537,0.4223848931415518,0.3670814422685125,0.41391512679560255
929893138,123,0.40034100332813655,0.421905643650024,0.3665164893735666,0.41342234109454645
929893138,124,0.3998114063649608,0.4214184381237195,0.3659591625927447,0.4129381640074446
929893138,125,0.39926800704311877,0.42093984685311825,0.36540895131239515,0.41245141476598013
929893138,126,0.3987647568479639,0.420458777671832,0.3648557740118281,0.4119611796508729
929893138,127,0.39826701364225386,0.41997609518334383,0.3643158221577079,0.411473344710745
929893138,128,0.3977479359465214,0.4195175898816592,0.3637620733692314,0.4110115269644978
929893138,129,0.39726912502868766,0.41906984362486344,0.36324849403661674,0.41056353519607125
929893138,130,0.39676728414699836,0.41856677575730855,0.3627228142235717,0.4100759749648002
929893138,131,0.3963109274929505,0.4181243711222134,0.36222203953486404,0.4096067988038077
929893138,132,0.395830153630817,0.41766897094279265,0.36170062278739235,0.40914798862876334
929893138,133,0.39530765614334756,0.41722642259389103,0.36114640641159024,0.40867067755380015
929893138,134,0.3948557548036403,0.41678513171010756,0.3606510362075214,0.40821638093468615
929893138,135,0.39440160032273375,0.41632171461416784,0.36012903284513786,0.40776578142369885
929893138,136,0.39395818931151344,0.4158840812030147,0.35964075036672866,0.40732707746707875
929893138,137,0.3935033178636192,0.41546673513312854,0.3591536182363091,0.4069009052577401
929893138,138,0.3930700234829966,0.4150484644660185,0.35867606817368514,0.4065036090938602
929893138,139,0.39263677711039474,0.41464387148812537,0.3582136379263159,0.40608109720405156
929893138,140,0.3921643842828479,0.41421054478873565,0.3577430431654255,0.4056365423201343
929893138,141,0.39171844021001573,0.4137791535653682,0.35725226021901274,0.4051885643126004
929893138,142,0.3912659446297374,0.41334100586484385,0.35677026410541385,0.4047424261386673
929893138,143,0.3908349543253929,0.41292258783352515,0.3563038861142952,0.40432600853959527
929893138,144,0.39044506890699715,0.41252633207303363,0.3558675877773683,0.4039263225184154
929893138,145,0.39000930516274146,0.4121368127205387,0.3554230460217252,0.40352367733253885
929893138,146,0.38962087985132937,0.41175304995195583,0.3549831915379364,0.40310312873548654
929893138,147,0.38920681904472204,0.41135974474962583,0.35454973930934314,0.40267479171349957
929893138,148,0.38879157504009065,0.41098669510180097,0.354126156376269,0.40226981209127716
929893138,149,0.3883977070015382,0.41060779739299075,0.35369300654156993,0.401884971373246
929893138,150,0.38798069967104815,0.410229583828126,0.3532503446487313,0.40147891841720923
929893138,151,0.38758345263047134,0.4098416003380002,0.35282764725072413,0.4011114633453837
929893138,152,0.3871844281991986,0.4094564320181725,0.3524008133638219,0.4007387408162517
929893138,153,0.3867859361371454,0.409081517487494,0.3519825030048873,0.40037517265891115
929893138,154,0.3863996656060863,0.4086913966423405,0.3515623130401395,0.39999917571474836
929893138,155,0.3860002826758039,0.40829904458220123,0.3511470165153999,0.399615877926322
929893138,156,0.3856431623056659,0.40793324681678966,0.3507377005288639,0.39924445018421517
929893138,157,0.38530337130229103,0.40759310471279153,0.35034768290943086,0.39888583935148225
929893138,158,0.38494015059667985,0.40720051066238383,0.34995910346925946,0.39849470703518813
929893138,159,0.38456875062935575,0.4068606279933834,0.349551332122395,0.39815085943920314
929893138,160,0.3842520269440236,0.4065116856394087,0.34917783362679655,0.39779390688342
929893138,161,0.38392117974017376,0.4061669508042284,0.34879396894181036,0.3974355387545746
929893138,162,0.3835637057966201,0.40581623486363944,0.3484196459129235,0.3970914528631248
929893138,163,0.38321752650276103,0.4054615320265194,0.34803685252283373,0.39674895110639713
929893138,164,0.3828869295817974,0.40510616113081405,0.3476251446925427,0.39641224915381706
929893138,165,0.38256530333431366,0.4047652728091694,0.3472482078886403,0.39606994973278087
929893138,166,0.382265806191886,0.4044242980685693,0.34688839301351837,0.3957501518296272
929893138,167,0.38194574366275025,0.4040654614770296,0.34650064352683596,0.3954195944542674
929893138,168,0.3815993894793903,0.40373673321750797,0.3461467589369805,0.39509650651956457
929893138,169,0.3812625858673869,0.40341310672330954,0.34576350405570533,0.3947503470313284
929893138,170,0.380930346832644,0.4030758243267005,0.3454017395828566,0.3944418617535053
929893138,171,0.3806139668404458,0.4027380566672677,0.3450376210101985,0.39411351700710084
929893138,172,0.38028543390505504,0.40244052250112605,0.34467107036166933,0.3938237487179828
929893138,173,0.37997774113201627,0.40214145742565455,0.34433219017177724,0.3935362652204241
929893138,174,0.37967664441805554,0.40183806381073006,0.3439722596013324,0.39321808016183557
929893138,175,0.3793662363188591,0.40153989248129535,0.3436177294717076,0.39291371009728165
929893138,176,0.37905167776615506,0.4012273108837029,0.3432824673995183,0.39261675402317675
929893138,177,0.3787507371283907,0.40092115311518733,0.3429659154608299,0.3923296310922549
929893138,178,0.3784627247961669,0.400633273352415,0.3426363569022608,0.3920430887213023
929893138,179,0.37818719533216094,0.4003322536538409,0.3423029314224707,0.3917596335601812
929893138,180,0.37789345690639664,0.40006551738258056,0.34199277488864316,0.3914842189554527
929893138,181,0.3775995706982556,0.3997620243966281,0.34165177103937133,0.39119069472180107
929893138,182,0.3773224134695819,0.3994912278254484,0.34134511326272515,0.3909142329763926
929893138,183,0.37703743284636115,0.3992085106363936,0.3410326327135362,0.3906381075321942
929893138,184,0.3767614472932242,0.39894099518767706,0.3407159821465133,0.39036286926967706
929893138,185,0.3764820264349358,0.3986707275638933,0.3404169207494214,0.3900879504458391
929893138,186,0.3762116642956243,0.3983800298790966,0.3401010411892109,0.3898227023894911
929893138,187,0.3759460550192731,0.3981080979879025,0.3397934669622248,0.3895375177889986
929893138,188,0.37571158673168453,0.3978545235309338,0.3395153020551723,0.38930851281640233
929893138,189,0.3754530589836269,0.39758001667833365,0.33922318136723767,0.38904065782571984
929893138,190,0.37519111032566876,0.39730268815234515,0.3389238985428848,0.3887565490442867
929893138,191,0.3749302966655383,0.39704434279054746,0.3386356819757092,0.38847616558660886
929893138,192,0.3746824369053956,0.3968053237991892,0.33835633266451,0.3882120323355582
929893138,193,0.3744287650164335,0.3965491561772729,0.3380828485124817,0.387943952934417
929893138,194,0.3741731702096852,0.3962972125139889,0.3377951923243347,0.3876746268316478
929893138,195,0.37392166682941014,0.39604323307283873,0.3375320105961767,0.3874219224941964
929893138,196,0.3736831758214117,0.39578714455357505,0.3372612773048288,0.38717994466121075
929893138,197,0.37344326063716904,0.3955315773205927,0.33699505938240304,0.3869361623317869
929893138,198,0.37321321399573715,0.39530185769078524,0.3367117801825636,0.38668543259878585
929893138,199,0.37297889471928664,0.3950602486244745,0.3364569664587629,0.38644555647489326
929893138,200,0.37275367511567914,0.3948372302526514,0.33619763727939067,0.38621125261045824
