standard,smooth_g0.7,sharp_g1.5
29.99999982098469,50.714433381473526,15.686139374137333
30.00000005132727,50.593608344297486,15.6903472098565
29.999999804932855,50.356308338701716,15.673456780033598
29.9999998523727,50.63867471156492,15.060360563907397
29.99999993430937,50.51292030082561,14.731120612266624
29.99999986391128,50.81843231894459,13.774138851710951
29.999999912061984,50.9956891737272,13.862305316592165
29.9999998267674,52.22400581626307,13.601161610948248
29.999999728183283,53.810654889665386,12.153616102005008
29.999999702590564,54.040276790328164,11.985201285343338
29.999999717796992,53.65781350778791,12.481912391807176
30.000000017492837,53.034343371052266,13.05117334918376
29.99999987068346,53.45055452127595,12.483720292189162
30.000000129025437,55.07218379967948,11.202598121191588
30.000000133752064,55.9179226414948,10.69385895158194
29.999999735358845,55.68804969864049,10.952860999145331
29.999999911957467,55.054569979782414,11.424961970279984
30.000000241794286,55.039757249451775,11.426479537040192
30.000000200665685,55.22160682214825,11.289304021053228
29.99999976836141,55.1173999971857,11.411895333262605
29.999999899096437,55.14253760663439,11.523057538152175
30.00000000834224,55.158052490958134,11.473584684534368
29.999999996389025,54.85146945080993,11.574716200699035
30.00000026333469,54.1309979497718,12.078470427073976
30.000000107647598,53.16893351029119,12.89436110027265
30.000000044572122,52.52320360871405,13.45426491559577
29.999999893823293,52.2742877322586,13.425975784911198
29.99999985054331,52.715805413708,12.83132255956763
30.000000032198898,52.00632448748848,13.316997104524525
29.99999990005471,49.453484527410424,15.37493164763736
29.99999983229324,48.195708719610465,16.253871058637692
30.000000225967923,48.19114817434422,16.590294395724893
30.000000295663813,48.61753442409024,16.711314561756502
30.00000024154595,49.053943308189844,16.702504781215232
30.000000293624176,49.56833176032538,16.5095401065144
29.999999806336437,50.0484559248902,16.166874416137606
29.99999998434193,50.30343305075136,15.994703005781702
30.000000041855845,50.56785016461037,15.771610454316702
30.00000004153426,50.09827703589759,16.179650823726927
29.99999992957401,50.19482196632427,16.075580743144243
30.000000018215278,49.64396152229848,16.474411585787287
30.00000012232743,49.29249589163312,16.522604360080038
30.000000040113264,49.189868544459024,16.19145463295459
29.99999993464235,49.42506401116487,15.482726914857036
30.00000028096706,51.9658147959484,13.258465840642478
29.999999942968337,54.7287935050301,11.205364287822848
30.000000073404998,55.42513146920731,10.846382492734124
29.999999751280953,55.28177479888036,11.046346260656772
30.000000025829905,56.01874174647243,10.508733195964716
30.000000196311436,56.35339803723442,10.21436720322967
29.999999935248102,56.33045702017192,10.333020929657408
30.000000203404515,56.464461954605255,10.280016821624782
30.00000006578097,56.98815389684726,9.899522526087551
29.999999849387972,56.86973211108529,9.972091578665953
29.99999987964519,56.24566991237692,10.446574599392688
29.99999996026429,55.71490640487989,10.833100770378843
30.00000027842347,55.60240990464602,10.79045675953265
30.00000012387463,54.81280374572451,11.468641664913857
30.000000104342377,54.3482393954451,11.900555422404462
29.99999975519575,54.54609357073873,11.702921086886644
29.999999763400538,54.54048113544822,11.576304566764186
30.000000200227486,54.60170724763402,11.424167047547275
29.99999995023292,53.66762254653453,11.973342618797075
30.00000019321368,52.2578838912831,12.49507846307519
29.99999977783287,51.27463627636524,13.70899806177117
30.000000136881994,50.92880708546028,14.906812673888917
29.999999810948925,51.08034617328066,15.159729889352965
29.999999886410716,51.1293802813608,15.26393538597505
30.000000242800507,51.133237504986376,15.306401909168379
29.999999844776486,51.226800724395964,15.207471488511672
29.999999833447784,51.05024213508119,15.386099604088463
30.000000272122833,50.929520579255026,15.452766788273022
30.00000006149755,51.85428438262879,14.746223397088094
29.99999998411343,51.923847072021,14.662231340674884
29.999999775438027,51.34563540035822,15.230789518592728
30.000000068866868,50.98118424886891,15.357925672808205
29.99999975384026,50.726666127122805,15.295614786318817
30.00000019308277,51.03928729607145,14.46131121611411
30.00000020117715,52.24580666803871,13.266947871922492
29.999999970888318,54.645118158654704,11.36675129404057
30.000000261843457,55.03047708016823,11.119652230797042
30.00000009385657,54.59261331101017,11.26049212441472
29.999999763827805,54.20370895474895,11.287271618281537
29.999999940092117,54.49448228505548,10.702109207145895
29.99999970828102,55.92971980474153,9.73742827757362
29.999999995395903,58.19463148625401,8.5083447108896
29.999999915188905,59.816711554150494,7.328017282323831
30.000000193784633,57.62170533357374,8.156530038593363
30.000000248596606,51.800378053068,13.030038893270602
29.999999969145456,49.20423014023748,16.469599084873792
30.000000065064974,51.512995304386706,13.4902993546335
29.999999998708233,55.47471964283441,9.833328885934856
29.9999999446438,59.93271375349456,7.28314109685626
30.000000171249333,59.758653534691334,7.604329755363406
29.99999972389979,57.30369080159023,8.99754363592744
30.000000012191027,55.984843607143674,9.93279954732538
29.999999757076534,55.48736380254122,10.409200041820235
30.000000009817168,55.113213822773425,10.985958216914737
30.0000000941723,55.01135732417464,11.376779706702171
30.00000002367978,54.711220834851574,11.605537871201179
30.000000215645606,53.97800398413546,12.00591840757852
30.000000086921904,52.38143074516512,13.203440997089375
29.999999961122974,50.416425230820785,15.020761529503346
30.00000024316939,49.88711773183441,15.739719656527015
29.999999860283534,49.85836514631644,16.081908439513516
29.999999927674622,50.087430314731236,16.08686864264912
30.00000014682486,50.40503595911194,15.961417517487092
30.00000004483481,50.86998257869057,15.638272076593145
30.000000112265198,51.682436398264684,14.879300219925094
30.000000168283112,52.035988706831056,14.584886789619846
29.999999944606863,51.573056029109615,15.09295785731459
29.999999713457683,51.49324451862145,15.165571980313334
29.999999708694656,50.968784220456264,15.61226005646672
30.00000028271195,50.89333902640841,15.250432345432616
30.000000071272403,51.24746086615616,14.613427881338207
29.999999702192387,53.07774879345611,12.505048367696986
30.00000021347772,54.80947435373606,11.289917156205114
30.00000001387848,56.65463948339343,10.32262878608779
30.000000010087742,58.18753009664501,9.057667255855508
29.999999851615723,58.66783069948011,8.679924966098021
29.9999998823379,59.06816470103602,8.181479799136829
29.999999726965058,60.39497449570973,7.044447406416252
30.000000070530902,61.55808828124005,6.280050305792707
29.99999987660971,60.984773983587445,6.393510704871339
29.99999986179662,55.103064271609696,8.869237772974337
30.00000022983337,58.64767759386859,6.757313966596703
29.99999985813203,59.7897932180566,6.246567002854249
30.00000014987277,60.39353013245832,6.956877642871096
30.000000191316065,61.56951086243959,6.225767505390182
30.000000106317984,59.94313170078055,7.160591975132651
29.999999934996016,58.7287302551947,8.255100254677107
30.00000002736975,58.61136253833738,8.472855790746294
29.999999743851365,57.860581018714676,9.137690756377143
29.999999758118197,56.00568029341382,10.625841770195041
30.00000024684584,54.56009160000551,11.690338662778395
29.999999723786498,53.554023624671665,12.557244059972065
30.000000241008756,52.95289236890395,13.148184450145566
30.00000008716254,52.182009142821414,13.888113276235249
29.999999750938056,52.61610287154051,13.677802223513597
29.99999984212618,51.9152120718678,14.44159687465383
30.00000002456401,51.04303582687166,15.505243221184191
30.000000111524493,51.190117176302195,15.43293075938256
30.000000149698014,51.968625276946156,14.707286233136236
29.999999881379424,52.16010714527028,14.488649943902173
29.999999981488852,45.91355062333943,14.866587187323315
30.000000076529552,45.753760287584775,13.981456374051602
29.999999971720573,48.1868248137772,13.100302280100395
30.00000026176411,47.846039131956275,13.6126647609642
29.999999976227933,49.5345062069487,13.880032357793283
30.000000206073434,49.8240499576378,13.630237819039001
30.000000074331023,51.7601789715312,12.128655386586095
30.00000008659934,51.23085735014251,12.479470827006795
29.999999722782555,50.28589641919726,12.89452811918703
29.99999981936033,50.37492731054002,12.424980304716774
30.00000017658701,51.65086798632044,11.701837061268552
29.999999759066622,52.64440798443598,11.115565506924343
30.000000133230234,52.82434758305086,11.184418528402858
30.000000107399817,53.172998045766946,11.0089495820492
30.00000005900401,54.29755226583812,9.902519867428444
30.000000134988866,54.47775598384724,8.900948284183222
29.999999885548448,59.346988950002036,7.694209368937106
29.999999862434453,61.78336995218814,5.755172446447471
30.000000100708977,60.48273894956393,6.93157753204724
30.000000197812184,59.833622764152786,6.751291009096291
29.99999991532301,57.67299374113935,8.03688598310771
30.00000000594537,54.66651669007149,10.223760101825084
30.000000034210817,55.58072787252299,9.123340914071353
30.000000058205885,53.42023915945051,11.023797252250395
30.00000004590146,52.80688299022734,11.461264187630844
30.000000132273236,52.00118793291643,11.66379076360406
30.000000155482237,50.04412127786959,12.7728715797368
30.000000050443465,51.21413880663837,12.376175953969286
30.0000002936837,51.52606721886129,12.097196015358984
30.00000018520542,51.52110267036831,12.112064028221962
29.99999993100655,49.92264323638465,12.876435322484022
30.000000207833747,47.65443389626212,14.300393056725822
29.999999965614027,50.6866957975036,11.44958658473374
29.999999932140813,48.30928625622681,13.471843447900504
30.000000281821816,46.41775961851071,15.098325608925
30.000000168770477,47.63310051198109,14.273062750792256
30.000000129293774,46.40345298070724,14.936690551053106
29.99999990940376,47.93400475422995,14.340905063530538
29.99999972876436,48.22120482300721,13.802696631298664
29.999999917437005,49.13531342798328,13.045387756978998
30.000000136818088,49.025576662614895,12.957734966253096
30.00000016370642,49.29331416574585,12.88040756113665
30.00000018646522,48.51449782479735,13.366390471438478
30.000000012878967,50.48016330705852,12.544181422066961
30.000000147445625,50.97926421743781,12.05105832265245
30.000000291636248,48.57897045659875,13.859621854003057
30.000000156599807,49.29396018948912,13.482184299079027
29.999999717762545,49.11082165722163,13.893682238594012
30.000000012879337,51.809126394915666,11.670795157734291
29.999999852429898,53.22265405961011,10.487208274171048
30.000000248394276,50.81480177135892,13.099827373459501
30.000000267236558,53.44831453898528,10.757868995694611
30.000000118159665,57.871722024883695,7.7896268495091325
29.999999812971684,60.07591614674369,6.958779475243265
30.000000235832058,59.906609328834456,7.178982376695385
30.00000005083673,56.51875426600251,8.222548676394489
29.99999970548167,55.593290665204584,9.009465593549264
29.99999975906123,55.137857747782036,9.430958817189303
29.99999980067171,54.335865216643356,9.860895519378362
29.99999973394058,53.17797713544448,10.932024459208302
29.99999976394776,50.99050420050192,12.501627216560284
29.999999842955425,50.62263137281937,12.463408822111465
29.999999796582493,49.23134480816012,13.148758951729011
29.99999999051709,50.343968734642615,12.483595775029494
29.999999910496538,49.21222500152474,12.854220001601988
29.999999783372765,48.70396612955688,13.396651927281297
29.99999986536658,46.93065623659835,14.152329411189625
29.999999919762253,48.008306390419406,13.835956561667668
30.000000003783924,46.98755910856706,14.512314896018303
29.999999707555755,47.110277336050984,14.786398331206495
29.999999877934982,47.35149743188957,14.512063506293911
29.999999749668557,46.29954405128184,14.837694984582328
29.999999837051302,52.41618140324765,13.938468923667902
29.999999849072946,52.40589819628325,13.93072517235753
30.000000198235366,53.17938903450155,12.95998952601529
29.99999982794239,54.75441323862665,11.575974167532213
30.000000031596564,55.83927209261974,10.80339080063041
29.999999896806187,55.74997508051723,10.931034910709549
29.999999982014188,55.364730630204555,11.174135877334681
30.000000201330096,55.60259734569747,10.803696060126828
29.999999925778692,55.464576819772645,10.817997369276304
30.00000005751776,55.232885498808365,10.907580615463223
29.99999989460234,54.44427620235014,11.699955359766932
29.999999852151458,54.36338589425144,11.830570417007474
29.99999978517131,54.13394686711075,12.123914922568265
30.000000134590987,54.0905793240835,12.218034120882567
29.99999978875185,53.72239584686568,12.66295015558119
29.99999998923668,53.259865997206155,13.094368086709874
29.999999804037472,53.1326901251132,13.21805104721667
30.000000206578658,53.1505441556177,13.118069598637552
29.999999986451293,52.89080829228881,13.4275380790628
29.9999999986739,53.090418925420884,13.225770671254757
29.999999784637975,53.52823024497491,12.824819612269168
30.000000181999802,53.78255270975176,12.539461365520813
29.999999919400146,53.95223012760182,12.3535317766583
30.00000000403965,53.41545423483705,12.743266015825855
29.999999952014452,52.55981364934772,13.367485424709956
29.99999987994995,52.56434677661243,13.221598067560661
30.000000042733795,52.07107531858886,13.597140259090306
29.999999812438478,51.13394495396304,14.339275939706841
30.00000027248202,50.07072431437115,15.24790037681089
29.999999851790424,49.36318527494851,16.026984840194814
30.00000010090052,48.547455002363776,16.958159735877395
30.00000002902278,48.11948605821017,17.613939461471066
29.9999999112817,48.74405518753756,17.211647895237334
30.000000225022987,48.90319114261297,17.080930320677123
29.999999791313982,49.51045941361445,16.572011050939768
29.999999928662188,49.79441832940008,16.302136260513965
29.999999951306123,49.96440299526726,16.166129647867713
30.00000027786517,49.856817765615894,16.223947548516282
29.999999968480346,49.91689439700152,16.100853061342317
30.000000176312337,50.081184559742546,15.824845796395019
30.000000117926085,50.47510500810799,15.222973509575805
30.000000007412098,51.941544842969186,13.553766925050182
30.000000061249526,53.69181955756758,12.061220205927881
30.00000014541596,54.15574430262259,11.780485927880576
30.00000025222448,53.629595774903265,12.07351653575348
29.999999969809313,53.172586445766385,12.604338378340278
29.999999853814383,52.53388803458442,13.477847114469691
30.00000022290439,52.159501162257634,13.97298258521923
29.999999796373938,51.672297531280726,14.498548509558589
30.00000013728399,51.26443712171007,14.91929612282778
29.9999997813293,51.07235642723879,15.1046214747983
30.00000029827578,50.70084949631294,15.444735365045995
30.00000005865956,50.43792992330627,15.764325159712236
30.000000117329975,50.50419792751346,15.69100775765743
29.999999870490253,50.8571119228565,15.375851348888173
29.999999808733957,51.169081152784486,15.08270928799379
30.00000025320475,51.55378952612566,14.668133343691192
30.000000138408986,52.27854942971676,13.808726153104772
30.000000097426696,52.51639082505672,13.422493005306807
29.99999971553936,52.14076908656155,13.837734707340482
30.000000024589184,52.76130832777893,12.94822482266313
30.000000228519216,54.06854743402348,11.905142427730839
29.99999978099394,53.860373365142046,12.346578476273152
29.999999724115824,53.81487769532541,12.674406245910044
30.000000254606835,53.00387464419146,13.324574592370034
30.000000069384892,52.33648235710955,13.912491243616028
30.0000000469484,51.70839430982384,14.480213816143321
29.999999817023188,51.55637891718802,14.850414777490553
29.99999992702549,51.70554133319274,14.755571773782153
30.000000220552952,51.9781304155787,14.475081256826659
30.000000059546927,52.18105714011927,14.271383224757981
30.000000262575,52.32112941522026,14.11160963561337
29.999999833232103,49.79535698832364,14.372496201003036
29.999999874177565,48.872701957623974,15.402273651233063
29.999999949002707,49.89737982543301,15.012186515697875
29.999999850396723,50.41416203799654,14.772195055955576
30.00000008528166,50.552951942221085,14.824571167089005
30.000000050479386,49.810201057587705,15.467034667544874
30.00000006188867,50.08144653647859,15.083913118739636
30.00000011261519,51.278319176425924,13.657158272512712
30.00000013862779,51.82313671371927,12.985965841735538
30.00000008615883,51.96012178334799,12.525471194986018
30.00000024601303,52.311550870060834,11.730562673578083
29.999999921740653,52.11429192806883,11.626616388523562
30.00000028259449,49.771767352841955,13.427692551306539
30.00000003921472,50.31473134964833,12.786065090618557
29.999999763562474,50.016892105204825,13.96259943850324
30.000000073406973,53.65434184458216,11.083631395578292
29.99999984865301,52.90699102825048,10.212612160050021
29.99999990637114,49.7010434564529,12.324909875066847
30.000000100990633,56.48806745365694,8.159700200861407
29.999999978693804,56.55843311264196,8.730766063185591
30.000000279477433,53.28601573840903,11.040705848665736
30.000000295166405,51.795416225617025,12.190956536964253
30.000000160776217,50.95217037288381,13.051097749681952
30.00000010223464,51.34180590701197,12.725376217521852
29.999999808441256,51.45075968934665,13.06885305626044
29.999999832727063,52.605518291974285,12.7024785602201
29.999999969086616,52.46609247839303,13.01226733929448
29.99999975783209,51.89416801087006,13.464710478658947
29.99999980881363,51.43870977522983,13.955093871559002
29.99999992769206,51.37005418282992,13.959818972926158
30.00000001738773,50.60997798060605,14.490057053296592
29.999999947792663,50.80743178608899,14.325513139303354
30.00000006510725,50.011307792661476,14.91928240613335
30.00000024163287,49.433965048016624,15.207167264944264
29.99999990285055,49.476008776308106,14.907725201828415
30.00000020817286,49.69966843347846,14.609099321044615
30.000000006767635,49.13759346040109,15.317413882946235
29.999999708971377,48.82772711121645,15.549910279603909
29.99999984953377,50.142041494120626,14.764049993690712
30.00000020743025,50.97029171634302,14.322448557061483
30.00000020929922,51.059382517043815,14.379432194652026
30.00000020052927,51.341985828231756,14.034707339836688
30.000000043579128,51.49146107644056,13.821042315822808
29.999999881146582,51.19688216913132,13.971151056470374
30.000000018108544,52.104979833348864,12.770345005156912
30.000000156401796,53.379603029395355,11.538204572949269
30.00000021899063,53.23230743090285,11.134762692800631
29.999999744876146,51.492280056479856,12.243373286116512
29.99999976044989,52.43055788453539,11.336288904920504
30.000000261016204,50.982101683028894,11.945182490593664
30.000000118463245,50.54593006481628,12.8140248770305
30.000000073375944,53.86368013722942,10.768734116539695
29.999999870508262,55.681984716072925,8.940511163100599
29.99999990336294,53.160440672539025,10.447009424190417
29.999999899976345,53.11870142720284,8.267735586881104
30.000000296577632,55.77158567216454,9.687313225065516
29.999999989521807,51.87711411003335,12.976937458839132
30.000000101302593,50.84995381663902,12.56057358386052
30.000000023756964,52.00380023305642,12.222649085921281
30.0000000123178,52.117769018813405,12.348295522796343
30.000000164415102,51.65425318337285,13.036153836034183
29.999999835922964,52.15501299518989,13.05934685108446
30.000000007651717,51.705625032502006,13.649195312829997
29.999999995539298,51.7013032873147,13.468403521833148
29.99999992496832,50.95674072661317,13.963354129672725
30.000000100669933,50.56342024372912,14.224662950779734
30.00000004240425,50.623359797733734,14.371921454359796
29.99999992744714,50.69134884838099,14.235329458582171
29.999999992457294,50.553834990062924,14.090636870889197
30.000000241637373,49.36771099189189,15.059232943568784
29.99999997422521,48.703543717239626,15.843337481299459
30.000000000496048,50.247335592953135,14.067267449046824
29.999999868001222,43.36098162953267,16.644487528568135
29.999999951536637,46.82542687245781,14.672001551853302
29.999999721768006,45.688566461826085,15.464823746524619
30.00000006621697,46.37004561449338,14.942855369066725
29.99999993929233,45.665856164476985,15.635180358778278
30.00000000904669,46.14474829419007,15.073761505196442
30.000000061120648,45.74437556799141,15.39160823098817
30.00000006284284,46.576263818210556,15.020006807963883
30.000000043900492,46.63638341049116,15.450303561817906
29.999999989497816,46.215268650999896,15.992280534887154
30.00000002622071,46.55384481700937,16.029493419081057
30.00000001012494,47.48944560653349,15.47623820180213
29.99999974972247,49.524554598395554,14.318700174759126
30.00000009111671,50.68227634903402,13.428790277286192
29.999999717502924,51.993057554663814,13.035649993308903
30.000000121778214,53.991517251013796,11.66414462717904
30.000000145191077,56.02335354160948,8.972511703141583
29.999999746534897,60.85145473859773,5.705778297573149
30.00000012269835,61.322309949449405,5.58125850888648
30.00000028367704,54.484215261177425,10.686024951304574
29.999999906512485,54.30577112739353,11.167560065384462
30.000000022716044,53.1345670815176,11.859590705859008
29.999999901833288,52.22014851770315,12.613577640531167
30.000000097078313,51.548886402299956,12.572094183177516
30.000000120765627,50.34871310069891,13.50395356033483
30.000000256548166,49.06611617996566,14.29731420706548
29.99999991783692,47.6603467486525,15.395641439547077
29.999999738907526,46.74743588628343,15.811842815350047
30.000000135014318,46.32277176808087,15.90668863213043
30.000000052401028,45.746694807201834,15.934573402936095
29.999999914088992,45.64627740063998,15.909733152711409
29.999999978710854,45.41844163895448,15.726294916451014
29.999999991699244,47.29362015178682,14.332095211716357
30.000000070219585,47.4010899192688,14.213742860225638
30.000000198318535,46.343546166410725,14.256384575853643
29.999999888158325,46.647568230089696,14.040821910214355
30.00000027763772,46.65136288168105,13.644248901819056
29.99999977514849,46.747067822963714,13.884964945420597
30.000000284442752,46.41572435160902,14.357775827699147
30.000000156195462,46.45027416367111,14.352274655809694
29.99999992928255,47.561105949397785,13.510043281824961
30.00000005547422,47.07488171294159,13.84817238185159
30.00000028741429,47.3313612305309,14.293806833471738
30.000000253612402,47.02871696230884,15.130948541139338
30.00000029802181,47.432610553196476,15.27963252288663
30.00000022433996,48.36699860670913,14.961186898398719
29.999999994163602,48.081816610722015,15.442853167605902
30.000000122883556,49.23376623967948,14.544396088637399
30.000000105348466,51.12668187003381,12.929809049380065
29.99999994143556,51.74749511503532,12.693277654155539
29.99999992947193,52.63885090302149,12.2488645254713
30.000000124235793,52.81375894397891,11.55471295790783
29.999999849473284,55.13097485033608,9.482339434101005
30.000000138683102,60.83285640335016,5.914420419692973
29.999999886949205,59.958041547372375,6.42690260028402
29.99999973097039,54.439802742244936,10.421842651757126
30.000000169081886,53.07046521182376,11.882465846063072
30.00000011816194,52.807496879077576,11.871037695850411
29.99999972472377,51.97772981674818,12.364216690035173
30.000000010073283,51.863998985735414,11.955749700516064
29.999999995140087,49.61771849046659,14.010594945233798
29.9999999809374,48.46212650531646,15.196497104844218
29.999999872796458,47.5890160189944,15.605283549075827
30.0000001519193,46.32309175602542,16.483955466087927
30.000000018509915,44.77121502389079,17.27551337464122
30.00000005522607,44.48936605767718,17.0605181994251
29.99999997388309,44.27919925375536,17.0035801598586
29.99999975422658,44.978600369919526,15.71082987752241
29.99999971832338,45.2891239556535,15.487580345083565
29.999999989444497,45.66495028648466,15.402939932354094
30.000000196688777,45.36518015187171,14.493879885255001
29.999999844699932,45.820132521136394,14.300486761570967
30.00000026694373,52.969035799141196,11.94280454852058
30.000000037622826,54.99818674737458,10.653599274213377
29.999999979815623,55.307571261708674,10.478543051996889
29.99999989899401,55.3682920998853,10.556063754633774
30.000000285814014,53.216897340420736,12.152189190525123
29.999999851666644,51.72804368545818,13.457908126264488
29.99999975504419,51.22443433640968,14.068555109221627
29.999999935689292,50.481488487190255,14.781128763581169
29.999999999796362,50.44192450879635,14.845982107477019
29.99999995197923,50.61241224822979,14.717015964362465
30.000000246084117,51.280239677959706,14.197369167748105
29.999999987971524,51.79546159463337,13.539080807467801
29.9999997011156,52.14429474475631,13.20383907019371
29.99999988668016,52.36282609219854,12.846443036283436
29.99999973345508,51.484176391300934,13.164175006411476
30.000000191715404,50.812642166438124,13.639671332476226
30.00000001247922,50.456299493430556,14.054947735196377
30.000000036536157,50.22646148284252,14.34675950095391
30.000000128846082,49.221633473232636,14.943393485559374
30.000000226606847,48.208833579283386,15.683372576516765
29.99999980917171,47.55206966327558,16.330643000824818
30.000000114326376,47.52408869103902,16.71504407809991
30.000000263221327,48.32650944845814,16.736775840102908
30.000000201713423,49.109317090364144,16.44821612623964
30.000000197574597,51.218038723663724,15.111179170951822
29.999999839233432,51.669859346566774,14.82921268638092
29.99999989901473,52.014401252669856,14.575277754403835
29.999999936592857,52.1143777416632,14.514104613920846
29.99999987469555,51.80202782010443,14.823514898899438
30.0000001560567,51.38866317369528,14.952819401568542
30.000000095853974,50.16917516537478,15.445046115656897
30.00000004588576,49.173413795235774,15.921169473916152
30.000000259239545,48.651017503486464,15.472634202411
29.99999986015582,49.05893865215498,14.975785925546539
29.99999995194739,51.039414569406766,14.0036461575009
30.000000025990587,51.695807303686905,13.226818205173783
30.000000136237382,52.5461735383973,12.262266262165577
29.99999994302018,51.84667515993829,12.884777940454743
29.999999885210276,52.68115672664454,12.605882357744084
29.99999970481715,53.91703800764818,11.59113487707674
30.00000014683016,55.07837655141144,10.707912381549644
30.00000004005211,55.14424597160081,10.767781146561722
30.00000016301117,54.791427321643525,11.025989474295482
29.999999904257365,53.322002137556275,12.199866603460105
30.0000001659543,51.306044274645394,13.83393645679411
29.999999914380695,51.39381746607266,13.80203565163815
30.00000008569437,51.76176759267271,13.509076936512793
29.99999974345079,52.505713229253516,12.803655673006062
30.000000159560763,52.70253979204854,12.678293423856257
29.999999937020032,52.15044522900998,12.923443169864429
30.000000145282613,50.49123765492581,13.890110504425705
29.999999757984018,47.8838064954493,15.866476390070957
29.99999996931192,47.4231573995684,16.58011991570735
30.000000203643523,46.937457488073264,17.45338864580974
30.00000013040076,46.480158307107345,17.82678542713777
29.999999744432074,45.75774596638934,18.371695398218808
30.00000015227431,45.77458109953048,18.49883498357644
30.000000078501337,45.82698573722604,18.908949195797277
29.99999999684294,46.034758889834464,19.216442926079257
29.999999730435412,46.84899079851643,18.542765581309293
29.99999996302949,47.59421448320808,17.858598082499437
30.000000009699612,47.86727033071427,17.623474533372985
30.000000261228266,47.56886072554865,17.822696012539172
30.000000126589374,47.70347041259211,17.711225817618075
29.99999990343774,47.62419149315167,17.658775079264892
30.0000000545052,46.674683890371,18.38546731770315
29.999999818431647,45.74364549531447,19.08995387624074
30.000000263435126,45.51781035060834,19.19188002216661
30.000000270144103,45.02489051298407,19.00477423666619
30.000000052384554,45.46988052725671,17.968506911584974
29.999999796289092,45.61423535017798,17.568531008040637
29.999999824524618,48.53133573396454,14.982651423328766
30.000000113498054,47.76419634203383,15.864405742707422
30.000000106493847,48.80914600330923,15.259041863653826
30.000000166685016,49.8633511123577,14.553706375899832
29.99999985243581,48.87588431778359,14.912354087498635
29.99999995245566,48.331952979408484,15.505992552597862
30.000000043749598,46.73659063234864,16.771629382899604
30.000000143564446,46.66394636038145,16.7327545334572
30.000000285212806,45.130224007903045,17.7794970286147
30.000000260276348,44.84964648165118,17.931760109313494
29.9999999583198,44.265374915753256,18.044785598911798
30.000000156123523,45.37667066669082,17.454493044651436
30.00000003085695,46.07139909176325,15.594626202956084
30.00000014967125,47.57151926907341,14.087643430204345
29.999999818043385,47.14336399339969,15.338266165312413
29.999999749500212,46.61734553085933,17.417576303823594
30.000000230700405,46.88049752056385,17.86238973679301
30.00000014825219,47.25763482827501,17.74447295115746
29.999999905905607,47.2126686949956,17.97125248941483
30.000000090718387,47.134346300881866,17.851183191523504
30.000000162573524,47.956186446997684,17.58803587274656
30.000000088419235,49.173984768137814,15.896100429844351
29.999999777195793,49.1172695999416,15.407684015131004
29.999999872724853,48.55783741827507,15.63709850218872
29.99999973143064,46.967612375702174,17.201654398676194
30.00000012352558,46.29296083192361,17.25478840803748
29.99999991033449,46.11362895066963,17.360741974411855
29.999999806094863,45.0156824765568,18.209318673436634
30.00000012000647,45.061998187268124,18.150893911449934
30.000000059986586,44.71857645545039,18.38798203789395
29.999999937492287,44.844887332872574,17.581240602919625
29.999999978623254,45.63652631378459,16.986729557755282
30.00000004485507,45.13446731386123,17.20630152237878
29.999999971909773,46.33842953256903,16.261875769373074
30.00000014724856,47.25234563991077,15.892770538402692
29.999999837101722,48.26625582255063,14.732370242252365
29.999999852005384,48.04813692070544,14.599732478723926
30.000000120947657,48.82899987338192,14.074339840598476
30.000000003576147,48.58661763381469,14.028454949037283
29.999999830869104,49.566441375058055,13.574658155917941
30.000000235961526,49.862145847893544,13.57991703397918
29.99999985740438,50.704014783484354,13.242223871157972
30.000000297193154,50.3786702226918,13.384531837850508
29.999999826131617,49.12381122338714,14.230211759837564
29.9999999281688,49.88826338803251,13.84362846990969
29.99999997626973,49.759275679367875,13.859345103985781
29.999999908372143,49.76311864910935,13.902094419044703
29.999999821072365,49.71176897734498,14.088778289511717
30.000000109587486,49.382129235332634,14.440222598773923
29.999999980624274,49.335165956360996,14.921943140679375
30.00000000036113,49.5601330129492,15.133286026646706
30.00000001849514,48.5712344833219,16.203783626702997
30.00000011471166,47.76410185128187,16.989952779059088
30.00000003690979,46.6179474019544,18.20489034745983
30.000000098911595,46.16433392358168,18.838392836260894
30.00000003066646,46.45518574598787,18.439852329845188
30.000000289914386,46.728799748634465,18.125981657190557
29.999999795542642,46.426873056887636,18.35123911322922
29.9999998505693,47.50031833354583,16.981241894733834
29.999999700356035,47.454728685584925,15.804234592606896
30.00000000846569,46.103684388566144,15.711810960671636
30.000000096405923,43.72089990681365,17.604842431917223
30.0000000401874,43.21706714111538,18.542125603464
29.999999877609817,43.34382794850577,18.481410083881094
29.99999988693485,43.217160168283705,18.5701633853625
30.000000027531947,43.124030645954754,18.8636153445316
30.000000027393668,42.75053478106342,18.94794230866745
29.999999703573327,43.13640843418366,18.861448316115172
29.999999939663464,44.19598833602492,18.13790673406941
29.999999822518795,45.64491360844179,16.84339931877536
30.000000113446745,46.06579349840155,16.734240008719052
29.999999958581288,45.839547689762796,16.877895251416017
29.999999959794195,46.99866832863239,16.270617225958063
30.000000218748553,49.238605819020584,14.712500570982986
30.00000006145699,48.288241980238126,16.306217504817536
30.000000160365463,50.31103129314452,14.902008781693073
29.999999859468232,50.772173457960115,14.86023821372632
29.999999735303014,50.41078149259709,15.225002570451023
29.999999966111975,50.679894070489915,14.95446119285503
30.000000110615222,50.799303594480385,14.905874572152792
30.000000184181378,50.37678284706775,15.411518512809701
30.00000010307153,51.0150649330454,14.863678238485509
30.000000052856258,51.42842194142033,14.332627449781791
29.999999787543285,51.51885748443152,14.201418996029993
30.000000027806564,51.45616530469797,13.84330641283712
29.999999919683944,50.46817693590617,14.359052110161553
30.000000180994764,53.35372042579793,12.337113907108684
30.00000009001362,54.977415807051145,11.020809552958013
29.99999979452366,56.29894312893535,10.378282149040432
30.000000107007455,55.89574306655563,9.75768200103141
30.0000000838368,53.96867001574134,11.289607459472544
30.00000004599604,55.9605169636015,9.699641199292957
29.999999731442,54.78591468472987,10.84404610155209
30.00000003350232,56.22955099297755,9.78677302307916
29.99999990776401,53.25172800329694,12.648485602018743
30.00000008832942,53.411148364779066,12.267857218944878
29.999999708169042,51.900302531741474,13.213401848227914
30.00000028755977,51.00574688652678,13.959585759657637
29.999999710326442,51.396142929660236,13.902689569941346
30.000000162149895,50.85014955412957,14.365180162722714
29.99999982980936,50.55991884687094,14.520866949387484
30.000000099642385,49.891141862610596,15.146802454700357
29.99999983504806,49.65326193935598,15.789168101520305
29.99999980795683,50.22042159697128,15.197382330674026
30.0000002965288,50.275954887515915,15.15172245418944
30.00000002264889,49.696774326589086,15.353334213761931
30.00000001846038,48.93679592992093,15.638462997374434
30.000000294194574,48.05369490654098,15.810746596504792
29.99999976575375,48.74700456941652,14.63209018736775
30.00000014426014,48.25802025288773,15.726329878507384
29.999999719385578,48.51569723990568,15.649295420960032
30.00000002548008,50.20218063185032,14.369850470138918
29.99999986807292,50.28265151107362,14.626969568754237
30.000000269790583,49.59237289816111,15.555228934534037
29.99999980323499,49.53942309499959,15.954273047571537
29.999999836592213,49.952841388830905,15.54760110566992
30.000000209199523,50.52145264092659,15.113138535064428
30.000000171206374,50.41928028728581,15.33700668994551
29.999999877735995,51.17890500952224,14.538009921229877
29.999999900596833,51.34865186157135,14.235916868091484
29.99999976570381,51.353077985171296,14.076770795187308
29.999999704758103,51.930205831259265,13.257408227927492
29.999999896907585,52.58226102583247,12.880829819324967
30.000000165365265,52.696317013838886,12.827924378111197
29.999999995482302,56.70562307115408,9.615833252538081
30.00000014483684,55.90321925213619,10.317677001458089
29.999999837580663,55.66988640555878,9.769290824393936
30.000000106053637,57.43034937381544,8.7479021338077
30.000000103928706,58.3221883602624,8.7222417178723
29.999999776281037,57.275282661505244,9.47158896153364
29.999999932889573,56.166350131510484,10.372850504938407
30.000000087881467,54.279710229499905,11.798554830108152
30.00000021908822,51.005308727585486,14.02509288887419
30.000000233259158,51.17099508584932,13.911215548389965
29.999999729322408,50.60032559282097,14.292430291753638
29.999999870132818,50.31539514143145,14.697639813978217
29.99999997333738,49.864639367740814,14.961278435420162
30.00000018497786,49.54678696179177,15.44247439261503
30.000000170974218,49.65497349385948,15.463795499186167
30.00000013845045,50.392364483781854,14.868208686782756
29.999999724475565,50.6778125802278,14.829936067248099
30.00000002805468,51.18163280617212,14.349551624257948
29.999999952337625,49.583839973350265,15.437376370574075
29.99999988130444,47.83399545893385,16.492635429123013
30.000000255870663,48.542691722461015,14.769123810372465
30.00000012931684,51.40657544163254,14.650809350845558
29.99999990503593,51.15541763650748,14.876433761064188
29.999999880824834,50.49455516170039,15.2510495586942
29.99999988983231,50.67265057291432,14.779831389775056
30.00000020343109,51.82676616843577,13.329643138692267
30.000000162524636,52.21204094686405,12.882429758207769
30.00000006906495,52.24545275194261,12.991679905650631
29.999999781861693,52.30151837311487,13.068639690982733
29.999999923058258,50.92854633422511,14.053511521866746
29.999999924586877,49.45778834754513,15.073842429834853
29.9999997474916,48.06994781152095,16.170271938322543
29.999999988670233,47.284824540092245,16.969831925107794
30.000000040941384,46.27934185632506,17.893622977459618
30.000000172533863,45.95011511280535,18.64219977000866
30.000000237571797,45.20114818177875,19.661591735055378
29.999999972426945,44.97951067914978,20.04643543576649
30.000000239209935,45.0748562824318,19.82502874148291
30.000000209293624,45.360562873836905,19.639643161228868
29.9999998358702,45.21569168373289,19.776345291576607
29.9999999994359,45.87497329412245,18.97244704574266
29.999999891776522,45.94431973659669,18.58373378882489
30.000000006717066,45.98959354916412,18.190703474024364
29.999999878834377,45.91794905416322,17.770256511764916
29.99999997283345,48.00522934715289,16.033329870668172
29.999999865219063,49.23190874999319,15.26715026730215
29.99999989392585,49.93168666433614,15.001795949232532
30.00000012767394,49.7564386712029,15.352703407770859
30.000000122811972,50.130049557332896,14.91594540443626
29.999999811041935,50.8053670681366,14.344198887535732
30.000000206675306,51.157603373920104,13.948650906596043
29.999999836144372,51.84495949933765,13.458243714462027
30.000000258006104,51.74071333949786,13.878890981842103
29.99999982841071,51.2348782229048,14.486038202658735
29.999999880028884,51.88123196575235,14.17328532118826
30.000000140489387,52.04475632582192,14.285608420886438
30.000000166224876,51.74724476100309,14.729473053526771
29.999999986418416,52.367359383806736,14.12335012684438
29.999999869540478,52.79291793576257,13.774328355229972
30.000000005741082,52.36197188656473,14.113786849137213
30.00000013864083,51.554885701966946,14.462709121687597
29.999999922566793,51.641512028084364,14.165129216900212
29.99999997908502,52.093899491964414,13.681630132692339
30.000000223285944,51.7947354002485,13.38049605021223
30.000000138874277,51.61360874483347,13.143241819539691
29.999999805931115,51.73996118806012,13.044352200556387
30.000000106674293,51.32201683342574,13.432366444760099
29.999999843128133,50.04700448300713,14.107977913747458
30.000000285445278,47.389617432952484,16.34042473742333
30.000000193113152,45.78263174085168,17.887268432800536
30.000000210727144,44.4985205758752,19.79795251751656
29.999999732438116,44.564359438445855,20.079288704330704
29.999999960357982,45.09574389794088,19.943519546128258
30.000000264303047,45.04411340374203,19.814424944915274
30.00000021672694,45.28906688488232,19.558422798632275
29.999999713664923,45.167152409866034,19.625601766641374
29.9999997471036,45.298341155352844,19.377434813776198
30.000000269623957,45.57032666950861,18.931088647562998
30.000000220949985,45.48893351268004,18.407689866991202
30.000000236915845,46.20862995411481,17.396520698029914
30.00000027026118,47.31826321858804,16.423743894316765
30.000000002398906,47.82621183207648,16.32233518760674
30.000000095858997,48.42305974522066,16.519885261705966
29.99999976572453,49.08845913922269,16.019815420051692
29.999999735233864,49.91990091196392,15.21851122342922
29.999999886502895,50.797483479279364,14.189136023846252
30.000000108179712,51.673386222999525,13.314400815225293
30.000000116665493,51.20075495596709,13.740204048762177
30.000000178606502,51.006041178525706,14.601245644189408
30.000000089008328,51.377841846170746,14.544792023959165
30.000000003789726,51.79870616888822,14.334512975209641
30.000000174412303,51.727195163837266,14.38713440850782
30.00000026290301,51.591373121921634,14.399390505645382
30.00000004409944,40.62398775734675,21.871717004802363
29.999999842248354,41.358933444865826,21.368602732986773
30.000000090723482,41.08596884698514,21.61184430584867
30.000000259596554,41.84070236490413,21.072233346666074
29.99999990827712,42.04131381137334,20.844791023200496
30.000000271677706,42.57916686173893,20.316717148855435
30.000000077416367,43.23085123699353,19.75995845875158
29.999999884543357,43.096427713403735,19.987579053754608
30.000000288492853,44.33226608590947,18.944298109390257
30.000000257424084,45.20591610740457,18.22360683621603
29.999999717556985,47.98963750256404,16.24887244399459
29.999999755998214,49.362746386000005,15.31772610183737
30.00000018955991,51.04589594829673,14.475215350287186
30.00000020484531,52.202357522295024,13.882114657168874
29.999999838395173,52.94405984805707,13.200101254683384
29.999999862551622,53.360010924254006,12.58580009800544
30.000000264416542,54.03487690503906,11.392469500963665
29.999999864766366,54.26844489625617,11.38214758599744
29.999999756729334,53.74579771490951,11.930147548221901
29.99999991802689,54.9752872251364,11.400303497069777
30.000000006475325,54.46372542050358,11.784926849009045
30.000000034151643,53.8671337099722,12.19965972409683
29.999999820038997,52.55815699777803,13.420620256874484
30.000000043329813,51.16240740017527,14.964922194749342
30.000000215812552,50.99662472253105,15.118766578538834
29.999999981624157,50.397099545181746,15.562116752080758
29.999999984723356,49.15928706183847,16.342794638557447
30.00000002695791,47.64866509391906,17.157518957011924
29.999999999347025,45.05341937318989,18.474142317116605
29.99999992234025,43.02341255462324,19.62940559500312
29.999999741743835,42.10312958991386,20.49967344661253
29.9999997957417,41.95301317190793,20.525344048162587
30.000000225434146,41.91837019524473,20.479001914273958
30.000000210281133,41.35628285765274,20.84787695483004
30.00000015768555,41.57155699018104,20.74272067014742
30.00000010215587,41.242840143681285,20.92692162687237
29.99999994078133,41.36747301610653,20.851816592484774
30.000000074647122,42.11883953143583,20.546441704351373
30.000000003420784,41.4817530342133,21.137612607965924
29.999999921489653,41.30932634462676,21.413250705513605
29.999999946116716,40.445036814581755,21.953309685426273
29.99999989504656,40.41088394850221,22.04480157150514
30.000000175665676,40.3613742629643,21.64739767294054
30.0000000715084,40.99049807059015,21.246435708825835
30.000000161370554,41.83437622004689,20.681254969927394
30.000000250077758,44.072288200816985,18.777917381416355
30.000000042612694,47.24821609726852,16.413226802315663
30.00000010120107,50.442129263521075,14.49531617667391
30.000000208768583,52.39680684856648,13.503110059825879
30.00000026865547,52.84426509776947,13.141105876977962
30.000000084480487,52.91486876355729,12.840747028950586
30.00000001917935,52.380055870767585,12.972093348054164
30.00000003500017,52.8006030781506,12.324057129546077
30.00000026674225,52.97649035138014,12.044073273167117
29.99999988649015,53.57836507415874,11.667799179910405
30.00000011374554,54.13182083154912,11.355794542376984
30.000000264173227,53.7263173972222,12.41635758399998
30.0000001308848,53.17753439571273,12.962562175831225
29.999999809756815,52.28738765562405,13.946056548184414
29.99999973145816,51.55945601110832,14.722947785281244
29.999999721003807,50.89602554666327,15.279123162215448
29.999999909351747,50.07090546167369,15.895521484677731
29.999999885460607,48.23295637824694,16.960067761858934
29.999999787280984,47.14623250414397,17.4725921719561
29.99999977735472,45.53673966015275,18.346906377492303
30.000000201557395,44.42268228915367,18.88762056676019
29.99999999817237,43.383779262950846,19.35480779637383
30.00000006390513,42.005039660232505,19.997540523230185
29.99999974239238,40.97256041636724,20.79836166499569
30.000000086759876,39.977901480239936,21.32800624780532
29.999999756188352,39.46828460824246,21.996042690511604
30.000000172220957,40.730261654412445,21.46507973356163
30.00000001075544,41.95366616679037,18.00481336450201
30.000000068859887,42.41792633964658,17.194149275065474
29.999999999957062,42.15125224955885,17.13836395511335
30.000000140092578,41.89009160016575,17.532105048880716
30.00000016958746,42.12629397404927,17.292549732215978
30.00000026528258,41.604134224928444,18.02333272428189
30.000000220156032,41.778804514154125,17.043095971194806
29.99999978419372,40.43850642387186,18.75454055956722
30.0000001693703,41.225070723713195,17.90349993364629
30.00000019506318,41.04573028516219,18.32000983409775
30.000000266847433,41.147677075323216,18.5919708412189
29.99999993706406,40.84388164304442,19.645585455250124
29.99999984602389,40.65133089327519,20.204159667579848
30.000000060957767,40.640429523189205,20.273191358613413
30.00000013189715,40.75370382174132,21.12174472964026
30.000000217064425,40.941517379893526,21.3171605134516
30.000000149995774,41.27601023855995,20.54376008824586
30.000000069173993,41.4849069708103,20.38406039964211
30.000000228899236,41.53299023947708,20.506194183141577
29.999999721220988,40.95787985686876,21.531845822132507
30.000000273435102,41.4886689647282,20.718288401766387
30.000000030509877,39.82746095168187,22.356925615468548
29.99999999672908,41.005205786905364,21.460092701767103
29.99999995650628,40.39404002478233,21.88767116799736
30.00000005482407,39.9233964522925,22.363424234678114
30.000000164824044,40.236578885952916,21.924413065948706
29.999999707674473,39.4494975171092,22.465970593814305
30.000000054411174,39.522345312874386,21.882269796612796
29.9999998733739,38.72710348925251,22.09616127518696
30.000000053416315,39.27845596336577,21.856779595548648
30.000000063370024,38.982140397062885,21.879853170904596
29.999999985752954,38.60922680177902,21.85050702045345
29.999999866048366,38.49531175761496,21.686641788154432
29.999999812999516,37.963920748834674,22.266251789257037
30.00000017854426,37.94694021383958,22.51239427132273
30.00000020921598,37.96439220956819,22.377948739108874
29.999999961136385,38.16168545429019,22.263899595757756
29.999999926885252,37.53264964385905,23.195580084602533
29.99999998663905,37.432764840832625,23.636456762141204
30.00000011904816,36.9747832347007,24.069468805322067
30.000000269420113,37.24453039342114,24.02883975196824
30.000000166138957,37.10137568129451,23.993137138500582
30.000000046308998,37.40230103951794,24.05445901949538
30.000000287518994,37.34946913979433,24.07642738812696
30.000000264538624,37.033392002285986,24.251656466059462
29.999999994073086,37.52112458110676,23.869926033588975
29.999999984454888,37.31444475787128,24.10584376202435
29.999999904047332,37.59627155379001,23.755836512894025
29.999999810406447,37.48018030318593,23.709245770862807
30.000000064343606,37.60447222282923,23.56122746346217
29.99999974604748,37.49848778126705,23.466793713308434
29.99999999190368,37.58776651146057,23.079549788047277
29.9999997766866,38.0646799087578,22.070696828843325
29.999999870007304,38.2590645356105,22.037563234963038
30.000000118636024,38.95003878169792,20.98650634337399
30.00000002929518,40.14551316333979,19.01390312577227
30.000000011071705,42.142478227183,17.187169499431526
30.000000060333605,42.60856396014885,16.579992018027987
29.999999780485076,45.2349216917782,14.757264490205761
30.000000072209527,45.42095900334711,14.586753964420218
30.000000281657474,46.19610368288197,14.08955224559501
30.000000047511726,46.677180706876456,13.499798668227447
30.000000045058638,47.69234959808077,12.738368092831116
30.000000093351183,47.91712325386574,12.062100692351173
29.99999987657146,46.77456573879843,13.172598594059275
30.000000058010922,43.844943280356134,15.759828681361293
30.000000083467913,43.98259495761819,16.1514060370513
29.999999860586133,42.91200916505024,17.620262383745477
30.000000122611617,42.386710767919034,18.136773908505205
30.000000054707144,42.31565043670515,18.295938235515624
29.999999739156507,43.34218834832171,17.12722686815132
29.99999991745834,42.34276104551027,17.726855081625754
29.999999743616126,54.29551992185321,12.230238391400272
29.999999711303737,53.89856573899288,12.498177389505296
29.999999886561184,54.13909722974599,12.074756256262031
30.000000079449027,55.09140362660157,11.148131673126848
29.999999730452775,56.13840786047438,10.27577288837474
29.99999970633365,56.76076426654219,9.73788441570064
29.99999975805732,57.20186082386636,9.39796153658803
30.000000212981117,57.48428864937606,8.776597394919328
30.00000018512696,56.411844446634866,9.252477115300763
30.00000000371112,55.45474425846803,10.098561263438555
29.999999754771196,54.86775145828223,10.468480908996908
30.000000242312883,53.21834164562759,11.596387101107249
29.999999892314733,50.37128629520576,13.538206797967968
30.000000124543305,48.92140874421907,14.546792195722531
30.000000289364728,46.815001599037764,16.084355930568833
29.99999978488993,45.693071880333335,17.26434180526216
30.000000043335707,44.89704066597388,18.220046702879515
30.000000051444825,44.911317794919185,18.425176699940327
29.999999951796553,44.27471508372156,18.948989436053754
29.99999984852336,44.98777114004491,18.538852337710008
29.999999843637344,45.31284088878804,18.207686147157784
30.000000010342283,46.28207177991268,17.107378256615558
29.99999989265028,45.9245124648702,17.075357716475
30.000000207866215,46.300260726233695,16.52403980517106
30.00000010862539,45.014726587267766,17.36368395261847
29.999999903911863,42.93608762229251,19.351689220556494
29.999999985816046,46.77956927390502,16.07206067202737
30.000000071105255,49.485999966227844,14.283306304132328
29.99999980989051,50.76145685048181,13.426085613320035
29.99999970093074,50.494074545251955,13.734734432485327
30.0000000555324,49.88044737677532,14.405520701264784
30.000000052658546,50.37931256669219,14.343279148252348
29.999999948200795,50.89521079291004,14.156954729450977
29.999999938017034,51.33379003324081,13.987122541186626
30.000000027346793,51.56553110316428,14.011099249659702
30.00000009125327,51.82838375501417,13.9042620233653
30.000000152164404,52.180056484213615,13.6896440885911
29.999999929117322,52.29109559864903,13.583582592457278
30.000000239740924,52.639018428586134,13.247004850994136
29.999999850583666,52.88752699978698,12.827925008758449
30.000000079041282,53.14993781219596,12.41438033677861
30.000000130727518,53.37905068907625,12.048734491848066
30.000000170714447,53.114149572409545,12.099889342845419
29.99999998383883,52.87504734134341,12.057112841257823
30.000000080175568,53.38405160368751,11.966816288302521
30.000000003480643,54.07908568285908,11.503838191198414
29.999999908862204,51.59597351440074,13.02120570496231
29.99999997137524,51.078819815469785,13.039768724805718
29.99999983649429,48.22408315683754,14.730251205460728
29.999999918298446,45.38652566788524,16.49189094155172
30.00000015386085,43.59843261063571,17.849932701206843
29.99999992317925,43.258755321636755,18.390766960091643
29.99999983325868,43.07052553738375,18.636065487993935
29.99999995316545,42.749434231424246,19.120319556111937
29.99999995681135,43.59856061160704,18.523495629058207
29.999999710929348,42.90867324524253,19.099303497210702
29.99999977986516,42.51387956690934,19.332425132473112
30.000000153173872,43.4694958360596,18.719308161744635
29.9999999059412,44.90603354328174,17.908090009542285
30.000000018502732,46.29617794385824,16.9716935921338
30.000000120857862,46.50272302609257,16.815006717950336
30.000000077851222,46.93393121410082,16.17524893850327
29.999999828433687,46.63265798339978,15.979113815537747
30.000000033993363,48.72363626944351,14.204598285591908
29.999999949457326,51.16082753196431,12.738983553515553
30.00000023907962,52.020279463140184,12.535235577812543
29.9999999516512,52.5771477644615,12.588490691268563
30.000000073617723,53.01467536368716,12.704879858297264
29.99999996263571,53.38092644896221,12.813771618995517
29.999999885728982,53.33801173448922,12.909835497328821
30.000000064177716,53.66971429286613,12.742658111722504
30.00000002584732,54.15415066679136,12.359536464289569
29.999999742893205,42.55597647864721,20.787813659361934
29.999999728391042,43.14897475691507,20.009763370634904
29.999999888832004,45.747109333145836,18.26959723150126
30.00000026661435,46.94516999894056,17.683431088295958
30.00000016800663,44.20700814857463,18.854573134146307
29.999999730226193,40.279526541401154,20.672619798271565
29.99999989067262,38.123862424600226,22.4442488966562
29.99999986627537,37.15262232274911,22.68950215865871
29.999999868566597,37.44790089287643,22.47687606640133
30.000000126786404,37.797997509954726,22.780640626002047
29.999999853041633,38.777826550289966,21.708601931849863
30.000000030796166,39.917567801912014,21.05702560377986
29.999999788609063,42.58298754585141,19.37139196949948
29.99999995786716,46.02067976454495,17.504704116160642
29.99999976800961,45.384220523823295,18.478992327876064
30.000000269474725,43.91042334412376,18.96295722105192
29.999999972985396,43.88158514562581,19.20032671857634
30.000000080351597,43.38664266882684,20.103813388530995
30.000000016521525,42.29502021918694,20.412397445916486
29.999999825397893,42.88624928157065,19.638094086432638
29.999999803574173,45.33737567297888,18.233810030952068
30.000000156692963,46.24580832269849,17.815567070125216
30.000000245898725,43.021737984838154,18.703792211761996
30.000000265471463,39.312029445879816,20.8909120073897
30.000000049776286,38.28619904815768,21.73335042901591
29.999999714199866,38.64070663456857,21.659085705572956
30.00000008529374,38.13837679393263,22.29681089845097
29.999999836628525,38.78023473980809,21.423781379469
29.99999991915691,37.526466116923906,22.26631865498812
29.999999803645316,38.68687597928028,21.091194833143437
30.000000093927383,40.58741300356319,19.949811929409304
29.99999991432307,44.859082362624605,18.192364837465252
30.00000019591385,46.69435107322056,17.178611937566448
30.000000229273237,44.68259257909859,18.18841146212673
30.000000274925434,42.985238431677665,19.95255396371438
29.999999908471896,42.65546823128123,20.552430311418053
29.999999840006733,42.77422804003715,20.578689946069602
30.000000065730436,43.06520313107383,20.23079158421305
30.00000008377692,45.665130373253966,17.97379371371756
29.99999996544472,47.45482793892087,17.0925561099265
29.999999867289144,43.98503599027113,19.376685600058625
29.999999962465257,40.64026615295793,20.77772695480385
30.00000014633227,39.00569810682102,21.93887848761754
30.00000022246765,37.9536220835628,22.908718586947874
30.00000005101381,37.18513887301437,23.599953571496307
29.999999816322966,36.842997426058474,23.438168804736293
30.00000010919463,36.78771377591161,23.095903143310775
29.999999795001088,37.89800116660434,22.0685567019305
30.00000002977521,40.294820991448056,20.578479620984332
29.999999990795402,44.77298804912957,18.267230246625584
30.00000000867997,46.92365083761178,17.242633775984746
29.99999977883072,44.711860505709424,18.219973924696884
29.99999983163033,42.34518093172245,20.472806333894148
29.999999971782575,41.78044850718211,21.711651184256596
29.999999993926163,42.74594822578597,21.06705199676197
30.00000016442888,43.4935031332767,20.277397452192268
29.999999952464343,42.68412104783589,20.719921634407548
29.999999737709082,47.15011488467909,17.650893531457875
30.000000186715713,44.32279922211422,18.633730655679813
30.00000015568924,40.25098889037546,20.992549589521847
29.999999951788777,38.542356318367474,22.507795421605454
29.99999993972953,37.350513168237256,23.36073642536543
30.000000095472068,38.42055308352601,22.423026189968912
30.000000181089753,38.943872271914096,22.15059359654771
30.000000138837027,38.636092626931706,21.84052667663436
29.999999872252967,38.243087360095316,21.655852495874793
29.99999998217528,39.06842612304794,20.987285482560136
30.000000279013523,45.07413957394894,17.401264490845037
30.000000257408864,47.35230652471207,16.878633249011244
29.999999844792608,42.934166194297745,20.13993458645768
30.000000079543348,43.377307402961684,20.008076303764486
30.000000200171655,43.7810011029305,19.984757799346834
30.000000254849706,36.535238279720744,24.03148752102835
30.00000009837012,36.521369556671814,24.17791382649741
29.99999980118142,37.326923228272385,23.030238847108176
29.99999997484027,37.66253165348813,22.451172222120398
29.999999944002976,37.80419544064996,22.143703113182323
29.999999809973843,38.21095187970238,21.530820024302717
29.99999984834155,38.06026588046241,21.471802639806242
29.99999977870727,37.0809932327221,23.40135311402349
29.99999991774605,37.6226417156779,22.142817656758496
30.000000165044455,37.27116961706633,22.344250426222285
29.999999972448038,38.0711559343269,20.789011655397196
30.00000026701587,38.39691009109839,20.41490928494103
30.00000004014032,37.81646345148697,20.79393369695329
30.00000018726458,38.05571810270616,20.31637142005782
29.99999973981765,40.800083311645125,19.220055444145544
29.999999768148367,40.96746991095114,19.109661950888192
30.000000233274466,40.44616406442654,19.486972862021123
29.999999928318605,41.1889555564576,19.257441499445704
30.000000082966533,41.679315430597825,18.940893465257243
29.99999995476523,42.34939180335478,18.38111458881522
30.0000001410534,40.53795452764048,19.697392851256627
29.99999978673149,40.697626336258644,19.560366712910984
30.000000135136787,40.342888603553796,20.527372801871483
30.00000020831812,40.864780126360294,19.426100647401103
29.99999992003192,40.932648018540036,19.64802835246392
29.99999996925642,41.6330881704589,19.433685312554168
29.9999997388282,41.12306360409563,20.16031208447345
29.999999995066098,41.86461997838437,19.57701218341094
29.999999938223187,41.87220353795287,19.742640735345862
30.0000000190559,41.278840111745,20.610409779433482
30.000000027409108,41.56267215712146,20.26286129770287
29.999999905313892,41.06166791852833,20.9085976895585
29.99999991824409,41.19615235942914,20.98613545321406
30.000000165985607,40.674330155668464,21.394951889683092
30.000000028716634,40.78336371413024,21.278404983968368
29.999999837517187,40.419227707510494,21.62542908847193
30.000000225749968,40.21817956539175,21.63980733470372
30.000000098399557,40.67008627427555,21.42586050349797
30.00000024198511,40.44416880774513,21.420991638136556
29.99999996499385,40.35028674623515,21.479907022404163
29.999999932700117,40.39293720174637,21.533350329216557
30.000000141661125,40.395296075779484,21.495800193750025
30.000000199672137,40.74910906452667,21.136306684991972
29.999999956499963,41.02740568069663,20.819600943212937
30.000000246912606,41.171080307490975,20.622355195759457
30.000000123969986,41.36006469704179,20.414002309448424
30.00000002502598,41.61846132447515,20.140952205452155
30.000000085450374,41.962252667333246,19.78898290565939
30.000000146960957,42.36167070870527,19.405926024909963
30.000000138472686,42.51458975519159,19.279794151470874
29.999999887360808,42.621098625176785,19.191976557642178
29.99999972815017,43.347180485456974,18.500965670391917
29.999999890137534,44.467989988932075,16.95500703794569
29.99999991838462,44.70421918997616,16.690241068594688
29.999999960294044,45.229943698829494,15.865694003398938
30.000000059544213,46.46420005337684,14.065647300003976
30.000000121121747,44.97141280400519,15.704494111335343
29.999999781892168,45.12852322860024,14.669795917022496
29.999999835128108,42.84568239209711,17.057946382733096
30.000000130010914,43.84282321426386,16.450167240787227
29.999999851662192,38.6617175624324,22.55628002866145
29.99999976199978,41.71067608782123,18.217371545590108
29.9999998368836,39.102969429867436,22.310552981284435
29.999999910473544,39.55332043358822,20.270665007146597
30.000000254312383,37.29455340449007,23.396161318792082
30.0000000348022,38.51413583762108,20.79061791233409
29.99999985821617,37.58680019705955,23.051853216669233
30.00000027576491,38.18271451475267,21.728552058039494
30.000000115194222,37.54078918070747,23.191240252283873
30.000000084429068,37.74407284019486,22.99053635876268
29.9999999614385,37.30645323440159,23.74502080134264
29.999999816928458,36.714519383911366,23.815995203906947
30.00000007211541,45.75007345859969,14.576242799836269
30.000000222678956,44.51818015899254,15.200890682922772
30.000000261532676,44.99028644437042,14.694947431262063
30.00000015869201,45.70906195948203,14.53220705860547
29.99999993220396,44.74070954075856,15.453227577629065
29.999999919910653,45.436832508897744,14.989458033017083
29.999999778306083,43.88312218165391,16.2000913658603
29.99999999067057,43.83746355749809,16.301443717990825
30.0000001790872,43.42734777829256,16.535490662609455
29.9999999255438,41.791485677611455,17.602414240413264
29.999999829914746,42.29251834408117,17.23520536638393
29.999999808149923,40.49698899107452,19.437832720647588
30.00000020891399,40.10238616424675,20.175173962298363
30.000000036188993,38.927793252021374,21.63121433422729
29.99999998636445,39.18968299174476,21.737929952397554
29.99999991217156,39.81548805952192,21.1751231353633
29.99999989576309,40.04821454938685,20.98847474480329
30.00000025770114,40.46374156658406,19.959690055594297
29.99999974615299,42.33720148547538,18.290366348079402
29.999999774410295,40.55017272929782,21.165922329483486
29.99999971167768,42.17163467490051,18.76925059478604
29.999999990670958,40.154340812225506,21.285464708463007
30.00000025288802,40.49715480022881,21.1235065377078
30.000000043419316,40.155680234826555,20.983167384217456
29.99999998775922,39.94930105316583,21.382372952882438
29.99999999577605,39.600836638487394,21.5555978497562
29.99999999019715,40.28060512183619,20.917796998472568
29.999999998275555,40.354634542493216,20.773243540157363
30.000000144308252,40.61168653014462,20.37410952016918
30.000000138559436,41.38398096032383,20.02036264636475
30.000000055432114,41.0370035573704,19.178198360197054
30.000000055715446,41.614589342217144,19.080702332808
30.000000185621452,42.7953302407248,18.305480493791467
30.000000052226937,38.45961362927936,20.13904452853856
30.000000041825484,39.96558540750932,19.185884517148832
29.99999991657503,39.497355993052324,19.522885428114108
29.999999911550315,38.47165481570344,21.675287559895057
30.00000018114697,38.3628332952443,20.18674075658242
30.00000004713248,36.693645455912765,23.873088132529297
30.000000080573095,38.985339616578294,21.83268591200289
29.999999941743166,37.5390225449533,23.381768238778086
29.9999997850064,38.74796280274221,22.27801377279505
30.000000270308718,37.25948016722918,23.71856837776803
29.9999997916926,37.98720874395932,23.109311677365138
29.999999745967635,38.316798554919075,22.83417816265001
29.999999838078057,36.86184890903272,24.017125879665798
30.0000002976182,37.25104283363287,23.734470075421562
29.999999770316386,37.376732333057745,23.573079390887255
30.000000289718614,37.68647003145245,23.2898853572344
30.00000010793601,37.78789831262262,23.139640756153383
30.000000197372785,37.94901576142359,22.987498016608757
29.999999895406745,37.37629159418925,23.27501597598159
29.999999796552203,37.39503791444912,23.270623259504042
30.000000025290642,38.71940577287855,21.19396174806124
29.99999978367889,37.9635783667618,22.11547728435384
30.00000011296154,40.57313364794608,18.950039859490342
29.99999986352934,39.01287003678448,20.702158162593403
29.99999993917614,40.40951795807251,18.993271445770116
30.000000201963825,42.166276511672066,16.938653666365344
29.999999898617755,42.71200508660058,16.292389419522607
29.99999970552064,42.70534727580141,16.048984745457954
30.000000047816876,43.02847034250901,15.909575162695052
30.000000241945514,41.2548626989017,17.51836834334124
30.000000024894295,42.92414887869652,16.282872611185336
29.99999989890857,42.18172920681199,16.862787974599474
30.000000231919017,42.486213292448475,15.937549474461788
29.999999950012878,43.57820199458599,15.192227640957713
29.999999855061752,43.09283005070397,16.331434973200846
29.99999983864757,44.27836375009111,15.601701746509269
30.000000053178727,45.9637773400264,14.032235242023116
30.00000016873978,44.45007292665574,14.856482774395243
29.9999998803395,45.631074645605736,14.2059264324432
30.00000020382709,43.968249450178334,16.392788467632215
30.00000020237229,42.29954519819672,18.998362727748447
30.0000001256719,42.32755530190608,18.265389891116953
30.000000073603633,42.12073968857407,18.74061652330427
29.999999716397472,42.70244762866192,17.86461089462848
29.99999988010363,40.5356203037839,20.550585859174454
29.99999978069433,41.78354406221718,19.067418834116502
30.000000021300846,41.218427257286876,19.62974042159505
30.000000061384462,40.95046223029525,20.281247919093502
29.99999987402726,41.680476100870116,19.414271585475838
30.0000000774519,41.93907636356215,19.58551120551992
30.000000189544856,42.646452652094325,18.68918570001019
30.000000034184627,42.35271124102007,18.821135511395553
30.000000277716325,42.84215906726266,18.220270042155406
29.999999983565523,42.756661682081095,18.40168134895895
29.99999992994971,43.448671881105625,17.475030478717063
29.999999731924785,42.83280320537485,18.30067976496363
30.00000002183244,40.72458820621245,20.46834230267199
30.000000110107152,43.668778564120494,16.958688944540725
29.999999724239103,44.45464698110018,15.002361150091646
30.000000093729263,45.58079056599789,13.716579297896956
30.00000027740174,44.6494644441896,14.726233942039295
30.00000015633457,41.852281035709424,19.175741513212582
30.00000004531028,43.04420991823378,18.04418827407521
29.999999723087534,42.19491075487133,19.10373243580174
30.00000015191795,43.069374950051255,17.923756028104528
29.999999911577316,43.1936653937374,17.98676412763158
30.00000019408496,43.3793494593063,17.628324241194793
29.999999996003297,42.71200941124882,18.53896434596094
29.999999853098664,42.84006009306964,17.04661726813923
30.000000037522135,42.934963699942486,16.69800843824029
30.000000086531024,42.466306929346814,16.78154256790074
29.999999874466347,41.07761445464105,18.282916289143973
29.999999759997543,39.98785447719738,19.868786605285152
30.000000165894793,42.68591037681765,17.74691216894475
29.999999942823113,45.55908255479171,14.606576542227408
29.999999884826764,44.28425640114295,16.350625053553593
30.00000027775186,37.91224004720699,21.53060323887427
29.999999760196157,42.2569585630546,18.512566685999325
29.999999937806503,43.05848185711327,18.026923882953515
30.00000005888252,38.499506653343296,21.564803064354372
30.000000079109174,40.51417305492761,19.413999838010277
30.000000011311304,40.08605144041466,19.942961402537254
29.999999880560225,40.06655775377792,20.341943941582116
29.999999932737182,38.72997819316071,22.109065139870943
29.999999719592655,41.3181491354935,18.330470929420372
30.00000010724848,39.41630409222684,21.7726412708191
29.999999851413207,40.907075998979316,18.86680207700074
30.000000039274227,40.18532830976456,19.51365739476642
29.999999791575174,39.125133173921846,21.121756933210676
29.999999993936967,41.352660594841176,18.220577180314383
29.99999982179543,38.426843757223374,22.33563210720013
30.00000013516872,39.51056834018912,20.90464340389787
30.000000081421682,39.71807336893049,21.36929837514722
29.999999742975117,39.87759511368223,21.303077891265595
29.999999889956626,40.493022057242236,20.111382098224144
29.999999915651003,39.30987900234437,21.20990765594299
30.000000210217635,40.44904988135366,20.082430475074688
29.99999994589095,40.12317670807519,19.09114398649614
29.999999772665625,40.57669721277592,20.1979986033215
30.00000018308983,41.128422028274315,20.26259095323586
29.99999993231967,43.00372219545747,17.86141886225461
30.00000000056852,42.34842549024554,18.91792116838497
30.00000024546677,42.943451036211115,18.335165329331396
29.99999981435118,44.232989993593655,16.280412688605054
29.999999886853516,44.071419924656034,16.388457933317127
29.99999992477707,42.2240839397741,16.084879308234793
30.00000001375902,41.85143603784792,16.656684188384425
29.999999857824793,41.444315371919444,18.260298838149442
29.999999762424036,42.137729252140765,17.668022528022114
29.99999985577516,42.36306891435808,18.799753779275004
29.999999902407218,44.00053441664082,16.210854931411415
29.999999784859714,49.27745959864644,16.30233995792265
30.0000000046266,49.08421652226486,16.46708545629714
29.99999980732836,48.86603278584509,16.616078784280035
30.000000037942343,47.92450865180583,17.368116239120557
29.999999885300593,47.873500275175005,17.004285619438306
30.000000012322914,47.64036272366502,16.925643688107815
30.000000146725977,47.736883574932925,15.78330662054515
30.000000034763563,48.9342889720767,13.816179926082702
29.999999898897062,49.8411105434149,12.47597314385285
29.999999880469357,48.415298381429864,11.595364773608642
29.999999746458805,44.81265213162537,13.51193203968057
29.999999827501956,40.11223910508959,19.37040293512905
29.999999755572812,39.63921020132234,20.36171178098461
30.000000244058512,36.82032961382342,23.42337796877726
29.999999856086625,36.73898810089529,24.25939667421237
30.000000226315365,36.33936183669692,24.353128222231625
29.99999996341954,36.635458889106,24.329768799210658
29.999999777828048,36.696137815784795,24.5707560428919
30.00000011899495,37.10127231765565,24.483035430156963
29.99999992163087,36.8132196819839,24.69043885913633
29.999999953079772,37.208309493809104,24.21936970940525
30.00000007273837,37.63530787879496,23.08025848204068
30.000000266174084,38.98122888436674,21.04065288658096
30.0000001432805,43.57950549456795,16.085707957651053
29.999999771856213,43.958993908276675,15.448120858483094
30.00000021465093,46.78815571103979,12.804677969250982
29.999999975107393,51.47151351541209,10.36463275435852
29.999999988449893,51.36327325095834,12.047905651051263
29.999999961835165,50.89602936903142,13.140492906133801
30.00000019267861,50.83969045640413,13.147659262515447
29.999999748938823,49.428750200414726,14.7485847566153
30.000000237897538,50.52356090632405,14.068710454609823
29.999999886697523,51.58873113589284,13.36777534321067
30.000000209570736,51.64614523453747,13.704583976582738
29.999999759539158,51.79752918253236,13.69227197551193
29.99999989753982,51.755840224460805,13.85050151853291
30.000000124641154,51.758193083747294,13.861478859168542
29.99999977315561,51.36957691513618,14.150995400880566
30.000000127723972,50.79609131285624,14.046373009156708
29.999999975376635,50.341773417085285,14.27410947196638
30.00000008084079,49.258769093406855,14.527250524722206
29.999999933209974,49.60142005516396,13.313514463730426
30.0000001289547,49.6493495323705,12.364733834211746
30.000000017416873,49.01526650371701,11.970913845954758
30.000000059945734,45.99796020708763,13.868132899892926
29.999999911290086,37.63431852022343,23.669528517155506
29.999999801637497,37.79004923477949,23.901265055626165
29.99999997490597,37.820398659147784,23.85955400229369
30.00000014661673,38.057159396092004,23.62738923271692
30.000000035057628,37.66818185014516,24.075294095952145
29.99999992591573,37.654366834886055,24.026594490770634
29.999999953078976,38.2429053500072,23.514813195133794
29.999999714299268,38.291952119056056,23.42024127895786
29.999999831287152,38.365841433691585,23.315223586573605
30.00000017773487,37.94474358559685,23.692323482767062
29.999999963216233,37.912148095664165,23.647488768763836
30.000000237333488,38.646224874324005,22.871155786945824
30.000000184077507,38.32589517240832,23.170855760847534
30.00000026759453,38.05271519358542,23.443684317715814
29.999999772778416,38.32398728732326,23.403709122902473
29.999999792045582,38.17596006411433,23.33502530901381
29.99999992162169,38.66441416509284,23.10993076137969
29.99999974615063,41.654489693858004,17.077769325704114
30.00000001713282,46.15334068957102,12.606474309701406
29.999999833753577,47.104003852426516,13.515743487510075
29.999999954118163,46.73352924281241,14.716630909491979
30.000000269862447,45.42800831303133,17.652396123047453
30.00000012635805,46.414042932847636,18.047003441939257
30.000000072649943,47.65926049969182,17.03873594104338
30.000000184313283,48.28151280841978,16.791095895403213
29.99999983439869,48.87910846186491,16.384453444486063
29.999999959900947,48.895463645376765,16.55784102314342
30.000000026383905,46.65670429171337,16.08845873432079
30.00000022836496,44.4419318293328,17.664884828179783
29.99999996904639,44.662058224651936,16.884842493359596
29.999999715885046,45.55525391481678,16.37929471747811
30.00000002589102,45.401011575952765,16.64600097680038
30.000000166653045,44.76204560651257,16.768208478900426
29.99999987924716,44.34852612454992,17.064300618294936
30.00000003360481,45.22969940363322,17.111474768532723
30.000000135196775,46.17546877399591,16.468645484280508
30.000000145279287,46.966115281267854,16.3159059285651
29.999999818936185,47.98364997569004,15.734744455479415
30.000000252822016,49.464678704640576,14.576139341368519
30.00000005890568,50.3200621889484,13.757836871805162
29.99999973572496,50.59913423079955,13.077302227908158
29.999999835576556,50.97031793045331,12.987713784545893
30.00000013758511,51.75708753322132,12.591513806029297
30.000000113654227,56.28317185636925,10.049230464779864
30.000000233524982,56.20337843622955,8.49078028910371
30.000000132553932,54.139604569186474,8.99178006014742
29.99999990501279,57.0616639261777,9.586845020579936
30.000000036125144,52.340095612717676,12.713611028683651
29.999999864695038,50.68140194802239,13.28840599587377
29.999999737578968,50.05462297969235,13.615411648339608
29.999999899076528,49.25934987642611,14.07483778261262
30.000000106572895,49.022684026083795,14.403723971067649
29.999999834985342,48.80434054770963,14.828432945093152
30.000000188090834,47.89820024133528,15.671297357608342
30.000000037754937,46.53337517486673,16.565286823259694
30.000000040366547,45.93334509286902,16.834586425304927
30.000000033912098,44.994692800879605,17.24199020705518
29.99999993141479,44.303617028946526,17.742986468879916
30.000000150655122,44.455739930084626,17.3790647429902
29.999999831667193,44.79989282353367,16.859220261802182
29.999999956614342,44.5815092386284,16.836227634833598
30.00000015409886,43.568716366163144,17.84504194594098
30.000000119250824,44.83189900131836,17.585747093672435
30.000000263280928,44.77413391989807,17.303719657790396
29.99999988234226,43.89014306693193,17.460456351953255
30.00000000093096,44.05030295284026,17.14949456533576
30.00000006354659,44.517905240162776,16.885042923918135
29.999999876366473,45.17003806269748,16.581613452176693
29.999999702063196,44.88149017491269,16.66052656944107
30.000000015345098,45.1111160411602,16.838859322556104
30.0000000534358,45.59429173084552,16.755224990945475
30.00000025837255,46.028370592112175,16.769897894797516
30.000000194778497,47.219646041917954,16.10074607286807
30.000000270627368,47.71225258114701,15.730373281430234
30.00000021226945,48.724463724979245,14.759271087291395
29.99999976786104,49.508074710895905,13.966654644913653
29.999999912856712,49.60012349214399,13.619247242036463
30.00000009512843,50.910919763567996,13.269393552369218
29.999999827601357,52.043244908552175,12.362012106643665
30.00000018941088,59.4071141883029,7.793109544061839
29.999999748473307,58.98555405451878,7.895502096942078
29.99999996922929,59.1025972099113,7.181063038278945
29.999999703872987,58.03203376521317,9.111267474427994
29.99999998094998,55.708160305859785,9.888619825945218
30.000000189030157,51.929112874283796,12.03477458759184
30.00000026245545,50.463802724499075,13.413267613209626
30.000000255309494,49.55675900627202,13.950390342953199
29.999999918718856,48.68562758526539,14.618974661469126
29.999999968302934,48.75969446653706,14.836112793645425
29.999999741124988,47.54630921706786,15.79838448571681
29.999999735719786,46.79892205177477,16.31365156281975
29.999999721775986,46.077667479444585,16.712009821471717
30.00000003000399,45.59060017130801,16.8940007199303
29.999999831915417,44.97583303879574,17.281753366123827
30.000000200267326,44.59319806025533,17.44457477411223
30.000000019542526,44.560750540636434,17.02316823139456
29.999999986400926,44.56347048929826,16.915648872755128
30.00000001960268,44.659340010075304,17.351220806584074
29.99999988679159,46.05572302277456,16.535246838674432
30.000000265660123,41.80413694910466,18.86292073211037
29.999999776981145,41.06382691980755,19.173826186300094
30.00000001057592,40.39518480762846,19.62397532739773
30.000000080892576,40.3111839745253,19.39355400576817
29.99999979106099,40.53595314678943,19.18343170914416
30.00000019564553,41.171719228422916,19.087468266248187
30.000000060956772,42.69348502340071,17.983809173913144
30.000000272733107,43.42313089910351,17.65886022159709
29.999999907573944,43.802997574441946,17.55004472338937
30.000000036121858,43.77687877300779,17.818312207255733
30.00000018240904,43.83856266803954,17.957420539619665
29.999999863325385,43.998471771235806,17.518564265421084
30.00000027944317,44.13869316611135,17.145455061921897
30.000000216229253,43.95123259807795,17.067340126711326
30.00000010549947,43.283139199041095,17.858796118554828
29.999999851247946,43.08705579179558,17.646205931325046
29.99999996709577,42.83786650849539,17.883304750475418
29.999999800682808,41.54656347853715,19.081941236278283
30.00000010829666,41.26131141123805,19.440998573182394
30.000000020643785,40.45533765928667,20.293987218450138
29.999999871877158,40.546581986043314,20.41692738549087
29.999999707469318,39.92746134796943,21.19648307316108
30.000000055280815,39.44510798087824,21.65307288526252
30.00000018802662,39.264650759433295,21.51209724899362
30.000000005368985,39.02076123356808,21.54824211866228
30.000000021506256,39.57541875060563,21.80079470585054
30.000000298001012,38.15909139666217,22.26247665056611
29.999999813030822,38.77294998527624,22.249225448817523
30.000000195202805,38.762307580998716,22.114197033241286
29.9999999361706,38.702654201085615,22.044009991700307
29.99999992708374,38.156515444270255,22.28882913136696
30.000000192939467,38.37064043431444,22.052227317078064
29.999999771305447,38.03182082676431,22.308438737021106
29.99999993125132,37.47406071044646,22.580617133515084
30.000000101005,37.716684765990564,22.201061610575913
29.99999995121197,37.03255391726901,22.586960249259963
30.00000029672147,38.151048525728314,21.778971870838525
30.000000084521968,38.89527210868561,21.216237453526436
30.000000243795586,39.43816512107172,21.181347484398078
29.999999860065007,38.960621562640306,21.605279802285615
30.000000077571066,39.967121723860046,21.10397281041325
29.99999986408761,40.173254387817146,20.601162718265098
30.00000016405774,39.86997039502279,20.78305663921604
29.99999996773711,40.616593941452,20.329929834527693
30.000000017029002,41.62340050302541,19.931335430264586
30.000000108926862,41.66008530465318,19.787280632111127
30.000000075434443,41.821675548784704,19.512094086275273
29.999999919783512,42.41308300402426,19.303037732159297
29.99999998256963,42.79033254911002,19.030099852973
30.000000021402737,42.71613773769482,18.9725096362594
29.999999813833103,43.29138936369994,18.479378512816663
30.000000188528517,43.844961599679664,17.902572321286602
29.99999993115519,43.774242059035245,17.78975940162349
30.000000069474467,43.76272898432699,17.635055079905758
29.999999928981612,42.43633346865031,18.177622991071114
29.99999996810605,41.09469166813209,18.340081874183916
30.00000006643354,41.81701952320124,18.770211488787982
29.99999977980456,41.329325304797415,18.128648366992543
30.00000027674119,40.69962182857433,18.149650852295334
30.000000028455847,41.0888574773011,18.56559683397423
29.99999978532475,41.509994220520845,17.837435901107067
30.00000010437577,40.312085953957286,18.923656591786653
29.999999996867285,40.297744856968166,19.87265578576459
30.00000016420769,40.26540611389879,20.371643097645524
29.99999984379182,41.54507588033669,19.47824338388235
30.000000107748292,41.17350375670003,19.99421087418098
29.999999881788664,41.27384867043533,20.31845048889707
29.999999797980884,39.59780827552131,20.777815177032878
29.999999896817197,40.5612172667693,20.41066903782786
30.000000204406355,40.567825054311655,20.948866357100517
30.00000004484279,38.62631429846654,21.980596573181714
29.999999772570195,42.06758375035301,19.00430790388786
