seed,k,standard  ρ=30,smooth  γ=0.7,sharp  γ=1.5,standard  ρ=51  (matched)
191664964,1,0.3637813785576358,0.2277306691293762,0.5011753840987323,0.27075812274368233
191664964,2,0.4143648728066493,0.2939089916883553,0.5098648308286458,0.33143732684073546
191664964,3,0.4335628130859429,0.33144432317465644,0.503861976324406,0.36478885064226346
191664964,4,0.4429099152044329,0.35569011837796993,0.4934934094534464,0.3834900512131643
191664964,5,0.44792208882545553,0.3735538577785241,0.4833431282008228,0.39597011166148943
191664964,6,0.45171829961100385,0.3878627599138052,0.47645733635574955,0.4074734838944393
191664964,7,0.45383019297887905,0.3982213320220204,0.47165885076220054,0.4164757666982501
191664964,8,0.4570565023927462,0.40855091931827725,0.46826462933422885,0.42388863235664515
191664964,9,0.45766751555518237,0.4168089254563942,0.4648784037164525,0.42959822386402857
191664964,10,0.45950381999832085,0.4237637477961548,0.4620266980102426,0.435097808748216
191664964,11,0.46162447241281923,0.4302707199609222,0.4603651323070347,0.44023858770731406
191664964,12,0.4634266644278398,0.4363543503204321,0.45936529258668457,0.4454390899168836
191664964,13,0.4649871159819947,0.4423512848498157,0.4590262394812811,0.449997739645964
191664964,14,0.4661687275867445,0.4474945128752534,0.45835182364441035,0.4536742746800677
191664964,15,0.4681918674614502,0.45221783785296504,0.45809755688019477,0.45781210645621695
191664964,16,0.46989127697086724,0.4570302661405424,0.4581899084879523,0.46156651414658717
191664964,17,0.4712500061732358,0.46110614508585734,0.45809607530359975,0.46446932395659973
191664964,18,0.4728705491655706,0.46490172482952274,0.45847209395610033,0.4676116381682665
191664964,19,0.4743978365862604,0.4685297535670256,0.45876213495707197,0.47040329814545595
191664964,20,0.4761543950969692,0.47203845185123,0.4595122155990261,0.473369154563009
191664964,21,0.4780115219624917,0.47539489307602817,0.46033678352543267,0.4764063630657535
191664964,22,0.47952236664351516,0.47858358583738475,0.461267659382847,0.47903961960296443
191664964,23,0.48119750468146,0.4817924972531784,0.461986180111187,0.4815771318437834
191664964,24,0.48311084991464476,0.4847917191391711,0.46286171046371705,0.48418828533848257
191664964,25,0.48454537822181176,0.4876651834438754,0.46367223574846783,0.48664763663840155
191664964,26,0.4861440297591755,0.4902126670240179,0.46457056502392746,0.48903728292528553
191664964,27,0.48780150312347437,0.4926833894594788,0.46563711726166607,0.49119861192735004
191664964,28,0.48943353682670276,0.4951395468774362,0.46671144320376123,0.49337197308610287
191664964,29,0.49121067457204154,0.4976564693893503,0.4679027499934862,0.49554164652205
191664964,30,0.4927364061231914,0.4998586740547952,0.46872358883944815,0.4973833711135365
191664964,31,0.4944047383687077,0.5023412892934425,0.4697284429410601,0.49958834473961444
191664964,32,0.4959320690957938,0.5046031504491646,0.4707347724792209,0.5015676160691798
191664964,33,0.49747623154557924,0.5067101202606198,0.47195233334096565,0.5036444539424977
191664964,34,0.4988085654881549,0.5088129114461669,0.4729562885518577,0.5055336885824769
191664964,35,0.500308238483035,0.5107583626179881,0.47409117622365876,0.5072130203773223
191664964,36,0.5016907806975811,0.512707674511889,0.4753845651545257,0.5088795138014348
191664964,37,0.503115448586022,0.5145924616581992,0.4765671977073203,0.5107565797684176
191664964,38,0.5046363600210332,0.5167436999854181,0.4778444516126182,0.5127281725428506
191664964,39,0.5062956241698581,0.5187943056300037,0.47917891025102843,0.514584665327676
191664964,40,0.507792166904542,0.5207014524389221,0.4804728822097221,0.5162769708672655
191664964,41,0.5093928342524128,0.5227346723975174,0.4819187428714184,0.5180679470299027
191664964,42,0.5106973945652479,0.5245911142561297,0.48328675773894486,0.5195707449296569
191664964,43,0.5121453102760201,0.5263299705372989,0.484675100015034,0.5212203688987901
191664964,44,0.513604689324612,0.5280126849894291,0.48594977141068985,0.522899000923516
191664964,45,0.5150318566404537,0.5297372176979263,0.4873487625817405,0.5245869830875288
191664964,46,0.5165411585198921,0.5315017539504951,0.48875263275087333,0.5263612736491297
191664964,47,0.5179049582274207,0.5329732751952869,0.48995564622010407,0.527845706722018
191664964,48,0.5192460400750006,0.5345032952732768,0.4912353426804355,0.5292761592925308
191664964,49,0.5205520878488243,0.5361507712815629,0.4927018242440961,0.5307424623782852
191664964,50,0.5219108387205105,0.5377844009738896,0.4940047015363949,0.5321627067416673
191664964,51,0.5232335903045627,0.539419814605382,0.49528776332966234,0.5337544303255681
191664964,52,0.5246225208759842,0.5410278475617238,0.4966716286819553,0.535278475617238
191664964,53,0.5259622071242216,0.5425094608915494,0.49794783005403287,0.5367347132743951
191664964,54,0.52739142467125,0.5441025569268371,0.4992506149000146,0.538227191174047
191664964,55,0.528807595728929,0.5457522076613672,0.500560978774395,0.5398165179627693
191664964,56,0.5302788838648549,0.5472042649651583,0.5017983076867721,0.5411774230303321
191664964,57,0.5315696680202732,0.5486996392837522,0.5030864879434755,0.5426430234767508
191664964,58,0.5329310200075851,0.5500674543091144,0.5042701762207638,0.5440602572527857
191664964,59,0.5343123931873258,0.5514757046968405,0.5055147712768001,0.545515539687712
191664964,60,0.5356337279265664,0.5528775921417177,0.5066863963283239,0.5468943273724568
191664964,61,0.5368890308035966,0.5542507201636179,0.5078863593509788,0.5482017586718985
191664964,62,0.538011082192931,0.5555863243789286,0.5090476138890317,0.5495469083877467
191664964,63,0.5391788036402257,0.5569941350732217,0.5101806653313663,0.5508460233504311
191664964,64,0.5404228496767693,0.5582575980186383,0.5114180169591134,0.5520848637813786
191664964,65,0.5415847019238843,0.559562912110977,0.5124455093223459,0.5532875234915366
191664964,66,0.5427323355289101,0.5607440791934117,0.5135741598675021,0.5544715478180342
191664964,67,0.5438688932969273,0.5620134154180821,0.5147549549707595,0.5557731032521048
191664964,68,0.5449689362773906,0.5632324544291732,0.5158584254791666,0.5569382231945754
191664964,69,0.5461545106885731,0.5644849055616596,0.5170053500661306,0.5581291924770551
191664964,70,0.5474933135037241,0.5657987214699498,0.518304808280461,0.5595248090000841
191664964,71,0.548653688565783,0.5669017040704474,0.519430494477232,0.5606245144445718
191664964,72,0.5497736685976548,0.5680924029142064,0.5204963432494705,0.5618021156913777
191664964,73,0.5508336371467378,0.5692171274854716,0.5216336228857176,0.5629497540549027
191664964,74,0.5519534520667927,0.5703296067455249,0.5228768773811172,0.5641106222501572
191664964,75,0.5529616880754484,0.5713698821817368,0.5239291411300478,0.5651241149637589
191664964,76,0.5539456009261673,0.5724722613771436,0.5249095263555581,0.5662004162450455
191664964,77,0.5549933652947674,0.5734893097834917,0.5259369544903926,0.5672340420892179
191664964,78,0.5560740018384214,0.5745340979788129,0.5268842203608386,0.5683342697657198
191664964,79,0.5570890220613005,0.5756273586058627,0.5278595787959007,0.5693790124860649
191664964,80,0.5580912601796658,0.576595688859038,0.5288656493997146,0.570354084459743
191664964,81,0.5590822260987094,0.5776116278033273,0.5298608714218934,0.5713957737997142
191664964,82,0.5600009009912953,0.5786672905348816,0.5308579280067001,0.5723373147592613
191664964,83,0.5608802433308079,0.5796889177059172,0.5317621758969384,0.5733133187607284
191664964,84,0.5618700800780391,0.5807062099459883,0.5327813225869644,0.5743960164873607
191664964,85,0.5628311941013497,0.5817894482114901,0.5336925333478199,0.575408791675515
191664964,86,0.5637123589099777,0.582737668717406,0.5345635166242657,0.5763496904366299
191664964,87,0.5646316502566449,0.5836274206109103,0.5354289524702849,0.5772337364186684
191664964,88,0.5655248013677198,0.5846224078582822,0.536254207340808,0.5782021584326176
191664964,89,0.566483252663245,0.5855907908750196,0.5372085476648438,0.5791657980207134
191664964,90,0.5674796406682898,0.5865759008945979,0.5379784326346329,0.5800721088816126
191664964,91,0.5682880632087248,0.587428187629682,0.5388153530626874,0.5809972497488239
191664964,92,0.5690775424981658,0.5882852168072625,0.5396641942230966,0.581858475723938
191664964,93,0.5698811887087296,0.5891730152754796,0.540554362417319,0.5827548944997983
191664964,94,0.5707851851587215,0.5900517490537086,0.5413992429668981,0.5836313473867353
191664964,95,0.571674126967995,0.5909513099346468,0.5421388455607157,0.5845008373507019
191664964,96,0.5724754603587721,0.5917363676433549,0.5429859128816501,0.5853312239386562
191664964,97,0.5732369022137555,0.592558468434705,0.5438648498702144,0.5861704549290399
191664964,98,0.5740817525902142,0.5933989161108151,0.5447215658994687,0.5870015540428245
191664964,99,0.5748972386954083,0.5942414659566871,0.5455156043687653,0.5877806695957984
191664964,100,0.5757425908823777,0.5949899252791537,0.5463504323734363,0.5885958357820502
191664964,101,0.5765662159365126,0.5958366132978002,0.547123841760383,0.5894908691607974
191664964,102,0.5773909765400577,0.5966210176455772,0.5478812631592809,0.5903082667035414
191664964,103,0.5781785295961227,0.597428908417038,0.5487026351589825,0.5911419891704902
191664964,104,0.5789751554800668,0.5982345827709358,0.5494783425792577,0.5919015551235769
191664964,105,0.5798193746476846,0.5990233117846249,0.5502964446629965,0.59274780015272
191664964,106,0.5806496452462683,0.599814979969364,0.5510955466882522,0.5936204523169483
191664964,107,0.5814879358356408,0.6006828683452113,0.5518836354049542,0.5944414846246736
191664964,108,0.5822986532834572,0.6015020351558006,0.5526019365852295,0.5952504221121465
191664964,109,0.5830317207361325,0.6022888410142809,0.5533806157133294,0.5960868798327658
191664964,110,0.583775883255356,0.6030609596934843,0.5540722479602507,0.5968623350455271
191664964,111,0.5846382441546576,0.6038199226848374,0.5548588215450779,0.5976699560781502
191664964,112,0.5854308592297637,0.6046020635187163,0.555641468870312,0.598468777360663
191664964,113,0.5862822571238158,0.6053231823338729,0.5564240090405017,0.5992902374023268
191664964,114,0.5870222424502192,0.6061321762133484,0.5571228570965656,0.6000391058243376
191664964,115,0.5878880683912934,0.6068913280745237,0.5578672253999774,0.6008811730479316
191664964,116,0.5886868556738338,0.6076330485584174,0.5586222819242717,0.6016844759552891
191664964,117,0.5894231935286423,0.6084001214133026,0.5593561794132695,0.6024109007905499
191664964,118,0.5901861831180123,0.6091513470670182,0.5601125010494501,0.6031886918373416
191664964,119,0.5909797383817939,0.6098948856681452,0.5608487035146525,0.6039738706329648
191664964,120,0.59177091204209,0.6106788542803571,0.5615502476702208,0.6047886407522459
191664964,121,0.5926277605741204,0.6114890673320238,0.5622842556120426,0.6056444109237172
191664964,122,0.5932696185231725,0.6121394192721703,0.5629109199238616,0.6063877446250951
191664964,123,0.5939925040254517,0.6129146863628825,0.5636451377526956,0.6071428815203274
191664964,124,0.5947044071487186,0.6136016179135036,0.5643059004823407,0.6078631571250213
191664964,125,0.595423725967593,0.6143030811854587,0.5649510536478884,0.6086427671899924
191664964,126,0.5962325741311553,0.6150910256359001,0.5656789175805211,0.6094356557164046
191664964,127,0.5969394399539366,0.6158387965336085,0.5663311952096156,0.6101608583873703
191664964,128,0.5977011795818991,0.6164440302031735,0.5670159149105869,0.6108288163252455
191664964,129,0.5983036981644874,0.617139456134288,0.5676057373843083,0.6114939027763405
191664964,130,0.5990044755009912,0.6177893091712251,0.568240088347552,0.6122007452710164
191664964,131,0.5997115374139371,0.6184004009380001,0.5688718043043155,0.6128810945812486
191664964,132,0.6004209248899032,0.6191634674339738,0.5695324286437543,0.6136350915756507
191664964,133,0.6011085980419945,0.6198386782168249,0.57017933129356,0.6143430316198523
191664964,134,0.6017587530402726,0.6205313788709046,0.5707824323934855,0.6150347665584428
191664964,135,0.6023678703470492,0.6211031197430325,0.5713122323902275,0.6156329194613134
191664964,136,0.6030066127702025,0.6217220117834724,0.5719181972175992,0.6163182698148523
191664964,137,0.6035771999997548,0.6222525090283348,0.5724745634747247,0.6169329461143382
191664964,138,0.6041592900972065,0.6227996529818376,0.5730593690645233,0.6175095119722483
191664964,139,0.6047873648021387,0.6233730503633362,0.5736550881870273,0.6181267059226433
191664964,140,0.6053719850798183,0.6238902814924979,0.5742204085059428,0.6186925051273133
191664964,141,0.605978382221333,0.6243698089435179,0.5747220371418994,0.6192624851811693
191664964,142,0.6065762385580379,0.6249336333676646,0.5752340421506454,0.6198161599941349
191664964,143,0.6070882354149922,0.6254270454589487,0.5757268505988178,0.6203162969177577
191664964,144,0.6076161508036455,0.6259433390236849,0.5762632463922238,0.6208211480517543
191664964,145,0.6081857106875997,0.6264884097284746,0.5767789264632229,0.6213815684719138
191664964,146,0.6086868015406502,0.6269023798652794,0.5772260130212317,0.6218331046586384
191664964,147,0.6091916407231182,0.6273958160209763,0.5777012845269079,0.6223070539608674
191664964,148,0.6097347557447464,0.6279157694341139,0.5782089914614472,0.6228506127653974
191664964,149,0.6102531132746843,0.6284431119167382,0.5787076296852663,0.623379550457842
191664964,150,0.6107502868496908,0.6289295609100831,0.5791803095178126,0.6238762488456049
191664964,151,0.6113073173498147,0.6294420928731358,0.5797151166960698,0.6244383704528231
191664964,152,0.6118365818416414,0.6299636227458916,0.5802221741070838,0.6249574696543222
191664964,153,0.6123888337413156,0.6304698298875703,0.5807088850148404,0.6255007866074255
191664964,154,0.6128769433907542,0.6309397512067313,0.5811966347815563,0.6260662140311204
191664964,155,0.6134104825845451,0.6314417954669173,0.5816780910028951,0.626572888709542
191664964,156,0.6138812108608935,0.6319462832245135,0.5821291566296184,0.6270803329824403
191664964,157,0.6144547645568754,0.6324809748736248,0.582588112364153,0.6276010988076642
191664964,158,0.6149804084937973,0.6329926915764493,0.5830524172422258,0.6281508742583444
191664964,159,0.6155155453259473,0.6335000836919945,0.5835510117226875,0.6286773655133012
191664964,160,0.616047928385526,0.6340698723868693,0.584020023507682,0.6292274473176055
191664964,161,0.6166135901309453,0.634592690821314,0.5844871200534398,0.6297918151758044
191664964,162,0.6171020459353372,0.6351059452254426,0.5849730667056388,0.630328226527818
191664964,163,0.6175976426389381,0.6356105842256449,0.5854337357899307,0.6308235466210796
191664964,164,0.6181378762406549,0.6361379929599816,0.5858931383369749,0.6313862877315701
191664964,165,0.6186756321505713,0.636677835359726,0.586392766553962,0.6319612886483846
191664964,166,0.6192187944119691,0.6371800694508367,0.5868883981901917,0.6324719581878854
191664964,167,0.6196961295275287,0.637679807876481,0.5873459193610093,0.6330056702982247
191664964,168,0.6201920193818439,0.638204580799661,0.5877914972554381,0.6335525184803164
191664964,169,0.6206527306318708,0.6387082399591845,0.5882243503220881,0.6340471912244611
191664964,170,0.6211722234019962,0.6392454824260323,0.5886851995436744,0.6345676512566238
191664964,171,0.6217325279448307,0.639730781070719,0.5891482687633084,0.6351271933506842
191664964,172,0.6222526372924774,0.6402272767209517,0.5896059534571326,0.6356946285727674
191664964,173,0.6227155352098391,0.6406680471687171,0.5900527661077849,0.6361620845936845
191664964,174,0.6232018215558496,0.6412053187577985,0.5904449861376087,0.6367218749788903
191664964,175,0.623652566055387,0.6416714441632584,0.5908475958597695,0.6371884332609713
191664964,176,0.6241291949382161,0.6421911850008777,0.5913198075117729,0.6377207661367261
191664964,177,0.6245774332893631,0.642644339112068,0.5917271553096007,0.6381792550872835
191664964,178,0.6250305401767227,0.6430641018263733,0.5921728474953282,0.6386179709248084
191664964,179,0.6254476285711204,0.6434955904335179,0.5925753341003505,0.6390613999828336
191664964,180,0.6258477224600976,0.6438856705752852,0.5929236746611442,0.6394698178154647
191664964,181,0.626265891921252,0.6443004307731699,0.5932700215363392,0.6398734908211964
191664964,182,0.6266993018735106,0.6447166300243288,0.5936543097570719,0.6402891038941748
191664964,183,0.627103201201259,0.6451608537454243,0.594029580958594,0.6407453641832663
191664964,184,0.6275047635908348,0.6455630619120798,0.5943925600376707,0.6411603906509511
191664964,185,0.6278979004190993,0.6459876970413448,0.5947166711670112,0.6415557275014919
191664964,186,0.6283244998975376,0.6464028010612761,0.595089656890757,0.6419560666339871
191664964,187,0.6287180276893196,0.6467842828967247,0.5954440621777289,0.642345389625462
191664964,188,0.6291174169416077,0.647182472129285,0.5958444902530649,0.6427486571504617
191664964,189,0.6295099145825366,0.6475597897812656,0.5962380157242049,0.643146102553373
191664964,190,0.6298331042954545,0.6479103791718402,0.5965951420403077,0.643469327335634
191664964,191,0.6301832394798947,0.6482735611984347,0.5969806167118168,0.6438260906258942
191664964,192,0.6305303833291356,0.6486244332969524,0.5973043562673159,0.644159241807293
191664964,193,0.6308469595092793,0.6489649268342974,0.5976310485844278,0.6445272211040172
191664964,194,0.6312048465985267,0.6493140274908319,0.597985964632883,0.6448983310065113
191664964,195,0.6315405496750471,0.6496817206245467,0.5983262616542778,0.6452664957408472
191664964,196,0.6318869626601376,0.6500400932768372,0.5986712248496073,0.6456510359999931
191664964,197,0.6322601170184793,0.6504022856490205,0.5990410263600553,0.646018674032066
191664964,198,0.632669572053335,0.6507832925849885,0.5994302016046621,0.6463645776885638
191664964,199,0.6329917997341253,0.6511385320524207,0.5997912068950242,0.6467019422526114
191664964,200,0.6333643270926035,0.6514900092351608,0.6001389471916716,0.6470588111829402
1662057958,1,0.3623121484342205,0.22630341700948703,0.5002098900176307,0.2751658131139283
1662057958,2,0.41658970699353537,0.29430778272185376,0.508269666694652,0.3348375451263538
1662057958,3,0.4354238379089357,0.33187809587776007,0.5028964822433045,0.3686368342988274
1662057958,4,0.44400134329611285,0.3563407774326253,0.4931365964234741,0.38711065401729494
1662057958,5,0.4489211653093779,0.37317605574678864,0.48392242464948365,0.3997901099823692
1662057958,6,0.45242492933702744,0.38778580024067383,0.4771849550835362,0.41064282316066386
1662057958,7,0.45493361478585226,0.3977895582714657,0.47188073449512447,0.4192223275003898
1662057958,8,0.45799576022164384,0.40814163378389723,0.46858471161111576,0.4262446478045504
1662057958,9,0.4590527896715454,0.4165523932126233,0.4641927629921921,0.4323827647645967
1662057958,10,0.4608806985139786,0.4234573083704139,0.46175803878767524,0.43793552178658385
1662057958,11,0.4626930034116668,0.43001503575762656,0.46025446302501116,0.44295570939009765
1662057958,12,0.46470699353538747,0.43637883748915574,0.45930232558139533,0.4474785212548624
1662057958,13,0.4660010462210109,0.4424287827024793,0.45881312038645605,0.45151863500448847
1662057958,14,0.46731412739724376,0.447167684133514,0.45831284406970746,0.45548232726051546
1662057958,15,0.4693420647580667,0.45223183052080707,0.45782889765762746,0.4592449556432429
1662057958,16,0.4709013726807153,0.4569358156326085,0.45775963395180924,0.4626002224834187
1662057958,17,0.47202289529698205,0.46110367579153233,0.45759974714426116,0.4656200151120813
1662057958,18,0.4735771788915942,0.4650766331775483,0.45798701480424264,0.46856780380414
1662057958,19,0.4750849502229253,0.46837730713316744,0.4583047956554976,0.47166926635706047
1662057958,20,0.476794559650743,0.47190832004029887,0.45885525984384185,0.47448576945680465
1662057958,21,0.4785652318185271,0.475322930784269,0.4593453030611959,0.4775097848727267
1662057958,22,0.4799383304966379,0.4785320673785119,0.4599968707306462,0.480056632142939
1662057958,23,0.48166656324259993,0.48158808262731206,0.4608217467959832,0.4827543410731038
1662057958,24,0.48333473260011756,0.4845958217893823,0.4616286066101363,0.4851852629222288
1662057958,25,0.4848996725715725,0.487320963814961,0.46248845604903027,0.48770212408697844
1662057958,26,0.48653313356109085,0.4898510103782541,0.46359215463404874,0.48995756992566664
1662057958,27,0.48832700553798697,0.49238332447131034,0.4648053308954996,0.4919573254725635
1662057958,28,0.4896224378425705,0.49497763172097814,0.46577893183971597,0.4939791549228204
1662057958,29,0.49127002278392334,0.49750013751414945,0.46681711197125814,0.4961452612624088
1662057958,30,0.49270562225393894,0.4994906668905494,0.46757339154283156,0.4979374807600817
1662057958,31,0.49424224287118707,0.5020325478481533,0.46877513602227266,0.5002356184714047
1662057958,32,0.49566970657375536,0.5042738854840064,0.4700657480480228,0.5022392641255982
1662057958,33,0.4969890322925332,0.5062610828289613,0.47134428832019293,0.5042792122382417
1662057958,34,0.4985566974669979,0.5084141204126684,0.4723377303234282,0.5060707600981791
1662057958,35,0.49969655900308246,0.5102474303464983,0.4734507118270026,0.507810307398923
1662057958,36,0.5010762693681844,0.5121386393529791,0.4747735519920894,0.5096794279797386
1662057958,37,0.5025402364836501,0.5141080128066948,0.4760373672303821,0.511406671552755
1662057958,38,0.5038597669557994,0.5162355452058911,0.4772236190341524,0.5133180739608235
1662057958,39,0.5054980421028612,0.5182625842520058,0.47862566169173504,0.5150948595243785
1662057958,40,0.507000881538074,0.5201651834438754,0.4800541516245487,0.5168016959113425
1662057958,41,0.508423244756333,0.5221551711781076,0.48151124908109133,0.5186433528343344
1662057958,42,0.5097598858198304,0.523872490814813,0.48285998136976227,0.5202054123639214
1662057958,43,0.5111720063337973,0.5255294597723815,0.48416257787895883,0.5218090371807963
1662057958,44,0.5124703291838713,0.5272685294723747,0.4853868845452256,0.5234351745140091
1662057958,45,0.5139469584604334,0.528898590471926,0.4867685332885568,0.525127100066232
1662057958,46,0.5153849382923348,0.5307023467529102,0.4882306454026785,0.5268066055126245
1662057958,47,0.5167009933603302,0.5323552160795403,0.4895385456318761,0.5283664125955446
1662057958,48,0.517829282455993,0.5338622561777628,0.49078145551730895,0.5297317955391375
1662057958,49,0.5191933712448962,0.5354988271859831,0.49212355582817463,0.5312153574384165
1662057958,50,0.5205834942490135,0.5371505331206448,0.4934917303333054,0.5326664427839812
1662057958,51,0.5219520265498525,0.5386461023835275,0.49471900253678835,0.534112478002703
1662057958,52,0.5232243304508437,0.540230265494727,0.4960508385913474,0.5356998701910968
1662057958,53,0.5246038622931396,0.5417815781511621,0.49735538577785243,0.537238449316709
1662057958,54,0.5259307456226271,0.5433943724599422,0.49868702133415427,0.5387519162181239
1662057958,55,0.5272902817105655,0.5450271330550063,0.49998320879858954,0.5401615008281115
1662057958,56,0.5287384410568862,0.546438166400806,0.5013013181093107,0.5415409825251568
1662057958,57,0.5300459401378941,0.5479005843043507,0.5025326728794112,0.5429582267312981
1662057958,58,0.5314046129483324,0.5492879662091548,0.5037657164197685,0.544445296871336
1662057958,59,0.5326432339284723,0.5506539319159472,0.5050352259483827,0.5458912072446919
1662057958,60,0.5339895894551255,0.5520968012761313,0.5063036968628439,0.5473336971426972
1662057958,61,0.5351541693791798,0.5535109438719684,0.5074232249842066,0.5487068710421967
1662057958,62,0.5363069106626837,0.5548896249333092,0.5086142925623103,0.5500404884614656
1662057958,63,0.5374143948570949,0.5562638510753698,0.5097568873910071,0.5513684162832009
1662057958,64,0.538626322307111,0.5576154657459491,0.5109405171690035,0.552661405423558
1662057958,65,0.5397932098964758,0.558817641094528,0.5120276667334009,0.5537686559934902
1662057958,66,0.540919649013008,0.5601055047155291,0.5131524717411712,0.5548811513675925
1662057958,67,0.5419842688998129,0.5612922709097449,0.5142837988714808,0.5560443939316098
1662057958,68,0.5430891859724328,0.5624805543071902,0.5153466642302963,0.5571542864480189
1662057958,69,0.5443062617796971,0.563717133960935,0.5164718035575445,0.558296496114297
1662057958,70,0.5454855655636446,0.5650305240054211,0.5177435024047399,0.5596489439533685
1662057958,71,0.5465128103859492,0.5662702602990963,0.5188232915248184,0.5608160760381279
1662057958,72,0.5477797134301625,0.5674248360525751,0.5199506292036307,0.561984603401151
1662057958,73,0.5488807974210556,0.5685196025775644,0.5210022277093925,0.563099264752393
1662057958,74,0.5499447478710344,0.5696596605000601,0.5221836730526177,0.5642739961017184
1662057958,75,0.551050849354938,0.5707374135952762,0.5232138359499622,0.5653468782358044
1662057958,76,0.5520643235576137,0.5718514287986779,0.524192033900552,0.566397602393188
1662057958,77,0.5530869097320277,0.5728667269259998,0.5251851666090604,0.5674046799477074
1662057958,78,0.5540929629797063,0.5739501731861735,0.5262007323547077,0.5684257602862254
1662057958,79,0.5550570741437816,0.5750752681544238,0.5272107795262119,0.5695176993078411
1662057958,80,0.5561083242380992,0.5760935269918562,0.528199773318781,0.5705571530518009
1662057958,81,0.5570304863954992,0.5771249939105982,0.5291425811393349,0.5715792332225321
1662057958,82,0.5579946595788684,0.5780560498493911,0.5299984027881585,0.5725477167037644
1662057958,83,0.5588885640791694,0.5790187869267347,0.5308609132188228,0.5735201742238875
1662057958,84,0.5598606330282931,0.5800750406786843,0.5318193266728234,0.5745844177650912
1662057958,85,0.5607732842108383,0.581097058082741,0.5326791349568121,0.5756073229392503
1662057958,86,0.561660806016717,0.5819981724924976,0.5335501871437971,0.5764717195166477
1662057958,87,0.5625756930954388,0.5829017319062743,0.5344185853509312,0.5773939283401704
1662057958,88,0.5634540455346854,0.5838238717457507,0.5352042802298868,0.5783667312873508
1662057958,89,0.5643678442833033,0.5847875488524912,0.5360454268030967,0.5793874796123685
1662057958,90,0.5652972509071913,0.5856710417074786,0.5368277689157548,0.5803043871677908
1662057958,91,0.5661490302158592,0.5865023650683965,0.5376159815333689,0.5811896104902569
1662057958,92,0.5669585658853891,0.5873261106832195,0.5384404441637799,0.582033688260395
1662057958,93,0.567787705049006,0.5882522074561962,0.5393636315215987,0.5828727037355007
1662057958,94,0.5686402878083373,0.5891501151269075,0.5401836671626621,0.5837577279718192
1662057958,95,0.569454595265765,0.5900207238775304,0.5410288587727399,0.5846524000371174
1662057958,96,0.570258497047547,0.5908277187753617,0.5418205860129293,0.5854173663000588
1662057958,97,0.5710739531248512,0.5917132824461837,0.5426011821352004,0.5863206236633035
1662057958,98,0.5719121751630718,0.5925011008517251,0.5434339548933501,0.5871741778736514
1662057958,99,0.5726885172775525,0.593329398425528,0.5441969014297114,0.587973174783686
1662057958,100,0.5734044160859709,0.5941742926706407,0.5449773318780959,0.5887519939551675
1662057958,101,0.5741601697740086,0.5950178344171416,0.5457290082966822,0.5896583655511046
1662057958,102,0.5749097472924187,0.5957617032204535,0.546435902881008,0.5904712401289959
1662057958,103,0.575660256937986,0.5965009092517075,0.5471637133986451,0.5912923763870063
1662057958,104,0.5764459807676162,0.597296535845986,0.5478662257899938,0.5920456526933733
1662057958,105,0.5773122883608989,0.5981893487812386,0.5486473088101834,0.5929129136332562
1662057958,106,0.5780628497836944,0.599004725297529,0.5493788047515933,0.5937210411178505
1662057958,107,0.5788958921973484,0.5998079996735916,0.5500691656263708,0.5945838959824303
1662057958,108,0.5796439332456459,0.6005482016312341,0.550768119727485,0.5953475934166053
1662057958,109,0.5803674654297662,0.6013137189507194,0.551563237744156,0.5961350197450666
1662057958,110,0.5810850932293297,0.6020893597209608,0.5522721548454065,0.596874928446585
1662057958,111,0.5819081612046099,0.6028733376143334,0.5530488510506981,0.5977104213608286
1662057958,112,0.582679800784389,0.6036837946915817,0.553821047770968,0.59854561209926
1662057958,113,0.58346304412594,0.6044420157465806,0.5545398282096642,0.5993110406607114
1662057958,114,0.5841953553180239,0.605136119199855,0.5553056514176046,0.6001230618313899
1662057958,115,0.5849215011334061,0.6059455454037737,0.5559807704241239,0.6009165805813406
1662057958,116,0.5856296990032396,0.6067515104843683,0.5567462994218616,0.601674705213089
1662057958,117,0.5863652574256217,0.6074672768904991,0.5574747037680461,0.6024345806899749
1662057958,118,0.5870943964345734,0.6082047075129242,0.5582345190103437,0.6031492040543637
1662057958,119,0.5878726606081942,0.6089367994700189,0.5589893248878763,0.6039678737753182
1662057958,120,0.5886383035289507,0.6096927210141886,0.5597322503008423,0.6047295217306131
1662057958,121,0.5893611086633579,0.6104923499425144,0.5604226525796351,0.6055451901881099
1662057958,122,0.5900569249254375,0.611213150538626,0.5610951992303573,0.606283487780272
1662057958,123,0.5907718014297093,0.6118631885672395,0.5618097092733165,0.6070326466004984
1662057958,124,0.5914159045176457,0.612571802697967,0.5624697013603582,0.607768368084801
1662057958,125,0.5920910083116447,0.6132925866845773,0.5631322307111074,0.608486273192847
1662057958,126,0.592835021115602,0.6140145896883367,0.5638688660475244,0.6093250470087007
1662057958,127,0.5935580621895858,0.614766539498657,0.5645790267317248,0.6100435182987737
1662057958,128,0.5941930647090924,0.6154345903996306,0.5652315218075729,0.6107287906137184
1662057958,129,0.5948436042769403,0.6160450993446874,0.5658547014387716,0.6113712228745625
1662057958,130,0.5955451651027169,0.6167324322055243,0.5664837932615617,0.6120631865825384
1662057958,131,0.5962046116842408,0.6173993377088727,0.567139490662618,0.6127391384319196
1662057958,132,0.5968569287874973,0.6181206956645626,0.5677687164652995,0.6134859424570617
1662057958,133,0.5975051178445653,0.6187999593476177,0.5683228304158094,0.6142003695326808
1662057958,134,0.598163055096443,0.6194991585603173,0.5689313277454554,0.6148355276760351
1662057958,135,0.5987176497293196,0.6200446521578249,0.569487588503624,0.6153738996321483
1662057958,136,0.5992915594581381,0.6206991066093133,0.5701100564480682,0.6160364616000039
1662057958,137,0.5998319654223816,0.621223281919982,0.5706894258941162,0.616554837673818
1662057958,138,0.6004202058990654,0.6217955269699548,0.5712658740732899,0.6171514821885506
1662057958,139,0.6009797484822988,0.622374034279419,0.5718334240340076,0.6177096438876101
1662057958,140,0.6015390935149982,0.6228714153783417,0.5723460906485003,0.618254734519112
1662057958,141,0.6020738324607268,0.623379306690103,0.572858332871873,0.6188063837527858
1662057958,142,0.6026368098609286,0.6239152233525407,0.5733683859516768,0.6193777559150554
1662057958,143,0.6031314416420621,0.6243796502381004,0.5738413630698074,0.6199197075278009
1662057958,144,0.6037136540452803,0.6249119627981604,0.574369572010933,0.6204564641461208
1662057958,145,0.6042345672936348,0.6254522768000602,0.5748789151725875,0.6210396648707801
1662057958,146,0.6047417317709083,0.625916759344131,0.5753605795494667,0.6215467341688298
1662057958,147,0.6052528475079059,0.6264297508105752,0.5758168434026284,0.6220291995565752
1662057958,148,0.6057990342790107,0.6269695625438216,0.5763381339529438,0.6225893847839948
1662057958,149,0.6062945030226979,0.6274702928148872,0.5768662321614615,0.6231507844252029
1662057958,150,0.6067965186242409,0.627998488791873,0.577363221671844,0.6236602020541236
1662057958,151,0.60736583301873,0.6285321987967047,0.5779006105436513,0.6242379324359864
1662057958,152,0.607869384337344,0.6290318215360414,0.5783480771865016,0.6247555885978905
1662057958,153,0.6083932411573199,0.629532595508189,0.578846213995631,0.6252977557406977
1662057958,154,0.6088805829381768,0.630014599622525,0.5793138940649645,0.6258511449091584
1662057958,155,0.6093746360777921,0.6305437370172868,0.579772560468637,0.6263703109892996
1662057958,156,0.6098669297288221,0.6310249198650677,0.5802552154978483,0.6269048864548823
1662057958,157,0.6104214003327225,0.6315657474464272,0.5807624702744933,0.6274441492021239
1662057958,158,0.6109470662689206,0.6320343709516467,0.5813044850574248,0.6279858847634726
1662057958,159,0.6114819608110256,0.632512940577628,0.58179823206602,0.6284973089195601
1662057958,160,0.6119960015951641,0.6330516434388381,0.5823067962387709,0.6290679309042062
1662057958,161,0.6125432881865555,0.6335328114155139,0.5827827088171016,0.6296533659840505
1662057958,162,0.6130314752106933,0.634038874740747,0.5832553371662879,0.63016808821807
1662057958,163,0.6135512721395339,0.6345433643077776,0.583694095214353,0.6306695414302292
1662057958,164,0.614064218154565,0.6350063786088285,0.5841682007408606,0.6312027619478613
1662057958,165,0.6145783245942762,0.6354963453695718,0.5846492801408426,0.6317714971900179
1662057958,166,0.6151218929955402,0.6359986162431608,0.5851139424628241,0.6323240236573867
1662057958,167,0.6156461319657721,0.6364820522668876,0.5855381001911885,0.6328581188726569
1662057958,168,0.616127898980934,0.6369664795647081,0.5859564588155807,0.6334230863027773
1662057958,169,0.6166039646113011,0.6374225704547385,0.5864083669861135,0.6339575222346804
1662057958,170,0.6171164074730723,0.6379147797142533,0.5868937265108377,0.6345434521722382
1662057958,171,0.61766606228161,0.6384265171365993,0.5873535249985149,0.6351065725770223
1662057958,172,0.6181834555902009,0.6389515847184448,0.5878040720615886,0.635671443047564
1662057958,173,0.6186414850410293,0.6394006996980982,0.5882719766980831,0.6361793125604495
1662057958,174,0.6191215113625288,0.639890972992221,0.5886778086903152,0.6367650592468856
1662057958,175,0.6195643882605515,0.6403120764719287,0.5891015507873874,0.6372673519076003
1662057958,176,0.6200475496294487,0.6408037642820616,0.5895467138855603,0.6377715690614482
1662057958,177,0.6205143420102104,0.6412493412773741,0.589966213636258,0.6382999714929039
1662057958,178,0.6209393356532862,0.6416892042951517,0.5903887823454668,0.6387509798798013
1662057958,179,0.6213621604178852,0.6421382234815103,0.5907986561410535,0.6392110199060161
1662057958,180,0.6217147548018171,0.6424975979253539,0.591204908627879,0.6396671144320377
1662057958,181,0.6221385960607471,0.6429017051418647,0.5915748987309655,0.6400952088950694
1662057958,182,0.6225849962312056,0.6433576498222623,0.5919599668235384,0.6405465074762362
1662057958,183,0.6230054140155149,0.6437953069968385,0.5923717939013072,0.6410022787403662
1662057958,184,0.6234221746065931,0.6441682058601294,0.5927729847820612,0.6414574306541633
1662057958,185,0.6238235380876637,0.6445511416882419,0.5931421556725897,0.6418808868477242
1662057958,186,0.6242729454926909,0.6449669727901289,0.5935342138783793,0.6423550833556765
1662057958,187,0.6246827517995545,0.6453610714402765,0.5939059162945141,0.6427582107403529
1662057958,188,0.6250846258688106,0.6457784418836869,0.5943151958586466,0.6431695536219872
1662057958,189,0.6255462137839771,0.6461232092161485,0.5946888274988349,0.6435756552455402
1662057958,190,0.625914789071579,0.6464603705553027,0.5950191994131917,0.6439125266781259
1662057958,191,0.6263045598661275,0.6468021332737875,0.5953472108363909,0.6442964200894856
1662057958,192,0.6266570379621079,0.6471101642739205,0.5956431642319424,0.6446498597235049
1662057958,193,0.6270339212718857,0.6474206583107964,0.5959504059251192,0.6450096418906545
1662057958,194,0.6273727309158043,0.6477915675278937,0.5962986219963008,0.6453596562823761
1662057958,195,0.6277758762100968,0.6481272428632012,0.5966471415132316,0.6457222261688721
1662057958,196,0.6281138683329934,0.6484719150022531,0.5969921047085612,0.6460965168537401
1662057958,197,0.6284503468405905,0.648802646702468,0.5973348442573452,0.646417784695033
1662057958,198,0.6288324009128308,0.6491486945688943,0.5977279723606648,0.6467748172684787
1662057958,199,0.6291960600584993,0.6494762874906815,0.598072007253124,0.6470837522344322
1662057958,200,0.6295292166904543,0.6497980858030393,0.5984176391570817,0.6474368231046932
1405681632,1,0.3605910502896482,0.2295777012845269,0.4979430778272185,0.27571152715976827
1405681632,2,0.4148895978507262,0.29563008983292755,0.5097808748215935,0.33689446729913525
1405681632,3,0.43503204320935823,0.3329975093051241,0.5024067388688328,0.3685388856239331
1405681632,4,0.44455755184283435,0.3564247334396776,0.4936718159684325,0.3876248845604903
1405681632,5,0.44910586852489304,0.37343631936865085,0.48458567710519684,0.39989085719083206
1405681632,6,0.4533694344163659,0.38797470125654154,0.47768869112585005,0.41060784149105867
1405681632,7,0.4555452942658047,0.3980894011537954,0.4719466999292371,0.4187965506074816
1405681632,8,0.4581951557383931,0.4089444631013349,0.46845877760053733,0.4260662412895643
1405681632,9,0.4588662207669848,0.4171540779298314,0.46495303127827686,0.4320282838459314
1405681632,10,0.46018386365544456,0.42416673663000587,0.4627906976744186,0.4371127529174713
1405681632,11,0.4624258706619549,0.4307172132711549,0.46111310400622796,0.4424519733477839
1405681632,12,0.46462303752833517,0.43690356253323254,0.4601278929840763,0.4468663420367727
1405681632,13,0.46639499363871795,0.44281950104299195,0.45952351736920627,0.4509147975691507
1405681632,14,0.46761996713722,0.4477613730405267,0.45878359739496505,0.4549456085011454
1405681632,15,0.4694987826378978,0.45284191083872055,0.4584389779755408,0.4589455125514231
1405681632,16,0.47104042481739566,0.45724540340861386,0.4587356225337923,0.46235884896314333
1405681632,17,0.47248712263009474,0.4611481230893835,0.45860721922888875,0.46551136616177824
1405681632,18,0.4741228929374341,0.46490638905213666,0.4589548409966511,0.4683928954561143
1405681632,19,0.47559089563384577,0.46868661873809697,0.45916203067487377,0.47136658285795086
1405681632,20,0.47759214171773995,0.47197548484594076,0.45969481991436484,0.47410376962471656
1405681632,21,0.4790349856675102,0.47546085851014064,0.46021484741995194,0.4769380844437514
1405681632,22,0.4805870814602239,0.47860075865700913,0.46100625090634323,0.47964066828981616
1405681632,23,0.4823436866907827,0.4817961475143546,0.46169415921709195,0.482077217624921
1405681632,24,0.48401162790697677,0.4847147594660398,0.46240345059188986,0.4845625892032575
1405681632,25,0.4854168415750148,0.4877491394509278,0.46317521618671814,0.48700193098816225
1405681632,26,0.48706270222095926,0.49020943794682353,0.4639699566657841,0.48910024993057477
1405681632,27,0.4887141360149504,0.4927424696125896,0.46502143987661576,0.491464472616349
1405681632,28,0.49025210789546275,0.49511256101802653,0.4659168595655876,0.4936643198963743
1405681632,29,0.49197351622232705,0.4976029112469204,0.4670921402702226,0.49578482943902913
1405681632,30,0.4935241933226989,0.49967117230571184,0.46813869532365043,0.4975960596647357
1405681632,31,0.4951386763658423,0.5022180635411561,0.46931543355152866,0.49967094661752076
1405681632,32,0.496711285786248,0.504407690370246,0.4704776572076232,0.5016830555788767
1405681632,33,0.4981160780841748,0.5065371200036635,0.47169410501624415,0.5036101083032491
1405681632,34,0.4995802199647385,0.5085252386572966,0.4727636835945024,0.5054040506304108
1405681632,35,0.500922316706046,0.5104525228780119,0.4736941842474543,0.5069191743526392
1405681632,36,0.502321616806127,0.5124604707133461,0.4749356337279265,0.5086976091194881
1405681632,37,0.5037088133385673,0.5143564772059441,0.47631079152362005,0.5103107052985317
1405681632,38,0.5051975396471196,0.5164653195409816,0.4774854292140392,0.5122233318162335
1405681632,39,0.5068025892893663,0.5183906709807138,0.47883447535030105,0.5139646825063666
1405681632,40,0.5082581227436824,0.5203320460078918,0.4801370581815129,0.5157197128704558
1405681632,41,0.5097491353555128,0.5223763235869282,0.4815726803057637,0.5175068751778946
1405681632,42,0.511172145795603,0.5241413499326354,0.48290195937328845,0.5190839999840083
1405681632,43,0.5125504468216794,0.5258418542172274,0.48430901277498034,0.5207039418321543
1405681632,44,0.5139557780813763,0.527555697178315,0.48549946191831844,0.5224296105204509
1405681632,45,0.5154964132128098,0.5292773253481843,0.48697562477261913,0.5239349247660892
1405681632,46,0.5169956160363274,0.5309742912105362,0.4884085956350177,0.5256394345015386
1405681632,47,0.5182247055734284,0.5326544209982905,0.48953765248286485,0.5271285080660287
1405681632,48,0.5194909117622366,0.5341718439537682,0.4907394775137827,0.5286543601152996
1405681632,49,0.5209256064108122,0.5358192307231011,0.4921715306893474,0.5301539136349696
1405681632,50,0.5222945176727394,0.5374729241877256,0.49352447317605574,0.531598522374276
1405681632,51,0.5235644757441219,0.5390625900263556,0.49479555066086545,0.5330778436804997
1405681632,52,0.524899414245397,0.5406314783361211,0.4961170346738309,0.5347392197257868
1405681632,53,0.5263891154997046,0.5422369998875306,0.49745201438974274,0.5362293931564766
1405681632,54,0.5278881643796428,0.5438763421300572,0.4987328861898588,0.537674480794286
1405681632,55,0.5292273757641905,0.5454324115981407,0.49996336465146807,0.5391731096541775
1405681632,56,0.5305247550283652,0.5468669417225374,0.5011926250644662,0.5405717404080262
1405681632,57,0.5318171173042168,0.548291642547726,0.5024258867300903,0.5419728483327367
1405681632,58,0.5329918157368297,0.5496824146905642,0.5036506387894123,0.5433849904029597
1405681632,59,0.5342504934194142,0.5510395603551196,0.5048644679679374,0.5447819918633823
1405681632,60,0.5355931491898246,0.5523780538997566,0.5061595723840708,0.5462219796826462
1405681632,61,0.5367809890568161,0.5538130478645583,0.5073310110092475,0.5475686477990451
1405681632,62,0.5379013977321045,0.5551455553419041,0.5084626300979577,0.5488827080416313
1405681632,63,0.539072859155136,0.5564217683267301,0.5096282881103635,0.550228347012832
1405681632,64,0.5403408613886324,0.5577079485349676,0.5109077218537487,0.551527999328352
1405681632,65,0.5414878296080546,0.5589881363703881,0.5121936413011889,0.552692727472343
1405681632,66,0.542535802148765,0.5602206262100476,0.51323706377858,0.5538075321258933
1405681632,67,0.5436458459946093,0.5614244702939839,0.5143909367610775,0.5549692558114473
1405681632,68,0.5447473171117159,0.5625533984897796,0.5155145762444009,0.5561313812738595
1405681632,69,0.5459890321819194,0.5637852721695571,0.5167303637241911,0.5573036250743741
1405681632,70,0.5471233073869292,0.565065905465536,0.5179797785960156,0.5586810511292084
1405681632,71,0.5481836531741874,0.5662205961822484,0.5191260061417958,0.5598245674196297
1405681632,72,0.549295585779718,0.5674534044160859,0.5202596339518093,0.5609841276504445
1405681632,73,0.5503385267215868,0.5685874574325793,0.5213461023136206,0.562105593655226
1405681632,74,0.5514383706181204,0.5697135511802626,0.5224894317539771,0.5632926184517152
1405681632,75,0.5524322055243053,0.570793943973358,0.523569809419864,0.5643881006352671
1405681632,76,0.5533137215046684,0.571851428798678,0.5245250962180028,0.5654635918147312
1405681632,77,0.5543080880164248,0.5729179728004344,0.5255422522234713,0.5664773476879933
1405681632,78,0.555254892590129,0.5740013002417502,0.526524178253672,0.5675388404168524
1405681632,79,0.5562569011306429,0.5750231941753661,0.5275806110509484,0.5686021537372645
1405681632,80,0.5572637687851566,0.5760352825119637,0.5285676055746789,0.5697160188061455
1405681632,81,0.5582390382994866,0.577027563482661,0.5295701348789531,0.5707199797676388
1405681632,82,0.559162876701389,0.5780703838018146,0.5304908764392824,0.5716631070684816
1405681632,83,0.5600017398112305,0.5790723973890693,0.5313494764887777,0.5727018560346667
1405681632,84,0.5609510616436987,0.5802184655240654,0.5322760873302389,0.5737773406734871
1405681632,85,0.5618242158755871,0.5811805202309284,0.5332391709097373,0.5747623304212122
1405681632,86,0.5627278282923934,0.5821016531523528,0.5341247000525213,0.5756399693072458
1405681632,87,0.5635706200295872,0.5830377985383934,0.5349744320183121,0.5765500257175584
1405681632,88,0.5643980735912564,0.5840466413780997,0.5358096221216447,0.5775319414445013
1405681632,89,0.5653526765458046,0.5849983821960438,0.5366430237746432,0.578538014619665
1405681632,90,0.5662506180094964,0.5859359695519547,0.5374257222548717,0.5794475694735959
1405681632,91,0.5670254940257459,0.5867791431136239,0.5382664099396531,0.580320988724985
1405681632,92,0.5678218526535573,0.5876418582749596,0.5390363493007926,0.5811854588195785
1405681632,93,0.5686737568868752,0.5885275470492172,0.5398872281247207,0.5821229675649959
1405681632,94,0.5694316178322559,0.5894176132557604,0.5406682005012352,0.5829998910358207
1405681632,95,0.5702831084932548,0.5902986624482456,0.5414371500912468,0.5838596785810551
1405681632,96,0.5710368391962611,0.591136869280497,0.542187893543783,0.5847203565331767
1405681632,97,0.5718317210029367,0.5919556296830357,0.5429923998175471,0.5855477090829148
1405681632,98,0.5726347965094861,0.592786379936913,0.5438336026207983,0.5864331376073223
1405681632,99,0.5734521777255385,0.593581266446685,0.5445772475828726,0.587213330517839
1405681632,100,0.5742414574762825,0.594378725547813,0.5453559734699017,0.5880920997397363
1405681632,101,0.575034642243504,0.5952364525345155,0.5461142915567688,0.5889547144622951
1405681632,102,0.5758061011324183,0.5960213906736399,0.546879964310466,0.5897761337764893
1405681632,103,0.5765568744890299,0.5968143178411406,0.5476226185634068,0.5906019808727022
1405681632,104,0.5774191439070542,0.5975742364846974,0.548358256427478,0.5913764264448506
1405681632,105,0.5782509964778456,0.5984156302097701,0.5491186618212057,0.5922476622249941
1405681632,106,0.579061609452496,0.5992304560712074,0.5498829368128081,0.5930874108759463
1405681632,107,0.579882179121318,0.6000626139192782,0.5506490113199375,0.5939761957257762
1405681632,108,0.5806280842172035,0.6008680895655121,0.5513783555194856,0.594734248142862
1405681632,109,0.5814146048021295,0.6016610965578807,0.5521170392952625,0.5955427062641194
1405681632,110,0.5822333824348768,0.6024351058227307,0.5527896291434197,0.5963120415811206
1405681632,111,0.5830888398263093,0.6032643759534869,0.5535189290541486,0.5971529837284181
1405681632,112,0.5838716762416494,0.6040660943665519,0.5543056688295332,0.5980025216786404
1405681632,113,0.5846967516455005,0.6047782112615467,0.5550361345168405,0.5988165917873194
1405681632,114,0.585487467724807,0.6055787293773851,0.5557361100677981,0.5996233762981882
1405681632,115,0.586284873682712,0.6063131267042157,0.5564903468843195,0.6004223352180849
1405681632,116,0.5870453709842249,0.6070905914266442,0.5572627012411014,0.6012216322784791
1405681632,117,0.5877885628956068,0.6078206814500996,0.5580075015051088,0.6019774868738011
1405681632,118,0.5885358783861664,0.6085771733577707,0.5587987318373985,0.6027728250057987
1405681632,119,0.5893143757377017,0.6093198928467365,0.5595583208516384,0.6035660843129964
1405681632,120,0.590106834018974,0.6101236951837238,0.5602912573811323,0.604407690370246
1405681632,121,0.5909285187454336,0.6109100484238822,0.5610231808780133,0.6052180393011252
1405681632,122,0.5916438310915245,0.611675940823402,0.5616973427235604,0.6059249543403191
1405681632,123,0.5924123564130445,0.6124075374747535,0.5624318710654154,0.6066579161299966
1405681632,124,0.5931353100007855,0.613124287389537,0.5630993714132505,0.6074078311996772
1405681632,125,0.5938594576441945,0.613813785576358,0.5637746620770716,0.6081984720006716
1405681632,126,0.5946487373949384,0.6145966180388143,0.5645091971806774,0.6089778955827146
1405681632,127,0.5953327070788135,0.6153172115764096,0.5652123326746864,0.6096881926783752
1405681632,128,0.5960332098480396,0.6159757131013349,0.5658470898749055,0.6103936224918143
1405681632,129,0.596663952739927,0.6167099137726251,0.5664384885575773,0.6110861629436408
1405681632,130,0.5973373029455642,0.6173956846612374,0.5670769747421582,0.6117880692055824
1405681632,131,0.5980240857607408,0.6180789968346662,0.5677294258114091,0.6124712482720123
1405681632,132,0.5987141374283512,0.6188139687531007,0.5684069729280039,0.6132296222234095
1405681632,133,0.5994222185469551,0.6194895979769759,0.5689796441401548,0.6139159922305976
1405681632,134,0.6000592704348294,0.6201397930171157,0.5696330495954448,0.6145896117598557
1405681632,135,0.6006337123791577,0.6207010637537042,0.5701775825023243,0.6151266958336054
1405681632,136,0.6012731681540049,0.6213111829401393,0.570762876135258,0.6157756423869186
1405681632,137,0.6018634556660193,0.6218952363851853,0.5713583162714708,0.6163216605885378
1405681632,138,0.6024588767659661,0.6224702169106867,0.571981629452254,0.6169044811822952
1405681632,139,0.6030988826603061,0.6230523263363954,0.5725730220961339,0.6174523398659966
1405681632,140,0.6036604819074805,0.6235997337395205,0.5730789066529138,0.6179968696403085
1405681632,141,0.6042167946549201,0.6241197272203833,0.5735990511184905,0.6185807147692907
1405681632,142,0.6047445786295306,0.6247015718692983,0.5741556213276637,0.6191622491223049
1405681632,143,0.605282300605951,0.6251922034811801,0.5746480452634428,0.6197156885596143
1405681632,144,0.6058457868077127,0.6257168327129918,0.5751948478997005,0.6202075112640977
1405681632,145,0.6064622965152467,0.6262863363046041,0.5757491626112056,0.6207906918843491
1405681632,146,0.6069792168629665,0.6267491314003517,0.5762743199275908,0.6213276434928919
1405681632,147,0.6074751116129434,0.6272813045963915,0.5767754839321338,0.6218187384096447
1405681632,148,0.6080630101178335,0.6277821772742435,0.5772798026806927,0.6223244695455258
1405681632,149,0.6085573709711681,0.6283504222310999,0.5778280637321883,0.6228614461055965
1405681632,150,0.6091033498446814,0.6288178994207035,0.5783110849914644,0.6233957406319088
1405681632,151,0.6096640592117809,0.6293642528665973,0.5788266286214369,0.6239482564116535
1405681632,152,0.6101679562014768,0.629876905028081,0.5793555492711293,0.6244642281128899
1405681632,153,0.6106850206570188,0.6304072744313353,0.5798399677784528,0.6250074764744842
1405681632,154,0.6111495758040968,0.6308724228504264,0.5803682506730109,0.6255254065051731
1405681632,155,0.6116839679233889,0.6313816721328346,0.5808534263529781,0.6259981962999775
1405681632,156,0.6121832544362139,0.6319032288619225,0.5813450290509311,0.6265276226026794
1405681632,157,0.6127053245755275,0.6324692103376047,0.5818052359671811,0.6270775769547712
1405681632,158,0.6132292881061969,0.6329786103474185,0.582338259815148,0.6275982524397722
1405681632,159,0.6137519411526473,0.6335159244480422,0.5828561305573993,0.6281129065728049
1405681632,160,0.6142494332969524,0.6340654122239946,0.5833963877927966,0.6286736000335823
1405681632,161,0.6147861129463813,0.6346370154213106,0.583869704448782,0.6292234173640838
1405681632,162,0.6152845538567419,0.6351510327107115,0.584361276172767,0.6297664468263074
1405681632,163,0.6157889830146182,0.6356718772614683,0.5847917041163682,0.63026160794811
1405681632,164,0.6163149046485007,0.6361748516947852,0.5852404315748304,0.630798595682204
1405681632,165,0.6168425926632626,0.6367170148296838,0.5857010199382797,0.6313420494933383
1405681632,166,0.6173684748228073,0.6372743935190008,0.5861472082604618,0.6318974158745637
1405681632,167,0.6178536219476084,0.6378162992292638,0.5865903152975387,0.632402393600843
1405681632,168,0.6183549819894375,0.6383442576090129,0.58705338402677,0.6329183507841891
1405681632,169,0.6188315310942747,0.6388374030469574,0.587490356236764,0.6334304374803461
1405681632,170,0.6193316114120907,0.6393980848153215,0.5879540414940219,0.6339572416994671
1405681632,171,0.619852600745981,0.6399043392490404,0.5884496173128088,0.6345174076152517
1405681632,172,0.6203631390174804,0.6404425360181033,0.58890501842151,0.6350537318445135
1405681632,173,0.6208192456285855,0.6408937092685976,0.5893735959813705,0.6355489145652996
1405681632,174,0.6213031612814196,0.6414214813506688,0.5897909495424397,0.6360955824665117
1405681632,175,0.6217234968876308,0.6418950070163235,0.5901922592561497,0.6365952241025703
1405681632,176,0.6222032155150701,0.6424165782584471,0.5906562688423993,0.6371211485181765
1405681632,177,0.622666841219269,0.6429151802421633,0.5910621478413107,0.6376368613355077
1405681632,178,0.6231287951180997,0.6433586553454977,0.5914632305705518,0.6381234323102335
1405681632,179,0.6235058527655531,0.6438229719582246,0.5919161152851995,0.6385954206922947
1405681632,180,0.6239213985205085,0.6441981734904244,0.5922727823953581,0.6390085261989383
1405681632,181,0.6243061453477936,0.6446283694305509,0.5926141442215771,0.6394191543078941
1405681632,182,0.6247438649839792,0.6451004289137107,0.5930359414743597,0.6398817788709485
1405681632,183,0.625174965695025,0.6455537953849887,0.5933799541499271,0.6403198494480695
1405681632,184,0.6255776538311316,0.6459577464017551,0.593714067741547,0.6407627403240702
1405681632,185,0.6259587435643182,0.646390685875196,0.5940382158667777,0.6411940359467855
1405681632,186,0.6263824530139755,0.6468334141297057,0.5944184602107205,0.6416105380135647
1405681632,187,0.6268041001060899,0.647214389071891,0.594775107896938,0.6420216875875758
1405681632,188,0.6272188054310606,0.647625250751585,0.5951552025036753,0.6424628494668793
1405681632,189,0.6276357855150567,0.6480164393857619,0.5955212801825178,0.6429226640795778
1405681632,190,0.6279553619166715,0.6483752303266772,0.5958437357771896,0.6432576698231179
1405681632,191,0.6283254380987086,0.6487471873638736,0.5962052324372604,0.6435970797375474
1405681632,192,0.628698874289872,0.6490750409285535,0.5964870970111662,0.6439524126857527
1405681632,193,0.6289918797575977,0.6494042821043639,0.5967921410217316,0.6442851407002627
1405681632,194,0.6293781543007546,0.6497653992194689,0.5971156783948304,0.6446587967286586
1405681632,195,0.629743245308689,0.650139603770701,0.5974750769058551,0.6450060168471721
1405681632,196,0.6301020408163266,0.6505125599899937,0.5978141025531193,0.6453745380277878
1405681632,197,0.6304765845843987,0.6508996291019647,0.5981707818605588,0.6457689368740324
1405681632,198,0.6308554014666011,0.6512821523945695,0.5985514196621577,0.646146631286418
1405681632,199,0.6312036211618076,0.6515935398594854,0.5988843554520145,0.6465002790798928
1405681632,200,0.6315792124926538,0.651942951893208,0.5991940223322979,0.6468785156577954
942484272,1,0.36336159852237426,0.22882209722105618,0.498614725883637,0.2731088909411468
942484272,2,0.4149735538577785,0.2950423977835614,0.5073671396188397,0.3332633699941231
942484272,3,0.4335628130859429,0.33275963395180924,0.5020149441692553,0.36614613942294233
942484272,4,0.4427000251868021,0.35712786499874066,0.49209764083620183,0.38400428175635964
942484272,5,0.44752749559230964,0.37430106624128967,0.4833431282008228,0.39775837461170355
942484272,6,0.45129851957574224,0.3884644446310134,0.47673718971259055,0.4082990512971203
942484272,7,0.45387217098240523,0.3985151780467035,0.47174280676925284,0.41655372584765576
942484272,8,0.4567836453698262,0.4088395180925195,0.46881034338006883,0.4244395936529259
942484272,9,0.45779344956576085,0.41756452951986495,0.4652935195291001,0.43022789391692084
942484272,10,0.45954999580219963,0.42414994542859535,0.46267315926454533,0.43555117118629844
942484272,11,0.4613878691202173,0.4309423680173407,0.46109020691339553,0.44084536066737384
942484272,12,0.46332171941902445,0.4369910167072454,0.460166372820642,0.44604777096801274
942484272,13,0.4646222302590366,0.4427839811938544,0.4596978875376995,0.4499202417933003
942484272,14,0.4663066553126162,0.44789930076639844,0.4587895942526116,0.4540100987082769
942484272,15,0.46835138387484954,0.45283911230515206,0.458494948646909,0.4579044580639745
942484272,16,0.4702061119973134,0.45726376878515657,0.45855721601880617,0.46152191251784064
942484272,17,0.4716031152617205,0.46125677203968646,0.45831584249853075,0.4649779985875636
942484272,18,0.47305711807013123,0.4649950092818031,0.4588802134348269,0.46787050252334444
942484272,19,0.4745856329178247,0.46863359389153764,0.4591642400434804,0.47075237838530504
942484272,20,0.47615859289732176,0.4723364956762656,0.46027621526320206,0.47370707749139457
942484272,21,0.4777776445142745,0.4756607537650271,0.46077855203873175,0.47648432221515924
942484272,22,0.4792208882545546,0.4790300791476175,0.46155387304325257,0.4790987704261149
942484272,23,0.4811135486744077,0.48209546893080196,0.46229280204998663,0.48157348158260727
942484272,24,0.48287822181177065,0.48502784540900573,0.463120574818795,0.4843579464360675
942484272,25,0.4845621694232223,0.487975820669969,0.4640382839392158,0.48688103433800695
942484272,26,0.4862441311521993,0.49047260773816054,0.4651146645311703,0.4892504020201107
942484272,27,0.48796630565583626,0.4929974471154893,0.4661672838987926,0.4914349325397936
942484272,28,0.4893780658934718,0.49561779627475194,0.4673800928313564,0.4935024047399163
942484272,29,0.49116290649906347,0.4981240174975899,0.4685222874248377,0.49563139259855427
942484272,30,0.4926902303193126,0.5001357288780678,0.4694218229647664,0.4975722721294042
942484272,31,0.49428422087471324,0.5025809701522854,0.4706208140482774,0.49997562567537196
942484272,32,0.4959176391570817,0.5047618797749979,0.47180914700696835,0.5021802325581395
942484272,33,0.4972485326779676,0.5068971131854181,0.47300687167197114,0.504098579617008
942484272,34,0.4987826378977416,0.50901415893366,0.4739674645779729,0.5057250588926696
942484272,35,0.5001103421806973,0.5108711035417441,0.4748599733739521,0.5074780814853017
942484272,36,0.5014773925129898,0.5129082360842918,0.47596759298127783,0.509342437895876
942484272,37,0.5028919440807611,0.5148159661634601,0.47726607473899896,0.5111763598036791
942484272,38,0.5043148968887671,0.5168862042605464,0.47848074977133037,0.5130805668356097
942484272,39,0.5059888618363978,0.5190095774429584,0.4798161148173742,0.5150130562354558
942484272,40,0.5074762824280077,0.5208987490554949,0.48114033246578786,0.5167586684577281
942484272,41,0.5090242469043782,0.5228851788979648,0.4825781046829023,0.5184508683303607
942484272,42,0.5105374783613387,0.5245951121612276,0.4839723984632052,0.5200414982549144
942484272,43,0.511913943140306,0.5263963543568286,0.48530867499848684,0.5216538161910136
942484272,44,0.513295578571374,0.5281395730455424,0.48646400195388523,0.5233998748292259
942484272,45,0.5147230851034057,0.5297894569912034,0.4879467159208575,0.5249703821864009
942484272,46,0.5161861706205079,0.5314278361616773,0.48945895828846553,0.5267527641602757
942484272,47,0.5174869644901816,0.5330911708647648,0.49065051615081356,0.5282226156047422
942484272,48,0.5187213150309238,0.5345347787759214,0.4917933003106372,0.529667079450368
942484272,49,0.5201905630021297,0.5361293539328249,0.49329294306926025,0.5311254045737176
942484272,50,0.5216161531357568,0.5377038032071195,0.4944639408949711,0.5327218537486357
942484272,51,0.5227775939525336,0.5393276276172462,0.4957165974441158,0.5341857337343467
942484272,52,0.5241502683363148,0.5409826404810034,0.4970009945557759,0.5357144010384712
942484272,53,0.5254655994221291,0.5425538150084827,0.4983050391029063,0.5371798385193328
942484272,54,0.526918783446363,0.5442067245652167,0.49958721629865954,0.5387340366981035
942484272,55,0.5284061333679333,0.5457972386106044,0.500948702879691,0.540299646621534
942484272,56,0.5298950849754729,0.5471862743922185,0.5023035429434977,0.5417606174364633
942484272,57,0.5312382627292772,0.54860242706506,0.5035534011756786,0.5431254022892004
942484272,58,0.5325575605279385,0.550016067442729,0.5046928512907513,0.5446161039201665
942484272,59,0.5338513466401232,0.5513860567571067,0.5060142383696028,0.5460142952889295
942484272,60,0.5351516805194078,0.5527656507989813,0.5072111213724009,0.5473329975093051
942484272,61,0.5364293372567857,0.55416194700862,0.5084575354645313,0.5486139689032454
942484272,62,0.5376048434491295,0.5555159096633364,0.5096204105177919,0.5499734590687383
942484272,63,0.5387063845211776,0.5567702523877487,0.5107810174135419,0.551303783484121
942484272,64,0.5399145222903199,0.5580798474099572,0.5119512687851566,0.5525735139786752
942484272,65,0.5410971112675419,0.5593317101838637,0.5130861582376989,0.5538235503057936
942484272,66,0.5422387759722996,0.5605806193918025,0.5142082821328897,0.5549587470710802
942484272,67,0.5433169138774266,0.5617653066211216,0.5153570573795451,0.5562072936467858
942484272,68,0.5443818615516058,0.5629540414940218,0.5163812985524997,0.5573505953468617
942484272,69,0.5456081882658704,0.5641989684361916,0.5174835342802111,0.5585361965982
942484272,70,0.5469290091991796,0.5655678424505559,0.5186976024563129,0.5599451887211101
942484272,71,0.5480186973575142,0.5667402956906918,0.5197609973500646,0.561124703049968
942484272,72,0.549131171932574,0.5679682179871081,0.5208741452812059,0.5623898077407439
942484272,73,0.5502516955088137,0.5691251209024005,0.5219217184989585,0.5635788490666507
942484272,74,0.5513929889926867,0.5702473525494263,0.5230238003934587,0.5647204378419222
942484272,75,0.5524741835278315,0.5713575686340358,0.5240192539109507,0.5658058377410237
942484272,76,0.5534634062277682,0.5724590051655037,0.5249321723837761,0.5668405807988193
942484272,77,0.5545027133055007,0.573439699415688,0.5259822035071805,0.5678811575461732
942484272,78,0.5555089133294154,0.5744587528442788,0.5269294274415591,0.5690360558759519
942484272,79,0.5565114259874662,0.5755519044729422,0.5278951803938281,0.570078291633412
942484272,80,0.557539249433297,0.5766051339098313,0.5287848417429267,0.5711689824531945
942484272,81,0.5585593149189824,0.5776064453337563,0.5297002148651884,0.572170034753641
942484272,82,0.5595432383674855,0.5785761675516177,0.5306009407168204,0.5731866014403575
942484272,83,0.5604862570085565,0.5795650067316532,0.5314936178261869,0.5741837301350478
942484272,84,0.5614453026614055,0.5806227536770733,0.5324489967257158,0.5752960448724868
942484272,85,0.5623067159867052,0.5815904230888896,0.5333246084933848,0.576282428007724
942484272,86,0.5632408385447886,0.5824692047413668,0.5341378791931631,0.5772429433023607
942484272,87,0.5641177815927902,0.5834295932379708,0.5349614043620453,0.578141329805251
942484272,88,0.5650220193709405,0.584351935949199,0.5357394997748453,0.5790727249830181
942484272,89,0.5660582843354126,0.5853379795279408,0.5366411371227994,0.5800166780023
942484272,90,0.5670127519846268,0.586274125691471,0.5374690995251822,0.580893478483941
942484272,91,0.5677930918045099,0.587134341604999,0.5382438063992929,0.5817408600970014
942484272,92,0.5686495493752578,0.5880077969578723,0.5390244859519698,0.5826597080521112
942484272,93,0.5694794637287481,0.5888155251809343,0.5399409419141789,0.5834829646039669
942484272,94,0.5702689450302509,0.5897261962391283,0.5406543566915617,0.584361496703387
942484272,95,0.5711147148367939,0.590610625295503,0.5414026839409833,0.5851888347348095
942484272,96,0.5718689656619932,0.591416285366468,0.5421830835642124,0.5859958756611535
942484272,97,0.5726816673836105,0.5922507739964876,0.54301923111877,0.5868152716842354
942484272,98,0.5734949172347975,0.5930913629829397,0.5438627302150816,0.5876693469764701
942484272,99,0.5743400761031523,0.5939043698677651,0.5446722281161035,0.588449773530791
942484272,100,0.5751473427923769,0.5947090924355638,0.545442867937201,0.5893027453614307
942484272,101,0.5759481833499445,0.5955240642022391,0.5462061444159696,0.5902177951822551
942484272,102,0.5767493715645943,0.5962946592456141,0.5469947864965817,0.5909996691145605
942484272,103,0.577523183676996,0.5970413251029275,0.5477171709596986,0.591811599459747
942484272,104,0.5782934165574163,0.5977962355418068,0.5484619905323457,0.5926018612400947
942484272,105,0.5791285366467971,0.5987022800052773,0.5492214079822173,0.5934090536558843
942484272,106,0.5800120548153522,0.5995013329996214,0.549982337557007,0.594218044838844
942484272,107,0.5808406114822001,0.6003238975673942,0.5507698451992464,0.5950597774616568
942484272,108,0.5816740361383969,0.6011086857153518,0.5514786363056869,0.5958800921650389
942484272,109,0.5824821554973084,0.6019110389825456,0.5522106232847749,0.5966807337909064
942484272,110,0.583236275100938,0.6026217171293152,0.5529231955182757,0.5974381969302631
942484272,111,0.5840380721582971,0.6033982517485162,0.5536940264922803,0.598259917208788
942484272,112,0.5848461656092208,0.6042002740563944,0.5545091871859147,0.5990939497703204
942484272,113,0.5857157398195911,0.6049502096299769,0.5552880025379975,0.5998812728325048
942484272,114,0.5865155605830966,0.6057285982145356,0.5559935015104718,0.6006544149812866
942484272,115,0.5873401641887478,0.6064927195540841,0.556713012816067,0.6014458684518877
942484272,116,0.5881400559899715,0.6072490945778894,0.5574877901910434,0.6022211430176105
942484272,117,0.5889298622906214,0.6079649135647792,0.5582414302085195,0.6029462100320971
942484272,118,0.5897368761819655,0.608755046254068,0.5589968822438738,0.6036781980479516
942484272,119,0.5905098669473666,0.6095146143420848,0.5597085950491354,0.6044701987923035
942484272,120,0.5913304928217613,0.6102667702124087,0.5603881566059384,0.605226611255702
942484272,121,0.5921587170967041,0.6110515940886645,0.5611688896505834,0.6060357430557627
942484272,122,0.5928477739959344,0.6116983061531496,0.5618466743098747,0.6067335470311918
942484272,123,0.5935819386738911,0.6123928622377484,0.5624902307288542,0.6075148817141769
942484272,124,0.5943079858412257,0.6130951736128978,0.5631515053853716,0.6082159077675557
942484272,125,0.5951090588531609,0.6138517336915456,0.5638152967844849,0.6089386281588447
942484272,126,0.5959333975663419,0.6145906211811677,0.5645088640219192,0.6096768626573009
942484272,127,0.5966376610781935,0.6153476208388066,0.5651597775364134,0.6104104126603015
942484272,128,0.5973469901771472,0.6160121159012677,0.5657880583074469,0.611081012299555
942484272,129,0.5979857717346807,0.6166409266660549,0.5663945580887707,0.6117509773715782
942484272,130,0.5987132127380637,0.6172930000064581,0.5670159451831855,0.612385771394251
942484272,131,0.5994337135280043,0.6179363997997873,0.5676916135639583,0.6130352275560279
942484272,132,0.6001976782347868,0.6186495549059565,0.5683494121807446,0.6137851947397746
942484272,133,0.6008987080243636,0.6193194765942647,0.5689951097204012,0.6144888499478904
942484272,134,0.6015476099479097,0.6199787729140378,0.5696875583462921,0.6151509892398472
942484272,135,0.6021424329207051,0.6205340845841223,0.5702043240453113,0.6157355323588217
942484272,136,0.6027815983248307,0.6211775323847951,0.5707835564752304,0.6163503706410781
942484272,137,0.6034105136207897,0.6217371294521963,0.5713861994708933,0.6169053693237007
942484272,138,0.6040193634187859,0.6223020007081507,0.5719965346853901,0.6174459365900964
942484272,139,0.6046363647894546,0.6228768643216566,0.572571512096007,0.6180034899122931
942484272,140,0.6051974765223023,0.6233760509493027,0.5731157873274403,0.6185566763016179
942484272,141,0.605794393525027,0.6238577368437662,0.573615127800692,0.6191746588617352
942484272,142,0.6063799470485915,0.624361313544942,0.5741310848889829,0.6197419594386063
942484272,143,0.6069335332621371,0.6248149885543892,0.5746410000041098,0.620259347738149
942484272,144,0.6075082906556963,0.6253256210412411,0.5751904751909999,0.6207815021595351
942484272,145,0.6081104397847252,0.625879004918664,0.5757335294236854,0.6213919905969273
942484272,146,0.6086016954513095,0.6263103750073318,0.5761989895377014,0.6218747951415924
942484272,147,0.6090831261561799,0.6267912756572699,0.5766638281540472,0.6223327547793527
942484272,148,0.6096298107359311,0.6272480922699208,0.5771547195755911,0.6228557181982587
942484272,149,0.6101959217665245,0.6277010309684974,0.5776604334496509,0.6233744792896307
942484272,150,0.6107357344751351,0.6281792740603924,0.5781249825091651,0.6239103909551396
942484272,151,0.6113370633523133,0.6286692528082172,0.578650654606655,0.6244419844531267
942484272,152,0.6118711032261199,0.6291304146101128,0.5791627818602,0.624966030957673
942484272,153,0.6124234038618666,0.6295800608324376,0.5796558681682171,0.6254862452075113
942484272,154,0.612953812202406,0.6299887041008693,0.5801199262495542,0.6259917984794149
942484272,155,0.6135226044778342,0.630471155695061,0.5805983084218708,0.6265059947297295
942484272,156,0.6140792609288118,0.6309369275115224,0.5810350376402764,0.6270512712876914
942484272,157,0.6146491467770251,0.6314390113083929,0.5815073793052186,0.6275748959774378
942484272,158,0.6151916269292612,0.6319318170949308,0.5819968564320398,0.6281235088509823
942484272,159,0.6157404840618232,0.632390174718259,0.5824405747237504,0.6286831737905187
942484272,160,0.6162911384434556,0.6328714003861977,0.5829204621778188,0.6292185269918562
942484272,161,0.6168693691462196,0.6333716784578793,0.5834389736299919,0.6297221994805158
942484272,162,0.6173795671808713,0.6338481598605293,0.5839005546278935,0.6302629274112217
942484272,163,0.617907198223223,0.6343337318239107,0.5843294310100525,0.630785174090249
942484272,164,0.6184135488613721,0.6348149179585995,0.5847605001320771,0.6313097546641657
942484272,165,0.6189857605523797,0.6353375921926001,0.5852283221773609,0.6318427325899412
942484272,166,0.6195591702718859,0.6358456241218758,0.585662691063136,0.6323821859514289
942484272,167,0.620068652888162,0.6363257030561495,0.586099398885044,0.6328701844066045
942484272,168,0.6205998057018122,0.6368013161103582,0.5865264101610755,0.6334068448133178
942484272,169,0.621106291782396,0.6372146675615351,0.5869366936932149,0.6339003924073963
942484272,170,0.6216386731000014,0.6376755050941542,0.5873374587010524,0.6344767812254614
942484272,171,0.6221751381223607,0.6381800497942587,0.5877436013002871,0.635062876175691
942484272,172,0.6227021924232633,0.6386653044967229,0.5881769929301232,0.6356284888113977
942484272,173,0.6232081094708686,0.6391053977888996,0.5886308522311187,0.6361254448333813
942484272,174,0.6237185852544302,0.6395964032088565,0.5890565757336259,0.6366330939139615
942484272,175,0.6242160307998609,0.6400357412715737,0.5894628014920182,0.6371267855643643
942484272,176,0.6247061539753169,0.640499423756497,0.5898758595950268,0.6376193987986658
942484272,177,0.6251867072501467,0.6409822947690664,0.5902719178540276,0.6380855753619001
942484272,178,0.6256715301406782,0.6413946507760271,0.5907125789681712,0.6385292982881464
942484272,179,0.6261218562813867,0.6418399216910897,0.5910793693825107,0.6389790855736845
942484272,180,0.6265163387718169,0.642226140169218,0.5914486142594614,0.6393823636414518
942484272,181,0.6269013600409298,0.6426215425547952,0.5917486088118555,0.6397723725364594
942484272,182,0.6273091361664949,0.643040508312106,0.5920877460210849,0.6402519695064403
942484272,183,0.62774273493804,0.6434626944005931,0.592457126236344,0.640689852287893
942484272,184,0.6281809744737236,0.6438723065635346,0.5928053808499998,0.6411097432771314
942484272,185,0.6285690946592634,0.644284524638819,0.5931264990118151,0.6415509624308213
942484272,186,0.629013751632854,0.644695695584546,0.5934829826590222,0.641964642785245
942484272,187,0.6293982060352247,0.6450753067424755,0.5938527142258739,0.6423476344384846
942484272,188,0.6298290334162772,0.6454553452288873,0.5942194056271961,0.6427863926961846
942484272,189,0.6302539691423916,0.6458495748227929,0.5945631155940954,0.6431823058050915
942484272,190,0.6306293607412874,0.6461663035937589,0.5949058588036711,0.6435137356446274
942484272,191,0.6310021402188395,0.6465021334056557,0.5952217163860587,0.6438700466505289
942484272,192,0.6313467680435452,0.6468287804690341,0.5955423732963926,0.6442058111549548
942484272,193,0.6317045722963447,0.6471666152635501,0.5958453521649992,0.6445535389196994
942484272,194,0.6320885484871906,0.6475184941235123,0.5961581904278035,0.6448749618086721
942484272,195,0.6324840860312273,0.6478581530970079,0.5965046315730557,0.645224733009134
942484272,196,0.6328698047937166,0.6482086957862652,0.5968419690939091,0.6455970642811738
942484272,197,0.6332516076296832,0.6485867902680924,0.5971660798979913,0.6459581575193685
942484272,198,0.6336221335171884,0.648939652591739,0.5975161742519647,0.6463295960189588
942484272,199,0.633964887825915,0.6492898123393392,0.5978467182693756,0.6466540577963279
942484272,200,0.6343363277642515,0.6496144320376123,0.598177105196877,0.6470141046091848
929893138,1,0.35824028209218367,0.2286122072034254,0.49756527579548315,0.2711779027789438
929893138,2,0.41430190580136006,0.2922508605490723,0.5074930736294182,0.33311644698178156
929893138,3,0.4335208350824168,0.33110849914644724,0.5022528195225702,0.3664539781154675
929893138,4,0.4437074972714298,0.35569011837796993,0.49177231130887417,0.3841302157669381
929893138,5,0.4482495172529595,0.37227772647132906,0.48364536982621115,0.3977247922088826
929893138,6,0.4519771639660818,0.3871771191895447,0.4770380320711947,0.409040662692749
929893138,7,0.45409405471532915,0.39771159912206,0.47123307386929253,0.417243364477014
929893138,8,0.45700927713877926,0.40824657879271264,0.4683590798421627,0.42469670892452355
929893138,9,0.45791005513111127,0.41640313808897467,0.46473381281541803,0.4306616666200245
929893138,10,0.4594618419947947,0.4234069347661825,0.46232893963563093,0.43623121484342203
929893138,11,0.46156722968073816,0.43064852199265763,0.46096427290281705,0.4408186473924027
929893138,12,0.4636365544454706,0.4364348081605239,0.4598900176307615,0.44570495060588244
929893138,13,0.4653455435505641,0.44242555362528496,0.45922967134452325,0.4499880524143811
929893138,14,0.46659750290847596,0.44729361814409246,0.45828285978147454,0.45402509085239334
929893138,15,0.46858646069459603,0.45204712730529206,0.45804158620882657,0.45804438474239495
929893138,16,0.47043436739148686,0.45650554109646546,0.4583394551255142,0.46128578624800604
929893138,17,0.471766088687175,0.4607727903519732,0.45816274625037656,0.4643631443006218
929893138,18,0.4731830520807097,0.4646078788048396,0.4586679913058891,0.4676466198378716
929893138,19,0.4746408671329908,0.46818509206438985,0.45877539116871185,0.4705999319514469
929893138,20,0.476418856519184,0.4716669465200235,0.4593107211821006,0.47366090168751573
929893138,21,0.47786959633152226,0.4750710627631121,0.45970511451999146,0.4764303504963399
929893138,22,0.4795548041916944,0.4782267728074125,0.4604376397676708,0.47920943970813834
929893138,23,0.4813015371249813,0.4813106627779217,0.46124335196183286,0.4818782783908189
929893138,24,0.48309510816332246,0.4841760417541208,0.4622180477429827,0.48448912769708674
929893138,25,0.4849651582570733,0.4871060364369071,0.4631046931407942,0.4872353286877677
929893138,26,0.48668974380501545,0.48976382529400747,0.4640668289816136,0.48925201655870787
929893138,27,0.48846071325292206,0.4922216314206911,0.46507274632537,0.4916510415209097
929893138,28,0.4900527123787135,0.4947452534871727,0.46602780143204964,0.49377076411960136
929893138,29,0.49174480847897767,0.49702679933645805,0.46726584235377905,0.49572113867505846
929893138,30,0.49305403968320605,0.49924439593652925,0.4681247026558084,0.49773318780958775
929893138,31,0.4947134798139967,0.5016398503958119,0.4692612683856885,0.4997765686909092
929893138,32,0.4962521513726807,0.5038357400722022,0.4704619154563009,0.5018863865334565
929893138,33,0.4976657685918034,0.5060079427470914,0.47166993586269884,0.5039052263886451
929893138,34,0.499125869808926,0.5080424916167458,0.47252169275064576,0.5055509736427524
929893138,35,0.500572100219485,0.5098012641375919,0.47357904458063976,0.5072478021516725
929893138,36,0.5018493642664577,0.5117841584343138,0.47477238593643595,0.5091080607095215
929893138,37,0.503244786218508,0.5138016868350174,0.4761780502692265,0.5109596625422334
929893138,38,0.5046120569663602,0.5160068755551038,0.4775450821664185,0.5129446906663013
929893138,39,0.5063053114014411,0.5180903668016421,0.47882478811871804,0.5148160825266023
929893138,40,0.5078498866593905,0.5200266560322392,0.4801727394845101,0.5165340861388632
929893138,41,0.509423549864749,0.5219770206265576,0.4817231868062111,0.5184160573030464
929893138,42,0.5106744066109359,0.523858498146971,0.483120844677389,0.5199465480088433
929893138,43,0.5120330435224035,0.5255548418210253,0.48445349520572156,0.5216333153055706
929893138,44,0.5134205585364179,0.5272818861098603,0.4856187176101541,0.5232519977713497
929893138,45,0.5149329751210366,0.5290422485284377,0.4870819690482187,0.5249004188471907
929893138,46,0.5164115742481376,0.5309021985523065,0.48855643121265324,0.5266934474161628
929893138,47,0.5176611285473645,0.5324972267723201,0.4897662986297308,0.5282226156047423
929893138,48,0.5188682380432653,0.5340257954831669,0.49096336019925557,0.5296898175356114
929893138,49,0.5202214039843123,0.5356727360577344,0.492407978219413,0.5311279746555662
929893138,50,0.5216279069767441,0.5372865418520696,0.4937469565947444,0.5326907900260264
929893138,51,0.5229298671025794,0.5388559924011582,0.4949881556182208,0.5341058932178362
929893138,52,0.5242705514618033,0.5404143228948032,0.4964084588906183,0.5356183359919402
929893138,53,0.5256160866045815,0.5419780035261523,0.49770863463771403,0.5371940951997757
929893138,54,0.5269358855959477,0.543575499771453,0.49912934511205015,0.5388001131851354
929893138,55,0.5282916479037711,0.5451087993527756,0.5004571786202212,0.5403698643728868
929893138,56,0.5297099319956343,0.5465835901987358,0.501786313971479,0.5417786080094031
929893138,57,0.5310224810620288,0.5479646559939433,0.5030202068852763,0.5431629615555134
929893138,58,0.5323397091648114,0.5493313917300437,0.5044040715768386,0.5445234628089365
929893138,59,0.5335873832620182,0.5506631813065547,0.5056634730181047,0.5459531070126034
929893138,60,0.5348893179973695,0.5520646181400946,0.5070390115579437,0.5473267008087762
929893138,61,0.5361967378274113,0.5533973968132502,0.5082235597071725,0.5486070872633233
929893138,62,0.5373990158189367,0.554808377184549,0.5094342177602162,0.5499301269360662
929893138,63,0.5385398051421055,0.5561006032838793,0.5105931158739487,0.5512844602761486
929893138,64,0.5396757723952649,0.5573957371337419,0.5119106025942406,0.5525781053228108
929893138,65,0.5408303894912913,0.5586884780067553,0.513047409311367,0.5537667185471736
929893138,66,0.5419048600351598,0.5599127875175226,0.5141567636740166,0.55488878373187
929893138,67,0.5429904879097085,0.5611212262088099,0.5153482858564202,0.5561007822945553
929893138,68,0.5441034486164544,0.5622651083773279,0.5164677238538771,0.5572962708717103
929893138,69,0.5452711474839359,0.5634798669844827,0.5175772243170665,0.5585447138742776
929893138,70,0.5464768461326266,0.5647930484426161,0.5188409273540665,0.5598810223442916
929893138,71,0.547528559823385,0.5660390856599592,0.5199028948267728,0.5611229293315092
929893138,72,0.5487213033703673,0.5672027024505826,0.5209732600117538,0.5623594902937528
929893138,73,0.5499101210691625,0.5683045371896359,0.5220953809245052,0.5635178947053662
929893138,74,0.5509777471199686,0.5694253778587589,0.5232733993333439,0.5647170342200146
929893138,75,0.5520275375703132,0.5704945008815381,0.5243366076176084,0.5657375535219545
929893138,76,0.5530822901431229,0.571611159962706,0.5253066603626015,0.5668090972961747
929893138,77,0.554068213710561,0.5726393915043063,0.5262422490614916,0.5677846626549506
929893138,78,0.5549981809531805,0.5737241377825711,0.5272243498253069,0.5688337003717744
929893138,79,0.5559619923716934,0.5747713261542091,0.5282182516108395,0.5699374793431027
929893138,80,0.5569646755100327,0.5757933842666444,0.5291894047519099,0.5709590924355638
929893138,81,0.5579731776104876,0.5768342573676578,0.5302070603892449,0.5720244073586922
929893138,82,0.5589366050238455,0.5777878001683217,0.5311650841300622,0.5729925811557671
929893138,83,0.5598398969060695,0.5787846204733298,0.5320777695620026,0.5739733343583384
929893138,84,0.5608331234433157,0.5798546561601721,0.5330591769912566,0.5750456760657415
929893138,85,0.5616938371352235,0.5808911189360304,0.5338930400470154,0.5760552529298176
929893138,86,0.5626267882141386,0.5817741271015849,0.534722154428289,0.5770091355850465
929893138,87,0.5634929365977746,0.5826247735841592,0.5355051883847346,0.577874021598889
929893138,88,0.5643990276367911,0.5835538768594347,0.5363152662550278,0.578769338502988
929893138,89,0.5653922962345259,0.5845408691239049,0.5371533630984106,0.5797775448810891
929893138,90,0.5662772040783962,0.5855161895166933,0.5379261933413557,0.5806733271765595
929893138,91,0.567027800509456,0.5863150785911259,0.5387636878275784,0.5815194376608196
929893138,92,0.5678734125926709,0.5871595675170558,0.539593470412808,0.5824187908144828
929893138,93,0.5687008394697952,0.5880942257224956,0.5404541568605148,0.5833290452577043
929893138,94,0.5695021766041404,0.5889446908543327,0.5411915858217954,0.5841815271776312
929893138,95,0.5703308308551582,0.5897949264059318,0.5420173302873503,0.5850430164067713
929893138,96,0.5710827526376179,0.5906628676573475,0.5427891409901212,0.5858616335040439
929893138,97,0.5718784593986154,0.5914882457262498,0.5435619158241494,0.5866568804544356
929893138,98,0.5727080438421696,0.5923443258589642,0.5444101576488206,0.5874864428182488
929893138,99,0.5734746507981333,0.5931097559424316,0.5452170941214681,0.5882755012131219
929893138,100,0.574272940978927,0.5939522290319873,0.5460011753840986,0.589083620183024
929893138,101,0.5750932451989217,0.5948170881230512,0.5468021489412815,0.5899879552223546
929893138,102,0.5758628949018948,0.5956151917571664,0.5475828900950019,0.590806652608151
929893138,103,0.5765968147253945,0.5964051341951185,0.5483419503714034,0.5916294230755124
929893138,104,0.5774114748487178,0.5971855363174311,0.5490529116589061,0.5924706799790755
929893138,105,0.578262590402629,0.5979818575066664,0.5497811146958993,0.5933011102182456
929893138,106,0.579080618359753,0.5987976074122066,0.5505846823057171,0.594145177361025
929893138,107,0.5798472628380111,0.5995773168130927,0.5513469446682836,0.5949664058276453
929893138,108,0.5806226426241539,0.6003935049145358,0.5521180234890252,0.5957386107457471
929893138,109,0.5814107536091455,0.6011681438559223,0.5528079433166012,0.596570974790861
929893138,110,0.5821562955556743,0.6018920631043879,0.5535543920440235,0.5973416475221529
929893138,111,0.5829946729535346,0.6026800875260283,0.5543259656264442,0.5981540267494427
929893138,112,0.5838394431317989,0.6034776527099799,0.5551182430406467,0.5989785102606234
929893138,113,0.5846655467579236,0.6042272964011106,0.5559161866438623,0.5997631400438206
929893138,114,0.5854491720022919,0.6049674707295483,0.556640846512217,0.6005233257772927
929893138,115,0.5862031078323654,0.6057696028150814,0.5573488883129588,0.6012805116206064
929893138,116,0.5869107518694686,0.6065560956403673,0.5581026231909653,0.602086885782195
929893138,117,0.5876615525259635,0.6073025939535889,0.5588262519670462,0.6028453910663634
929893138,118,0.5883903783569951,0.6080143835138861,0.5595358371196545,0.6035970880072401
929893138,119,0.5891877362144589,0.6087720622629036,0.560230321664389,0.6044024695765301
929893138,120,0.5899532644894074,0.609559440852993,0.5609569585537177,0.6051863823356561
929893138,121,0.5907665044673616,0.6103233971514629,0.5616837273136644,0.6059843980597143
929893138,122,0.5914666288635247,0.6109605943534768,0.562307056020678,0.6067070527174909
929893138,123,0.5922185067707448,0.6117044912368358,0.5629646162971578,0.6074534504895044
929893138,124,0.5929694291803999,0.6123531108408872,0.5636007377295588,0.608187132523203
929893138,125,0.5937106875996978,0.6130477709680127,0.5642622785660314,0.6089809419863992
929893138,126,0.5945281339244902,0.6138033670356733,0.5649982742376328,0.6097474923140275
929893138,127,0.5951995012880966,0.6145192989739519,0.565660208224119,0.6104728838623995
929893138,128,0.5959194101041054,0.6152053511459995,0.566314751070439,0.6111892368398959
929893138,129,0.5965344392096681,0.615850503638419,0.5668934129678839,0.6119097778810415
929893138,130,0.5972271914132379,0.6165051051710442,0.5674964318697003,0.6125543292237944
929893138,131,0.5979458977236387,0.6171391381755655,0.5681479240755706,0.6132306976487831
929893138,132,0.5986661171364387,0.6178468845961079,0.5688248448721961,0.6139833181958109
929893138,133,0.5993319500581695,0.6185228413995276,0.569406367905323,0.614663390067815
929893138,134,0.5999408548726438,0.6191392128435147,0.5700522030933403,0.6152944662966755
929893138,135,0.6005326542225208,0.6196914150318567,0.5706492908826887,0.6158782575708106
929893138,136,0.601185508205465,0.6202608068666137,0.5712663035157812,0.6165621126294527
929893138,137,0.6017623407670147,0.6207670392393219,0.5718194614926887,0.6171238387873076
929893138,138,0.6023393307124458,0.6213295102931282,0.5724251361851608,0.6177038883798803
929893138,139,0.6029653986490935,0.6218953642392105,0.5730227001339068,0.6183387099404516
929893138,140,0.6034949686364345,0.6223991628386726,0.5735907384530506,0.6188781078714753
929893138,141,0.6040878834809709,0.6229044491324843,0.5741492309093865,0.6194589779636321
929893138,142,0.604662396340937,0.6234321806922468,0.5746909886824937,0.6200304843079129
929893138,143,0.6052494227290635,0.6239205341715627,0.5752096111427821,0.6205693391488035
929893138,144,0.6058178014720287,0.6244376696610976,0.5757326910698792,0.6211254885773189
929893138,145,0.6064038168137827,0.6249714115320814,0.5762749009174365,0.6216820730764665
929893138,146,0.6068808848273095,0.6254288369332826,0.5767958822453747,0.6221407516707821
929893138,147,0.6074120018253292,0.6259291559794096,0.5772960682887881,0.6226354533081808
929893138,148,0.6079614687309255,0.6264181757948024,0.5778263676320095,0.623147578776829
929893138,149,0.6085184920148822,0.6269550057783144,0.5783132054910609,0.6237153744860512
929893138,150,0.6090303081185459,0.6274348641311952,0.5788114627934962,0.6241969607925446
929893138,151,0.6095898332055459,0.6279731407497439,0.5793726206673001,0.6247636304801449
929893138,152,0.61010416068296,0.6284833457794431,0.5798869024210263,0.6253117971446119
929893138,153,0.6106512736345763,0.6289281671306196,0.5803686711300533,0.6258281052885151
929893138,154,0.6111602065971976,0.6293323207730058,0.5808845255994949,0.6263556987047878
929893138,155,0.6117143004162594,0.6298490687653863,0.581363933041022,0.6268859633680983
929893138,156,0.6122058579765741,0.6303330900761847,0.5818522632602054,0.6274142733822862
929893138,157,0.6127791203014715,0.6308454369910167,0.5823597734150362,0.6279593824046391
929893138,158,0.6133270596587135,0.6313494387168972,0.5828988521407188,0.6284983883634848
929893138,159,0.6138681066969965,0.6318513250000396,0.5833989404646306,0.6290208459069334
929893138,160,0.6144294139870707,0.6323878662580807,0.583917439761565,0.6295847850726219
929893138,161,0.6149933956346005,0.6328947979085046,0.5843948205922705,0.6301928224393026
929893138,162,0.6155071409248221,0.6334024674774122,0.5848872968342366,0.6307607036135288
929893138,163,0.6160140675243228,0.6338915463511845,0.5853809413683182,0.6312791238495323
929893138,164,0.6165429680700972,0.6343848993858926,0.5858178850867513,0.6317976209734392
929893138,165,0.6170888636172828,0.634948596026591,0.5863014325947749,0.632337818619407
929893138,166,0.617638803050334,0.635459477065343,0.5867953385197241,0.6328449555083738
929893138,167,0.6181411838400271,0.6359624802112676,0.5872823239424937,0.633381210042345
929893138,168,0.618658822776865,0.6364864810839121,0.58777500589691,0.6339423142273448
929893138,169,0.6191854876328827,0.6370139679943805,0.588244966738021,0.6344411386421681
929893138,170,0.6197516383767847,0.6375700662264737,0.5887491542666936,0.6349711339493399
929893138,171,0.6203173046095776,0.6380700723347281,0.5892278060331474,0.6355170241670557
929893138,172,0.6208766373861957,0.6385591391971073,0.5896962549763459,0.6360687697321022
929893138,173,0.6213724817444214,0.6390068829366938,0.5902204354744705,0.6365440116315466
929893138,174,0.621879273191882,0.6395054508678831,0.5906331633947949,0.637082548055164
929893138,175,0.6223874689662616,0.639973613826355,0.5910337383211197,0.6376211665087493
929893138,176,0.6228939444821822,0.6404724719701421,0.5914986910495265,0.6381357759443143
929893138,177,0.6233828389178309,0.6409367593076143,0.5919398912935724,0.6385701011314139
929893138,178,0.6237997356800766,0.6414012540574806,0.592396415738827,0.6390379867915505
929893138,179,0.6242391780003368,0.6418647801736248,0.592807268432682,0.639483759671943
929893138,180,0.6246396888030672,0.6422674185393521,0.5931508223024469,0.6398975270291699
929893138,181,0.6250387890667942,0.6426658397850354,0.59355690988088,0.6403176227369566
929893138,182,0.6254840156065914,0.6430859460411974,0.5939324716925255,0.6407282583926023
929893138,183,0.625937451398418,0.6435374748877489,0.5943385665911063,0.6411807426023518
929893138,184,0.6263446649607779,0.6439733731698503,0.594708307629411,0.6416041255251813
929893138,185,0.6267495183875001,0.6443873140204263,0.5950772281810818,0.6420143088264992
929893138,186,0.6272089231694206,0.6448006405933614,0.5954597855239984,0.6424381366099647
929893138,187,0.6276203141211759,0.6451763233285011,0.5958092932565368,0.6428282489066638
929893138,188,0.6280612682358699,0.6455524751838547,0.5961932649419364,0.6432530630545339
929893138,189,0.6284806761257101,0.645940194005008,0.5965902755844826,0.6436762691904997
929893138,190,0.6288486096443358,0.6463107963006332,0.5969223495309511,0.6440263091613678
929893138,191,0.6292170860584236,0.6466665289377894,0.597248089121719,0.6443724640121038
929893138,192,0.6295696992276048,0.6470069683485853,0.5975498838608568,0.6447222280525005
929893138,193,0.6299014756682008,0.6473414873611409,0.5978907466995067,0.645080982746388
929893138,194,0.6302557975084973,0.6477099917169177,0.5982317739731184,0.6454174301325899
929893138,195,0.6306458800204078,0.6480951673630709,0.5985589704840817,0.6457833633637512
929893138,196,0.6310274844552883,0.6485008284230491,0.5989027463894633,0.646122003498738
929893138,197,0.6314201307753315,0.6488868157958326,0.5992289684875176,0.6464962004579651
929893138,198,0.6317965143840385,0.6492540635979475,0.5995794567283107,0.6468587732755309
929893138,199,0.632155192889981,0.6496157219647055,0.5999278990874108,0.6471685520204498
929893138,200,0.6325159516413399,0.6499951725295945,0.6002808328435899,0.6475121736210225
