rho,gamma,seed,no_at_10,no_at_30,no_at_100,auc_near,auc_mid
10,0.0,0,0.10928733889310083,0.19935557240333587,0.32577710386656555,0.07038614510752494,0.23551643320214977
10,0.0,1,0.11008339651250948,0.20140257771038667,0.3255193328278999,0.07004236013333816,0.23641390266669965
10,0.0,2,0.10917361637604246,0.20008845084660096,0.32484078847611825,0.07058824325787935,0.23554574046400217
10,0.0,3,0.11144806671721001,0.20165529441496083,0.32545868081880214,0.07188149090821569,0.23599679829381942
10,0.0,4,0.11197877179681577,0.2013141268637857,0.32492039423805913,0.07249338122916592,0.23703917109182154
10,0.214286,0,0.13612585291887794,0.2092494313874147,0.32321076573161484,0.09689857937109643,0.2415932254338266
10,0.214286,1,0.1369598180439727,0.20984331564316402,0.322592873388931,0.09883642008736777,0.2414276741752194
10,0.214286,2,0.13673237300985594,0.20904725802375537,0.3229984836997726,0.09623816142580358,0.24121409489475126
10,0.214286,4,0.13586050037907504,0.20955269143290373,0.3229833206974981,0.09831055874459968,0.24100843460806987
10,0.214286,3,0.1365049279757392,0.20974222896133435,0.32350644427596664,0.0964185530163544,0.24154203825574666
10,0.428571,0,0.17532221379833207,0.21493555724033359,0.3145564821834723,0.1504561386090954,0.24400638715794445
10,0.428571,2,0.17388172858225928,0.21528936062673742,0.3130515542077331,0.1496065441592356,0.24300182354242011
10,0.428571,1,0.17361637604245642,0.21474601971190296,0.3143972706595906,0.14810447428908385,0.2432615444839626
10,0.428571,3,0.17350265352539804,0.21564316401314126,0.3148749052312358,0.15180555555555558,0.24394528572798552
10,0.428571,4,0.1752084912812737,0.21560525650745516,0.3145223654283548,0.1496932500571621,0.24357020916423675
10,0.642857,0,0.21015921152388173,0.2063052817791256,0.2922820318423048,0.23639097981876606,0.23170458643530306
10,0.642857,2,0.21091736163760424,0.2074677786201668,0.29333206974981046,0.23861273571849764,0.2326503352930831
10,0.642857,3,0.21141015921152387,0.20697498104624715,0.2919901440485216,0.23986991106778827,0.23153957612325549
10,0.642857,1,0.21182714177407128,0.2070381602223907,0.29329795299469297,0.23984787356944293,0.2328799596848567
10,0.642857,4,0.21285064442759666,0.20655799848369977,0.2936656557998484,0.23870428535326185,0.23282928086608395
10,0.857143,0,0.20947687642153145,0.1907505686125853,0.271565579984837,0.28258787922548345,0.21427653167354635
10,0.857143,2,0.21292645943896893,0.19111700783421784,0.27024639878695983,0.28138556446081087,0.21500729766863863
10,0.857143,1,0.21076573161485973,0.1897397017942886,0.2709059893858984,0.2830445744130353,0.2140433840034543
10,0.857143,3,0.21103108415466262,0.1910285569876169,0.2708377558756634,0.28315142243402286,0.21448931687841005
10,0.857143,4,0.2106899166034875,0.18923426838514026,0.27341925701288855,0.2816917277398703,0.21509765030074418
10,1.071429,0,0.20163002274450342,0.1758150113722517,0.25634192570128883,0.2912961207985848,0.20022749602939038
10,1.071429,1,0.2001516300227445,0.17543593631539045,0.2581614859742229,0.28871567264762865,0.2004372199091346
10,1.071429,2,0.20064442759666415,0.17584028304270913,0.25912054586808186,0.2901828134589696,0.2017386214081965
10,1.071429,3,0.20231235784685367,0.17994692949203941,0.25929112964366946,0.2892085003068703,0.2029036819980455
10,1.285714,0,0.1944275966641395,0.16873894364417488,0.24748673237300986,0.28976656798681055,0.19208766604022806
10,1.285714,1,0.1941243366186505,0.1683219610816275,0.24895754359363154,0.2886837521210152,0.19279649934337456
10,1.285714,2,0.19378316906747536,0.1677407126611069,0.2465693707354056,0.28708838766742484,0.19159534696147076
10,1.071429,4,0.20333586050037908,0.1782916350770786,0.2576383623957544,0.29081650059568936,0.20214685817242734
10,1.285714,3,0.19564063684609553,0.16947182208743997,0.2487983320697498,0.2875966340541776,0.19383579932903425
10,1.285714,4,0.19541319181197878,0.1691938337124084,0.24910159211523883,0.28978660481124463,0.19304754919638628
10,1.5,0,0.1898786959818044,0.16196613596158707,0.23669446550416984,0.2872201012070231,0.1845491627987987
10,1.5,1,0.19025777103866565,0.16269901440485215,0.23794541319181198,0.28761433926615887,0.18491990702021127
10,1.5,3,0.19067475360121305,0.1614354308819813,0.2393328278999242,0.28688288987568744,0.18529134914150108
10,1.5,2,0.1899166034874905,0.1601339398534243,0.2372024260803639,0.2860630197239371,0.18341793680651816
10,1.5,4,0.18908263836239575,0.1609805408137478,0.2385822592873389,0.2874287128295847,0.18398262159601275
10,1.714286,0,0.1850265352539803,0.1555850391710892,0.23158453373768007,0.28375908576723596,0.17929545963400023
10,1.714286,1,0.18582259287338893,0.1553070507960576,0.2318612585291888,0.28420932765322454,0.17894402334618503
10,1.714286,3,0.18555724033358606,0.15598938589840788,0.23052691432903716,0.2841943902908649,0.17870230862504105
10,1.714286,2,0.1858984078847612,0.15802375537022997,0.2313570887035633,0.28452508814999333,0.18049028604873146
10,1.714286,4,0.1854814253222138,0.15552185999494567,0.234882486732373,0.2849465534255148,0.18065370752575433
10,1.928571,0,0.18210765731614859,0.1513393985342431,0.22537907505686125,0.2814897499308037,0.17417385778380007
10,1.928571,1,0.183737680060652,0.15377811473338387,0.22925322213798333,0.28239070002527167,0.17707942834820808
10,1.928571,4,0.18294162244124337,0.15150366439221633,0.2242191053828658,0.28137956243907725,0.17357284106032583
10,1.928571,3,0.1799090219863533,0.15003790750568613,0.22191053828658075,0.2812953385802135,0.17196684085705302
10,1.928571,2,0.1810841546626232,0.15090978013646703,0.22637604245640636,0.28056519790124795,0.17427133153981672
10,2.142857,0,0.1805155420773313,0.15174374526156179,0.22272934040940107,0.28009795780834446,0.17346309403807886
10,2.142857,2,0.1803639120545868,0.1495577457669952,0.22160727824109175,0.27969643910129127,0.17193499340960705
10,2.142857,3,0.178013646702047,0.14983573414202678,0.21913191811978772,0.27956003225146514,0.17075374874908095
10,2.142857,1,0.17892342683851403,0.149696739954511,0.22098559514783928,0.2787541517744323,0.17134366331333362
10,2.142857,4,0.1802122820318423,0.15084660096032348,0.22077331311599696,0.28073284835794315,0.17127355890019302
10,2.357143,0,0.17752084912812738,0.14829416224412434,0.21580363912054587,0.2783600791845674,0.1689598612752766
10,2.357143,1,0.17820318423047762,0.14799090219863534,0.21857088703563304,0.27808025560489547,0.1700526568600951
10,2.357143,3,0.17554965883244883,0.1473717462724286,0.21760803639120546,0.2778811509440774,0.16936950275246815
10,2.357143,2,0.17850644427596665,0.14790245135203436,0.21463229719484458,0.2791725032191295,0.1673794270683008
10,2.357143,4,0.17979529946929493,0.14959565327268132,0.22043972706595907,0.2786597741194026,0.17104048739006963
10,2.571429,1,0.17729340409401062,0.1461966135961587,0.21727824109173616,0.27712874712685176,0.16849323876332262
10,2.571429,0,0.17486732373009856,0.14614607025524387,0.21390826383623956,0.27718827093637555,0.1657148410709302
10,2.571429,3,0.17649734647460197,0.14799090219863534,0.21684609552691433,0.2772150167876096,0.16878067415311152
10,2.571429,2,0.17554965883244883,0.14638615112458933,0.21511372251705838,0.2761975161558179,0.16679552211038873
10,2.571429,4,0.17717968157695224,0.14447814000505432,0.21422289613343443,0.27806083552956185,0.1660721632544043
10,2.785714,0,0.1746019711902957,0.14509729593126106,0.2168726307808946,0.2759874604378016,0.1664935009688689
10,2.785714,1,0.17528430629264594,0.14556482183472327,0.21242608036391206,0.2762561524483435,0.16577699933164575
10,2.785714,2,0.17615617892342683,0.14540055597675006,0.2101213040181956,0.2761144806671721,0.1648389634687511
10,2.785714,4,0.1760803639120546,0.14330300732878443,0.21196360879454132,0.27625096273030314,0.1648143171932528
10,2.785714,3,0.17475360121304018,0.14772554965883244,0.21344579226686883,0.27631647351889954,0.16729450519893474
10,3.0,1,0.17475360121304018,0.14480667172100076,0.20786959818043974,0.2755883635991673,0.16387820349181645
10,3.0,2,0.17380591357088704,0.14416224412433662,0.2103942380591357,0.27458613126827686,0.16359052889521694
10,3.0,3,0.1749431387414708,0.14449077584028305,0.20947308567096284,0.2768436134878515,0.1646408099658029
10,3.0,0,0.1763836239575436,0.1447308567096285,0.21231235784685368,0.27656657280046215,0.16566045664462595
10,3.0,4,0.17475360121304018,0.14425069497093757,0.21375663381349508,0.2761510343333694,0.16477603192204493
20,0.0,0,0.07941622441243366,0.16460702552438716,0.3290181956027293,0.048159906494819306,0.22010413699075423
20,0.0,1,0.07922668688400303,0.1667045741723528,0.3297915087187263,0.04762850945280816,0.2214245345710481
20,0.0,2,0.07884761182714177,0.1661485974222896,0.32926838514025775,0.048658495493218774,0.2207793799376944
20,0.0,3,0.07952994692949204,0.1671468284053576,0.32979909021986353,0.04755538707775251,0.2218753909082753
20,0.0,4,0.07748294162244124,0.16721000758150115,0.32935178165276724,0.04671257686799764,0.22123006167259218
20,0.214286,2,0.09317664897649734,0.17716704574172354,0.3301895375284306,0.05968150173893161,0.2272417487469461
20,0.214286,0,0.09446550416982563,0.1786075309577963,0.3298483699772555,0.06004240526132112,0.22797614206528616
20,0.214286,1,0.09275966641394996,0.17642153146322972,0.3299924184988628,0.05889692166985572,0.22704584186512555
20,0.214286,3,0.09514783927217589,0.178316906747536,0.3284078847611827,0.06052185999494566,0.2271440175594285
20,0.214286,4,0.09332827899924186,0.17825372757139246,0.3299962092494314,0.05855694248889851,0.227746953602756
20,0.428571,1,0.11440485216072782,0.1907884761182714,0.3278354814253222,0.07974866722023659,0.23368924364145816
20,0.428571,0,0.11311599696739955,0.18937326257265605,0.3287300985595148,0.07863969216698559,0.23332730085596717
20,0.428571,2,0.11618650492797573,0.19182461460702552,0.3273768006065201,0.08087934883329122,0.2345525681925659
20,0.428571,3,0.11394996209249432,0.19001769016932019,0.32821834723275206,0.07929319048822461,0.23355995084538858
20,0.428571,4,0.11394996209249432,0.19072529694212786,0.3281690674753601,0.07993053299156408,0.23382208325669812
20,0.642857,2,0.15477634571645185,0.2055724033358605,0.319696739954511,0.12914512557613392,0.24039802818284972
20,0.642857,1,0.15655799848369978,0.20452362901187768,0.3194200151630023,0.12963438812472172,0.24001782145456163
20,0.642857,0,0.15583775587566337,0.20298205711397524,0.3179795299469295,0.1301170770304584,0.23920304481692306
20,0.642857,3,0.15693707354056102,0.2060399292393227,0.3197839272175891,0.13162326858972045,0.24068363668397055
20,0.642857,4,0.15875663381349508,0.20520596411422795,0.3197043214556482,0.1335048497539021,0.24031182303295212
20,0.857143,1,0.20564821834723276,0.20473843821076573,0.2943290371493556,0.23137020590394358,0.23165346320487545
20,0.857143,0,0.20375284306292646,0.2058377558756634,0.2970090978013647,0.22906130786911677,0.233057015284705
20,0.857143,2,0.2065959059893859,0.20530705079605763,0.2957467778620167,0.23011164662984224,0.23306237821184986
20,0.857143,4,0.20428354814253222,0.20598938589840787,0.29612964366944655,0.2284899123915424,0.23302421373941934
20,0.857143,3,0.2029188779378317,0.20279251958554462,0.29714556482183474,0.22804146058221114,0.23212348372414598
20,1.071429,2,0.20780894617134194,0.18905736669193834,0.275420773313116,0.2767512365067331,0.21591769156933002
20,1.071429,0,0.2090978013646702,0.18865301996461967,0.2745868081880212,0.2774296153892439,0.2152192477488372
20,1.071429,1,0.2099696739954511,0.19152135456153652,0.2723426838514026,0.2783272260129728,0.2156380920949267
20,1.071429,4,0.20917361637604245,0.19128127369219106,0.2733131159969674,0.27705968627026245,0.21561420440776158
20,1.071429,3,0.2086429112964367,0.19139499620924944,0.2736808188021228,0.27753956219839465,0.21644097237800022
20,1.285714,0,0.20405610310841546,0.17997220116249685,0.26046626231993936,0.28961668291274056,0.2042152639516172
20,1.285714,1,0.20288097043214556,0.1787465251453121,0.26070887035633056,0.286612603343081,0.20395899730947545
20,1.285714,2,0.20348749052312357,0.17760929997472832,0.2602767247915087,0.2871179013682804,0.20349948652039762
20,1.285714,3,0.2048521607278241,0.17922668688400303,0.26047005307050797,0.2868121893690506,0.20489569108399736
20,1.285714,4,0.20356330553449584,0.17960576194086428,0.26266489764973466,0.28730473121773353,0.20497616927540424
20,1.5,0,0.19768764215314633,0.17158200657063433,0.2503260045489007,0.28745583474734343,0.1951017270521329
20,1.5,1,0.1967399545109932,0.1714177407126611,0.24965125094768764,0.28681904882246056,0.1953208463066206
20,1.5,2,0.19802880970432146,0.1706722264341673,0.25066717210007583,0.2872022305257711,0.1948537695925064
20,1.5,3,0.1959059893858984,0.1711397523376295,0.2518953752843063,0.2875257831209309,0.19581351850134307
20,1.714286,0,0.1938210765731615,0.16626231993934798,0.24442001516300227,0.28631172003802785,0.19013199290444072
20,1.714286,1,0.1925322213798332,0.16595905989385898,0.24311978771796816,0.2877759425731374,0.18945883502955835
20,1.5,4,0.19556482183472326,0.17028051554207732,0.2522592873388931,0.28815868803927935,0.19586472471418398
20,1.714286,2,0.19336618650492798,0.16473338387667424,0.24336239575435936,0.287459760881861,0.18893303084357957
20,1.714286,3,0.19420015163002274,0.16384887541066465,0.24285443517816527,0.2865244383070388,0.1886865639691765
20,1.714286,4,0.19389689158453374,0.16453121051301492,0.24214556482183472,0.28713410231416303,0.18838404688734264
20,1.928571,0,0.18775587566338134,0.1586555471316654,0.23432903714935557,0.2840906260153796,0.18208805223239793
20,1.928571,1,0.18851402577710386,0.15961587060904725,0.23534495830174373,0.2847722541126635,0.18235512570263684
20,1.928571,2,0.18802122820318423,0.15881981298963863,0.23652388172858227,0.2840729809740424,0.18249503955091986
20,1.928571,3,0.1868081880212282,0.15929997472832955,0.23546626231993933,0.28342686859934774,0.18271492876600134
20,2.142857,1,0.18464746019711903,0.1545489006823351,0.22900682335102351,0.28374625437741435,0.17731268376371762
20,2.142857,0,0.183737680060652,0.15567349001769018,0.23013646702047005,0.28249556241500895,0.17810275448606946
20,1.928571,4,0.19158453373768006,0.15970432145564822,0.2366868840030326,0.2848527173062806,0.18367423099967203
20,2.142857,2,0.1853297952994693,0.15550922415971696,0.23191432903714937,0.28419032877239847,0.17833900466897207
20,2.142857,3,0.18457164518574679,0.1567475360121304,0.22802880970432146,0.283279901801509,0.17758403004468545
20,2.142857,4,0.18669446550416982,0.15797321202931514,0.22827899924184988,0.2845024639878696,0.17899356530823946
20,2.357143,0,0.18381349507202427,0.15262825372757138,0.2255420773313116,0.2830581729785672,0.1747629065853465
20,2.357143,1,0.182827899924185,0.15462471569370737,0.22712661106899165,0.28141029459547273,0.17619208400353634
20,2.357143,2,0.18434420015163003,0.154814253222138,0.22982183472327522,0.28266558961214006,0.17746221639053733
20,2.357143,3,0.18351023502653527,0.15477634571645185,0.22670962850644427,0.28254175842689866,0.17606986496509064
20,2.571429,0,0.1816527672479151,0.15202173363659338,0.22148597422289612,0.28098562523316123,0.17254759783536103
20,2.357143,4,0.1838893100833965,0.15399292393227193,0.22498862774829417,0.28203134589696377,0.1754600880321982
20,2.571429,2,0.18089461713419258,0.1520470053070508,0.2204245640636846,0.28122563088920177,0.17240286215910464
20,2.571429,1,0.18347232752084913,0.15125094768764216,0.22392342683851402,0.2818400032492148,0.17367366605652407
20,2.571429,4,0.18229719484457924,0.153512762193581,0.22480667172100074,0.2803524495469151,0.17445269654486112
20,2.571429,3,0.18214556482183472,0.15238817285822592,0.2218043972706596,0.28146781773108537,0.17350053397582615
20,2.785714,0,0.17960576194086428,0.15122567601718473,0.2199090219863533,0.2797834157671155,0.1717900856207062
20,2.785714,2,0.17789992418498862,0.15228708617639625,0.2210576194086429,0.28034014465022805,0.1723723990010258
20,2.785714,1,0.18047763457164517,0.15168056608541824,0.22266489764973466,0.2796415484313513,0.17341491773842824
20,2.785714,4,0.17960576194086428,0.15099823098306797,0.21910159211523883,0.2799890188574798,0.17130474540641102
20,3.0,1,0.17793783169067476,0.14840788476118272,0.21672100075815012,0.2782514260442615,0.16932677667686039
20,2.785714,3,0.17892342683851403,0.1507707859489512,0.22191053828658075,0.2790495144229034,0.17191063697434641
20,3.0,2,0.17786201667930251,0.1463229719484458,0.2170735405610311,0.2779824632658218,0.16795654914574362
20,3.0,0,0.18074298711144807,0.14982309830679807,0.2191243366186505,0.2790366078197769,0.17053338127347534
20,3.0,3,0.17717968157695224,0.1495577457669952,0.21682335102350264,0.27763654223377504,0.1693407326732857
20,3.0,4,0.17729340409401062,0.14723275208491282,0.21559514783927217,0.2778974421459258,0.16777259786611196
30,0.0,0,0.06921910538286581,0.15490270406873893,0.32920773313116,0.040858153723961156,0.2110370846089185
30,0.0,1,0.06948445792266869,0.15459944402324993,0.329090219863533,0.040932329085285865,0.21049182598797658
30,0.0,2,0.06887793783169067,0.15492797573919637,0.32886656557998484,0.039976112254353345,0.2103951036945837
30,0.0,4,0.07084912812736922,0.1553070507960576,0.32916982562547387,0.04161177599672672,0.21133002268904164
30,0.0,3,0.06838514025777104,0.15420773313115996,0.3281690674753601,0.040610987761291024,0.20978483263005704
30,0.214286,1,0.0788855193328279,0.16401314126863786,0.3305117513267627,0.04811004007364887,0.21735976988070763
30,0.214286,0,0.07782410917361637,0.1645059388425575,0.33091736163760427,0.04812821160812063,0.21785144862247002
30,0.214286,2,0.08062926459438968,0.1649481930755623,0.33085291887793783,0.05042531619673394,0.21830281632958556
30,0.214286,3,0.07915087187263078,0.16344452868334597,0.33058377558756635,0.048014699688316065,0.21751055266105618
30,0.214286,4,0.07873388931008339,0.1636214303765479,0.33095147839272177,0.04906112735718498,0.21745022789246785
30,0.428571,0,0.09651250947687642,0.1759666413949962,0.330724033358605,0.06338664452386969,0.22506416529458723
30,0.428571,1,0.09533737680060653,0.1763709881223149,0.3304321455648218,0.06441804457441304,0.22515440607606224
30,0.428571,2,0.09545109931766489,0.17560020217336367,0.33004927975739196,0.06351094203160162,0.22477349348494213
30,0.428571,3,0.09476876421531463,0.17573919636087945,0.3306937073540561,0.0630456574846264,0.2247927594250112
30,0.428571,4,0.09499620924943139,0.17650998230983067,0.33098180439727065,0.0634496281454204,0.22512004503891253
30,0.642857,0,0.12369219105382866,0.19112964366944654,0.32789992418498864,0.09265608265039652,0.23393318772368188
30,0.642857,1,0.1250568612585292,0.1916603487490523,0.3271948445792267,0.09476049075177204,0.23392827923361245
30,0.642857,2,0.12388172858225929,0.19064948193075562,0.3263760424564064,0.09252990481004128,0.2326595536686667
30,0.642857,3,0.12498104624715693,0.1929492039423806,0.3269484457922669,0.09338441821004369,0.23398929177482666
30,0.642857,4,0.121986353297953,0.1910285569876169,0.32687642153146323,0.09113382552920082,0.23327001048718804
30,0.857143,0,0.17501895375284307,0.2049532474096538,0.3105344958301744,0.162647703888227,0.23753271848267082
30,0.857143,2,0.1787338893100834,0.20595147839272177,0.3117096285064443,0.16580720423119968,0.2383696892497154
30,0.857143,1,0.1759666413949962,0.20539550164265857,0.31156178923426836,0.16335657424455757,0.23848799381342795
30,0.857143,3,0.17695223654283548,0.20564821834723276,0.31262699014404854,0.16218025319806972,0.23887082187295272
30,0.857143,4,0.17505686125852918,0.20449835734142027,0.311379833206975,0.16300093565351337,0.23743998882061187
30,1.071429,0,0.2077710386656558,0.1974981046247157,0.28630401819560275,0.25751101122784215,0.2244476763156933
30,1.071429,1,0.20902198635329794,0.19701794288602476,0.2837300985595148,0.25824671769137275,0.2231844829392707
30,1.071429,2,0.2089082638362396,0.19879959565327268,0.28750947687642153,0.258932437392445,0.22598741875046793
30,1.071429,4,0.2077710386656558,0.19715693707354057,0.286751326762699,0.2581864417487996,0.2248311669254423
30,1.071429,3,0.2087945413191812,0.1984078847611827,0.2861106899166035,0.2592174055621743,0.22534782311521492
30,1.285714,0,0.20568612585291887,0.1850770785948951,0.2685822592873389,0.2800654957459354,0.2108735376928478
30,1.285714,1,0.20655799848369977,0.18779378316906747,0.27053449583017436,0.28124395285028336,0.2131167791344978
30,1.5,0,0.20136467020470053,0.17738185494061157,0.2560121304018196,0.28501590009266276,0.20112633117454642
30,1.285714,2,0.20875663381349507,0.185645691180187,0.26907126611068993,0.2821705958097164,0.21156723041500677
30,1.285714,3,0.2068991660348749,0.18675764468031336,0.26753980288097046,0.28006937675246996,0.21143014642640318
30,1.285714,4,0.2086429112964367,0.18606267374273439,0.2701933282789992,0.28395072926820464,0.21225972737935547
30,1.5,1,0.20420773313115997,0.17832954258276473,0.2591546626231994,0.2870135353863557,0.20323108401343504
30,1.5,2,0.19981046247156936,0.17878443265099822,0.2576535253980288,0.2860043082181065,0.2015414380413656
30,1.5,4,0.20363912054586808,0.17763457164518576,0.2574677786201668,0.2883575520175217,0.20291025531262435
30,1.5,3,0.20318423047763456,0.17792519585544606,0.2564253222137983,0.2863613006486395,0.20153198798953342
30,1.714286,0,0.19609552691432905,0.17057113975233762,0.2498521607278241,0.2876738781183436,0.19435930120339612
30,1.928571,0,0.19230477634571644,0.16478392721758908,0.24221000758150113,0.28635997689447273,0.18795716358723352
30,1.714286,2,0.19814253222137984,0.170381602223907,0.2471076573161486,0.28647461701385124,0.19386333473355816
30,1.714286,1,0.19821834723275208,0.17119029567854435,0.2507771038665656,0.28748181342286727,0.19447301821380641
30,1.714286,3,0.19715693707354057,0.170078342178418,0.24808188021228203,0.28644844278373466,0.19420835281908116
30,1.714286,4,0.19742228961334343,0.17048268890573667,0.25249810462471567,0.2882059219947772,0.19526388443392498
30,1.928571,1,0.1941622441243366,0.1658074298711145,0.2405989385898408,0.2865482057113975,0.18787245956477366
30,1.928571,2,0.19203942380591357,0.16472074804144554,0.24426080363912053,0.2854310023225869,0.189188429972587
30,1.928571,3,0.19397270659590599,0.16570634318928482,0.24321455648218349,0.28709088474914857,0.18969415167825687
30,1.928571,4,0.19351781652767247,0.1656937073540561,0.2458150113722517,0.2873702871343129,0.19018740261665182
30,2.142857,0,0.1916224412433662,0.16020975486479655,0.23501137225170585,0.2863828417391723,0.18261783221094355
30,2.142857,1,0.1904473085670963,0.1602602982057114,0.23603108415466262,0.2858340403383997,0.18342370977329758
30,2.142857,2,0.18927217589082637,0.16224412433661864,0.23924564063684609,0.284858944967929,0.18473202518930049
30,2.357143,0,0.18642911296436696,0.15801111953500127,0.23181956027293404,0.2829140041156721,0.18018470682446203
30,2.142857,4,0.1893100833965125,0.15855446044983573,0.23670204700530706,0.28423957844446857,0.1831404862522623
30,2.142857,3,0.19037149355572403,0.1579100328531716,0.23692949203942382,0.2842357876938999,0.1833313766562587
30,2.357143,1,0.1862395754359363,0.15751832196108162,0.23169446550416983,0.2831744527479933,0.18008197065381673
30,2.357143,2,0.18741470811220623,0.1586429112964367,0.22962850644427596,0.28461863845866875,0.179891423417313
30,2.357143,3,0.18669446550416982,0.15638109679049786,0.2304169825625474,0.2835795666510223,0.17902479146271205
30,2.357143,4,0.18669446550416982,0.15496588324488247,0.23197877179681578,0.28361544339747524,0.17938819463347766
30,2.571429,0,0.1856330553449583,0.15443517816527672,0.22874526156178923,0.28320362046764624,0.17644640612376017
30,2.571429,1,0.18453373768006065,0.1555850391710892,0.2293669446550417,0.28349514723756575,0.17817879066883466
30,2.571429,3,0.1851781652767248,0.15485216072782412,0.2284912812736922,0.2820274348051073,0.1774841806227667
30,2.571429,2,0.18426838514025778,0.15315895880717714,0.22800227445034116,0.28304570261260936,0.17640293084211678
30,2.785714,0,0.18407884761182713,0.15333586050037906,0.22452994692949205,0.28264412373491227,0.174747254883978
30,2.571429,4,0.18491281273692192,0.15486479656305283,0.22714177407126612,0.2833587704730616,0.17655956890501492
30,2.785714,1,0.18320697498104624,0.15350012635835228,0.22444655041698255,0.2815257169332226,0.1750204329062534
30,2.785714,2,0.1825625473843821,0.15296942127874652,0.22539802880970433,0.2821939119342455,0.17441504001185462
30,2.785714,3,0.183131159969674,0.1519206469547637,0.22544730856709627,0.28160279552811773,0.17426187413196273
30,2.785714,4,0.18297952994692948,0.15264088956280011,0.22417361637604247,0.2809865277928204,0.1735560100051324
30,3.0,0,0.17956785443517817,0.15138994187515795,0.22110310841546627,0.2804065730411447,0.17208170566016978
30,3.0,2,0.18013646702047006,0.14959565327268132,0.22148976497346476,0.2805842719953789,0.1713426389716673
30,3.0,1,0.18115996967399545,0.15083396512509478,0.22446171341925703,0.2806303175806587,0.1727568146190281
50,0.0,0,0.060310841546626234,0.13918372504422544,0.31856330553449586,0.035937383419377356,0.19566521465890963
30,3.0,3,0.17926459438968917,0.15112458933535508,0.22178165276724793,0.28011811497406647,0.17256352226298008
30,3.0,4,0.18214556482183472,0.15207227697750822,0.22299848369977254,0.28091492472652446,0.17400992307183483
50,0.0,1,0.05974222896133435,0.13987869598180439,0.31923805913570885,0.03430143386644524,0.19622136078817415
50,0.0,2,0.05943896891584534,0.13794541319181197,0.3180439727065959,0.03525981684055983,0.19466684308129908
50,0.0,3,0.060614101592115235,0.1397523376295173,0.3189461713419257,0.03577200440449114,0.19559355852920046
50,0.214286,0,0.06766489764973464,0.14800353803386404,0.32351023502653525,0.04109821955064563,0.2035395430250691
50,0.214286,1,0.06721000758150114,0.1473843821076573,0.3235329795299469,0.0403964794156227,0.20344098690077353
50,0.0,4,0.060424564063684606,0.13952489259540055,0.31907505686125853,0.03502615918745562,0.1960550514196079
50,0.214286,2,0.06948445792266869,0.14810462471569372,0.3239385898407885,0.04181856745730893,0.204057399512453
50,0.214286,4,0.06865049279757392,0.14848369977255496,0.3237604245640637,0.041628322923811925,0.20401473145259788
50,0.214286,3,0.06777862016679302,0.14768764215314634,0.3232183472327521,0.04035526252451954,0.20357675482349716
50,0.428571,0,0.07880970432145565,0.16051301491028558,0.3277141774071266,0.04886767873689783,0.21359891140808016
50,0.428571,1,0.07797573919636087,0.16048774323982815,0.3276459438968916,0.04832519525373961,0.2132519377227977
50,0.428571,2,0.07880970432145565,0.16133434420015164,0.3272327520849128,0.04941396801328568,0.21377707359669595
50,0.428571,3,0.07608036391205458,0.15999494566590852,0.3263191811978772,0.047970248625100784,0.2123636642449341
50,0.642857,0,0.09787717968157696,0.17393227192317412,0.3271683093252464,0.06531276700723251,0.2220035504746701
50,0.428571,4,0.07676269901440486,0.16020975486479655,0.32741470811220624,0.04821001359856553,0.2130603229926724
50,0.642857,1,0.09499620924943139,0.17398281526408896,0.32652388172858227,0.06442934161281394,0.22174345409701396
50,0.642857,4,0.0966262319939348,0.17412180945160474,0.3272327520849128,0.06536601802712493,0.22182811282484627
50,0.642857,3,0.09704321455648218,0.1746272428607531,0.3271076573161486,0.06518738642790955,0.22251169190252948
50,0.642857,2,0.09541319181197877,0.17360374020722769,0.3262016679302502,0.06495266074587532,0.22152213360354
50,0.857143,0,0.13074298711144808,0.19272175890826385,0.3243669446550417,0.10261834061398126,0.23291905930122098
50,0.857143,1,0.13025018953752843,0.19264594389689157,0.3234950720242608,0.10311897541427488,0.2329772963785303
50,0.857143,2,0.13051554207733132,0.19094010614101592,0.3229529946929492,0.10165591116406128,0.2314456692362691
50,0.857143,3,0.13290371493555725,0.19301238311852414,0.3229302501895375,0.10471682190692806,0.2329089837028869
50,1.071429,0,0.1862395754359363,0.20327268132423554,0.3060576194086429,0.18976432663032358,0.2344496674585061
50,0.857143,4,0.1309325246398787,0.1919383371240839,0.32236542835481424,0.10317694982971708,0.23196592599690052
50,1.071429,1,0.18263836239575437,0.20267879706848624,0.3039196360879454,0.18689215615485516,0.23390393426916
50,1.071429,3,0.1858984078847612,0.20356330553449584,0.3056899166034875,0.19153108716319484,0.23544186905616948
50,1.071429,2,0.18661865049279758,0.20375284306292646,0.3037983320697498,0.1903096531764083,0.23460821519230685
50,1.071429,4,0.1893100833965125,0.20376547889815516,0.3029492039423806,0.19273600430821808,0.23445228700897286
50,1.285714,0,0.20788476118271418,0.1952868334596917,0.28020090978013645,0.2656987466454866,0.22102650702930332
50,1.285714,1,0.20871872630780894,0.1935557240333586,0.28048521607278243,0.2660077379448115,0.21980018885449643
50,1.285714,2,0.2072024260803639,0.19481930755622948,0.28194844579226686,0.2635238486347281,0.22135481779178662
50,1.285714,3,0.20875663381349507,0.19457922668688402,0.2823464746019712,0.26538208358905857,0.22100954120952726
50,1.5,1,0.2048521607278241,0.18438210765731614,0.26703563305534495,0.2797476443192895,0.20976897249653575
50,1.5,0,0.20595147839272177,0.1856583270154157,0.2697384382107657,0.2818482917554183,0.21172510067567432
50,1.285714,4,0.20780894617134194,0.19483194339145818,0.28048900682335104,0.2651481852533785,0.22051126370750418
50,1.5,4,0.20591357088703563,0.18580995703816022,0.27083017437452617,0.27906040530945764,0.2121039481464897
50,1.5,3,0.20519332827899925,0.1844831943391458,0.26704321455648217,0.28084983513243555,0.2095876366906757
50,1.5,2,0.20553449583017439,0.18612585291887793,0.2699734647460197,0.279368855072987,0.21197379986921772
50,1.714286,1,0.2008718726307809,0.17897397017942887,0.2587414708112206,0.28343210344537106,0.20293895650842803
50,1.714286,0,0.20166793025018953,0.1781526408895628,0.26070887035633056,0.28207703045837995,0.20332034148531647
50,1.714286,2,0.20113722517058377,0.17783674500884508,0.25887414708112205,0.28417071314247205,0.2019421764604635
50,1.714286,3,0.19965883244882487,0.17808946171341924,0.25785822592873386,0.28307389255929816,0.20216965436693526
50,1.714286,4,0.2011751326762699,0.17669951983826132,0.2567020470053071,0.2861558931128681,0.20171255717096376
50,1.928571,1,0.1964746019711903,0.17086176396259792,0.2503942380591357,0.28636805480342253,0.19523913768668577
50,1.928571,0,0.1992797573919636,0.1718599949456659,0.25140636846095527,0.2883018039159055,0.19639847347886125
50,1.928571,2,0.19818043972706595,0.17115238817285822,0.2515087187263078,0.286243366186505,0.19573179585853331
50,1.928571,3,0.19814253222137984,0.17359110437199898,0.25230477634571646,0.286107907024321,0.19735229789769362
50,1.928571,4,0.19946929492039422,0.17278241091736163,0.2510197119029568,0.28799144373443086,0.19656711981806146
50,2.142857,0,0.19196360879454133,0.16651503664392217,0.24578847611827143,0.28323095298265877,0.1909077733197828
50,2.142857,2,0.19492039423805912,0.16549153399039676,0.24106141015921154,0.2857757048990939,0.18850392369558627
50,2.142857,1,0.19492039423805912,0.16794288602476623,0.24588324488248672,0.2871035055417163,0.19185605926373236
50,2.142857,3,0.19465504169825626,0.1678923426838514,0.24607657316148598,0.28544824121207746,0.19232113634552958
50,2.357143,0,0.19188779378316906,0.16328026282537275,0.2381349507202426,0.2856062041950973,0.18533193558620073
50,2.142857,4,0.19480667172100075,0.16635077078594895,0.24601592115238818,0.28545546168935104,0.19161736307909144
50,2.357143,1,0.1916603487490523,0.16123325751832196,0.2367475360121304,0.2847388443626123,0.18473204575862973
50,2.357143,3,0.19067475360121305,0.16398786959818043,0.23969294920394238,0.2847624462977003,0.18706147891555264
50,2.357143,2,0.19090219863532978,0.1629011877685115,0.23582638362395755,0.2845822953897253,0.1848339941629877
50,2.357143,4,0.1904473085670963,0.15840283042709122,0.23467778620166793,0.28417527106875096,0.18260363355483605
50,2.571429,0,0.18551933282789992,0.1573414202678797,0.23256633813495073,0.28140469872558577,0.18023176647080857
50,2.571429,1,0.18730098559514785,0.15991913065453625,0.23734268385140259,0.2839686601201006,0.18359213339786784
50,2.571429,2,0.18877937831690675,0.15990649481930755,0.23197877179681578,0.2852567631803796,0.18160293396321708
50,2.571429,3,0.1884382107657316,0.16066464493303007,0.23666413949962092,0.2845443126707342,0.18354265208878573
50,2.571429,4,0.1894238059135709,0.15990649481930755,0.2350303260045489,0.2846819530187612,0.18311143524571044
50,2.785714,0,0.18570887035633055,0.15427091230730353,0.23065579984836998,0.2831754154782965,0.1781184501626118
50,2.785714,1,0.18840030326004548,0.1567475360121304,0.22923426838514024,0.28469085827406526,0.17856820342864038
50,2.785714,2,0.18616376042456406,0.1585039171089209,0.23164518574677787,0.2822500210597253,0.18025439476515284
50,2.785714,3,0.18673237300985596,0.1564442759666414,0.23110689916603488,0.2842036565700326,0.17894991832080254
50,2.785714,4,0.18597422289613344,0.15745514278493808,0.23093631539044732,0.28350635402000074,0.17906069870908153
50,3.0,0,0.18426838514025778,0.15463735152893607,0.2273199393479909,0.28197380771869024,0.17733154306611115
50,3.0,1,0.18464746019711903,0.15507960576194085,0.22633813495072025,0.2823173820956232,0.17664177870634218
50,3.0,2,0.18301743745261562,0.15326004548900682,0.227592873388931,0.28059057487033223,0.17613233101615522
50,3.0,3,0.183434420015163,0.15313368713671974,0.22514783927217588,0.28156821245050967,0.17505850597525402
75,0.0,0,0.05663381349507202,0.13078089461713419,0.3053677028051554,0.034253357521932204,0.1845415018277561
50,3.0,4,0.18381349507202427,0.1545362648471064,0.22600833965125094,0.2828284565026415,0.1756065773222532
75,0.0,1,0.05595147839272176,0.128708617639626,0.3038627748294162,0.03377861114119644,0.18335727616497344
75,0.0,3,0.05697498104624716,0.13098306798079354,0.30640257771038665,0.03350946785082494,0.1854249271763536
75,0.214286,0,0.06387414708112206,0.13843821076573162,0.31469294920394236,0.038864218924870936,0.19446302340615365
75,0.0,2,0.05765731614859742,0.13148850138994186,0.30640636846095526,0.03452349362792881,0.18549112711802587
75,0.0,4,0.058301743745261564,0.1307935304523629,0.3063419257012889,0.03410935412830788,0.186017911831056
75,0.214286,1,0.06322971948445792,0.1376926964872378,0.31457164518574676,0.038496651503664395,0.1940080752101243
75,0.214286,2,0.06266110689916604,0.13877937831690676,0.31481425322213796,0.039280479439690964,0.1940044317821233
75,0.214286,3,0.06470811220621683,0.1390068233510235,0.3146777862016679,0.03904859682058317,0.19430834734950117
75,0.214286,4,0.06463229719484458,0.13890573666919384,0.31567854435178166,0.03915335391169357,0.19497473984902897
75,0.428571,0,0.06880212282031842,0.14814253222137982,0.3205231235784685,0.043407493651997066,0.202883100972916
75,0.428571,1,0.07278241091736164,0.1491407632044478,0.3209021986353298,0.04462348219550646,0.20399584249953945
75,0.428571,2,0.06959818043972707,0.1485089714430124,0.32156178923426837,0.04320544062962563,0.2032424116933711
75,0.428571,4,0.07175890826383624,0.1482688905736669,0.3204852160727824,0.04368160102049412,0.20344681796237443
75,0.428571,3,0.07092494313874147,0.14785190801111953,0.3212168309325246,0.043802559057487034,0.20337156398182463
75,0.642857,0,0.08377558756633814,0.16249684104119283,0.32484457922668686,0.055397291719315976,0.21398764827171535
75,0.642857,2,0.08536770280515542,0.16358352287086175,0.3246664139499621,0.05518517515674452,0.2147814919387951
75,0.642857,1,0.083737680060652,0.16207985847864545,0.3241887793783169,0.054361709809018374,0.21346746278008105
75,0.642857,3,0.08176648976497347,0.16239575435936315,0.32431766489764974,0.05334551788873245,0.21375638351221582
75,0.642857,4,0.08449583017437452,0.163052817791256,0.3246626231993935,0.05560324079088295,0.21429259062441358
75,0.857143,1,0.10784685367702805,0.1782916350770786,0.32586050037907505,0.0775823736115624,0.22481291454674532
75,0.857143,2,0.10701288855193328,0.1785822592873389,0.3257657316148597,0.07622131364549864,0.22521663892592647
75,0.857143,0,0.10716451857467779,0.17883497599191306,0.32521607278241094,0.07679288963500489,0.22487669452973327
75,0.857143,3,0.10705079605761941,0.17812736921910538,0.32573540561031084,0.07721112073841414,0.22447307911556616
75,0.857143,4,0.10682335102350266,0.17998483699772555,0.32598180439727065,0.07740924762626811,0.22570599572576508
75,1.071429,0,0.15060652009097802,0.1989764973464746,0.31688021228203184,0.1307201072240875,0.23531724694145623
75,1.071429,2,0.15041698256254737,0.19864796563052817,0.3183396512509477,0.12884269287699918,0.23485890630452383
75,1.071429,1,0.15083396512509478,0.19796563052817792,0.31749810462471567,0.1288722216205158,0.23451272491224612
75,1.071429,3,0.1538286580742987,0.19994945665908517,0.318483699772555,0.132534688376235,0.23611464798726187
75,1.071429,4,0.15333586050037906,0.19776345716451857,0.31811220621683095,0.13073838405718616,0.2343161340042073
75,1.285714,1,0.2020470053070508,0.2004422542330048,0.29515921152388175,0.22756480378353006,0.22924682025733006
75,1.285714,2,0.19874905231235784,0.20075815011372253,0.29648976497346474,0.2285410724815577,0.23015437389162902
75,1.285714,0,0.2010235026535254,0.20127621935809958,0.2958756633813495,0.22926324055020036,0.2298281186332845
75,1.285714,3,0.20318423047763456,0.20077078594895123,0.29438589840788476,0.2321314999338123,0.22970487575402876
75,1.285714,4,0.1995830174374526,0.20156684356835985,0.29621304018195604,0.2274325035801533,0.23038160420248183
75,1.5,0,0.20519332827899925,0.19109173616376043,0.2774715693707354,0.2697801815950034,0.21753538740686967
75,1.5,2,0.20443517816527673,0.1921910538286581,0.2785974222896133,0.2685942482881452,0.21867847505010882
75,1.5,1,0.206027293404094,0.19236795552186,0.278601213040182,0.27062296171943634,0.21906911896305328
75,1.5,3,0.2047005307050796,0.1894490775840283,0.27763457164518573,0.27007950046331397,0.21701857666626076
75,1.714286,0,0.20428354814253222,0.18658074298711144,0.269461713419257,0.2795884177527468,0.21187472803013235
75,1.5,4,0.20705079605761942,0.19138236037402073,0.2811106899166035,0.2711633994007004,0.21905719899697468
75,1.714286,1,0.20200909780136467,0.18515289360626738,0.269158453373768,0.27838500487382223,0.21114153833840277
75,1.714286,2,0.2029188779378317,0.18472327520849127,0.2671986353297953,0.2785509254245039,0.20930831401720013
75,1.714286,4,0.20428354814253222,0.18491281273692192,0.26910538286580743,0.2796383744298831,0.2109566642196805
75,1.714286,3,0.20519332827899925,0.18378822340156684,0.26694465504169823,0.28147032985547005,0.20946195315311983
75,1.928571,0,0.1992418498862775,0.17782410917361638,0.2592608036391205,0.282352296111773,0.20274549688091398
75,1.928571,2,0.2004169825625474,0.1800606520090978,0.2584647460197119,0.28262237204712565,0.2031704836593061
75,1.928571,1,0.20056861258529188,0.17913823603740206,0.26000758150113723,0.2835648699712384,0.20384902353972972
75,1.928571,3,0.2015921152388173,0.17820318423047762,0.2552691432903715,0.285538301623404,0.2013543447877356
75,2.142857,0,0.19742228961334343,0.1717083649229214,0.25115996967399545,0.2860597253811811,0.1957042743975148
75,1.928571,4,0.20193328278999242,0.17760929997472832,0.2583131159969674,0.28441736765466863,0.20253452737808225
75,2.142857,1,0.19848369977255498,0.17385645691180188,0.2515352539802881,0.28557422349783984,0.19728306370814955
75,2.142857,3,0.19719484457922667,0.17101339398534243,0.24882865807429871,0.2840913931910899,0.19472235222321027
75,2.142857,2,0.1970432145564822,0.1717083649229214,0.252475360121304,0.2862665619697462,0.196225257417973
75,2.357143,0,0.19435178165276726,0.16799342936568107,0.24654283548142533,0.2841913215880236,0.19193915483605142
75,2.142857,4,0.19746019711902957,0.16987616881475864,0.24827520849128126,0.28496878647845286,0.19339888771636407
75,2.357143,1,0.19431387414708112,0.16953500126358353,0.24965504169825625,0.2865122988796226,0.19433083261770168
75,2.357143,2,0.19446550416982564,0.1678797068486227,0.2477407126611069,0.28523248432554726,0.19187984037898181
75,2.357143,3,0.19423805913570888,0.16780389183725045,0.24763836239575435,0.2839202077090629,0.19243287622940422
75,2.357143,4,0.19533737680060653,0.16742481678038917,0.24549658832448826,0.2853618662526926,0.19085895329757832
75,2.571429,0,0.19109173616376043,0.1655294414960829,0.24275966641394997,0.28458987689086246,0.18893594626212867
75,2.571429,1,0.19082638362395754,0.16448066717210008,0.24205837755875664,0.28395458018941716,0.1877123705097678
75,2.571429,4,0.19317664897649733,0.16487237806419006,0.24220621683093252,0.28540518911633395,0.1885515182565123
75,2.571429,3,0.19401061410159212,0.16443012383118524,0.24044351781652767,0.2838975384189562,0.18764690728932282
75,2.571429,2,0.1922289613343442,0.1661233257518322,0.24153904473085672,0.2851454023610961,0.18857827900096016
75,2.785714,0,0.1897270659590599,0.16119535001263582,0.2389689158453374,0.2839270069918288,0.18476471985693182
75,2.785714,1,0.18646702047005306,0.16033611321708366,0.23658074298711146,0.28333062565435574,0.1835188913066923
75,2.785714,2,0.18904473085670964,0.16191559262067223,0.23666793025018953,0.28376319241368525,0.1846728864018429
75,2.785714,3,0.1901819560272934,0.16079100328531715,0.23560652009097802,0.284433749112483,0.18305711400193575
75,3.0,0,0.18775587566338134,0.15887035633055344,0.23163381349507203,0.2824209809018376,0.18036588044077959
75,2.785714,4,0.18862774829416223,0.1582132928986606,0.23239575435936316,0.2829289264353707,0.1808833264174614
75,3.0,2,0.18764215314632296,0.15832701541571897,0.23353297952994692,0.28155279372299846,0.1808431287594734
75,3.0,1,0.18752843062926458,0.15860500379075057,0.23355951478392722,0.28308467814722554,0.18095940181529407
75,3.0,3,0.18893100833965126,0.15857973212029314,0.22929112964366943,0.2838812773024297,0.17968781962557356
75,3.0,4,0.18635329795299468,0.15756886530199646,0.23112964366944655,0.282370211921008,0.18012504078769062
100,0.0,0,0.0533737680060652,0.12429871114480667,0.29409021986353295,0.03230904846143663,0.17641432355157094
100,0.0,1,0.05261561789234268,0.12280768258781906,0.29311599696739954,0.03219636388798633,0.17525072138914174
100,0.0,3,0.0547005307050796,0.12421026029820571,0.2954624715693707,0.03242404960467887,0.17732247398316808
100,0.0,2,0.05307050796057619,0.12510740459944403,0.29355193328279,0.031981028195963754,0.17679656408908256
100,0.0,4,0.05507960576194086,0.1237427343947435,0.294764973464746,0.034094822917794865,0.1764869984923596
100,0.214286,0,0.060614101592115235,0.1340283042709123,0.30688400303260044,0.03652916170258854,0.18812057975865779
100,0.214286,1,0.060348749052312356,0.13411675511751328,0.3071986353297953,0.03711131268276833,0.1879514182339483
100,0.214286,2,0.060272934040940106,0.1332954258276472,0.30718347232752086,0.03616234641443132,0.18828308233021707
100,0.214286,4,0.060576194086429114,0.13464746019711904,0.3069825625473844,0.036487523616977754,0.18819480111108436
100,0.428571,0,0.06793025018953752,0.14321455648218348,0.3147119029567854,0.04178470642742818,0.19731896555191142
100,0.214286,3,0.06156178923426839,0.1345842810209755,0.3069484457922669,0.03670135504290167,0.1880862996862201
100,0.428571,1,0.06766489764973464,0.14220368966388677,0.3150303260045489,0.040435379736933945,0.19670297182097563
100,0.428571,2,0.06830932524639878,0.14332827899924186,0.3154548900682335,0.04113514928336763,0.19793993257344455
100,0.428571,3,0.06793025018953752,0.1435430881981299,0.31387793783169066,0.040859146539586264,0.19639659299496937
100,0.428571,4,0.06732373009855952,0.14508466009603235,0.3156899166034875,0.03998865783361613,0.19815828794725796
100,0.642857,0,0.07626990144048522,0.15548395248925953,0.32115996967399546,0.04728603319012721,0.20763216111955254
100,0.642857,1,0.0788855193328279,0.15692443770533232,0.3211675511751327,0.05054489030891609,0.2087685805968494
100,0.642857,3,0.0772554965883245,0.15583775587566337,0.32136846095526916,0.04881227661648435,0.2079374894440637
100,0.642857,2,0.0775587566338135,0.15494061157442507,0.32098938589840786,0.048920854543485326,0.20766731293146684
100,0.857143,0,0.09435178165276725,0.16968663128632802,0.32362774829416224,0.06423020686667388,0.21853969114994878
100,0.642857,4,0.07702805155420774,0.15574930502906242,0.32119029567854435,0.04805803759461834,0.207848732828075
100,0.857143,1,0.09564063684609553,0.1712661106899166,0.32459818043972705,0.06479614185831017,0.21973963249353043
100,0.857143,2,0.09332827899924186,0.16963608794541318,0.32440106141015923,0.06380123530332023,0.21885512432635656
100,0.857143,3,0.09423805913570887,0.16990144048521608,0.32549279757391963,0.06573630816997003,0.21954604348337675
100,0.857143,4,0.09393479909021986,0.1694844579226687,0.3250341167551175,0.06704674958181403,0.2188579215088664
100,1.071429,1,0.12710386656557998,0.1904978519080111,0.32311220621683095,0.1005375946183376,0.23083641216108286
100,1.071429,0,0.12789992418498863,0.1895880717715441,0.3217475360121304,0.09997176492532824,0.23002699330300808
100,1.071429,2,0.12839272175890826,0.18971443012383118,0.32354814253222136,0.10077209466045707,0.23086861395758307
100,1.285714,0,0.18426838514025778,0.20051806924437704,0.3057543593631539,0.18411302453758857,0.23312452517895138
100,1.071429,3,0.12710386656557998,0.1896259792772302,0.3227710386656558,0.10100764768884556,0.23051083953723647
100,1.071429,4,0.12793783169067474,0.18934799090219864,0.32261561789234267,0.10099714791147693,0.2300924050455162
100,1.285714,2,0.1825625473843821,0.20343694718220875,0.3074336618650493,0.18110210055718018,0.23485011120658691
100,1.285714,1,0.18176648976497348,0.20286833459691686,0.3071569370735406,0.18312639144614126,0.23509897529309648
100,1.285714,3,0.18047763457164517,0.2027798837503159,0.30769901440485214,0.18236059966063758,0.23486389996063234
100,1.5,0,0.2026535253980288,0.19553955016426586,0.28633813495072025,0.25512204110858394,0.22284288543706327
100,1.285714,4,0.1774450341167551,0.2014910285569876,0.3086542835481425,0.17855542318013887,0.2342834692306389
100,1.5,1,0.2048521607278241,0.1969168562041951,0.2870128885519333,0.256379833206975,0.22337100810154356
100,1.5,2,0.20511751326762698,0.19684104119282284,0.28743745261561787,0.2567151341203654,0.22463526210028428
100,1.5,3,0.20341167551175132,0.19519838261309072,0.28702426080363913,0.25272914485480824,0.2233343717507526
100,1.5,4,0.20416982562547384,0.1950341167551175,0.28637225170583774,0.25485559045452905,0.2226211704159073
100,1.714286,0,0.20511751326762698,0.1890194591862522,0.276144806671721,0.27301387234196184,0.21614469644156498
100,1.714286,1,0.20405610310841546,0.18775587566338134,0.2735140257771039,0.2752980552847877,0.2137385275153489
100,1.714286,2,0.20424564063684608,0.18869092747030577,0.2716868840030326,0.2728975173592308,0.2138102065202629
100,1.714286,3,0.20568612585291887,0.1884129390952742,0.2725852918877938,0.27383056849224396,0.21410972962783412
100,1.928571,0,0.20056861258529188,0.18157695223654283,0.26277862016679304,0.27878428222438834,0.20565681807486644
100,1.714286,4,0.2074677786201668,0.18948698508971443,0.2737604245640637,0.27653754046475804,0.21459802276471912
100,1.928571,1,0.20216072782410918,0.1818170331058883,0.26269901440485216,0.2800832310432386,0.20598326540496706
100,1.928571,2,0.20246398786959818,0.1816906747536012,0.2665087187263078,0.2808017287026006,0.20795483811839893
100,1.928571,3,0.20253980288097043,0.18230983067980794,0.2653146322971948,0.2802767548768307,0.20807082700511162
100,1.928571,4,0.20310841546626232,0.18102097548647966,0.2621834723275209,0.28076356547167763,0.20667416326430846
100,2.142857,0,0.20151630022744504,0.17806419004296184,0.25847232752084914,0.2838195873497238,0.20252452804167653
100,2.142857,2,0.20083396512509477,0.17604245640636845,0.25586429112964365,0.28386760352359286,0.20054136185886762
100,2.142857,1,0.19969673995451098,0.1774323982815264,0.25741849886277485,0.28443940515301397,0.20126432365604563
100,2.142857,3,0.20064442759666415,0.1769648723780642,0.257592873388931,0.2829619300335752,0.2019484209659507
100,2.357143,0,0.19787717968157695,0.17364164771291382,0.25299469294920396,0.2847908317989819,0.19765278655723167
100,2.357143,1,0.1988248673237301,0.17408390194591863,0.2522365428354814,0.28537448704526036,0.19771744661727558
100,2.142857,4,0.200606520090978,0.17671215567349002,0.2576762699014405,0.2832065838718606,0.20167689353755242
100,2.357143,2,0.19636087945413191,0.17328784432650998,0.25140636846095527,0.28492773505662056,0.19709484302303126
100,2.357143,3,0.1967778620166793,0.17338893100833966,0.2515845337376801,0.28565928974571886,0.19693976233126284
100,2.357143,4,0.19685367702805157,0.17340156684356836,0.2501630022744503,0.28287957146467385,0.1963545238448868
100,2.571429,1,0.19374526156178923,0.16790497851908012,0.24664139499620924,0.28355176781351915,0.19143240314731727
100,2.571429,2,0.19522365428354815,0.16854940611574426,0.2484382107657316,0.28564990312526317,0.19291122550562925
100,2.571429,0,0.19776345716451857,0.17106393732625727,0.24853677028051555,0.28589215013779073,0.19391279716736096
100,2.571429,3,0.19594389689158453,0.16842304776345715,0.24531084154662622,0.28426224773457526,0.19224002393991063
100,2.571429,4,0.19488248673237302,0.16881475865554713,0.2476800606520091,0.2851447705693346,0.19293179770144137
100,2.785714,0,0.19283548142532222,0.16521354561536516,0.24062168309325246,0.284818781063095,0.18866841614638413
100,2.785714,1,0.19200151630022744,0.16492292140510487,0.24306671721000758,0.28449589034501843,0.18901274972760423
100,2.785714,2,0.19040940106141016,0.1613090725296942,0.23757012888551934,0.28346921369002487,0.18461036362900782
100,2.785714,3,0.19067475360121305,0.16394996209249432,0.2449696739954511,0.28392951911621356,0.18902053732902255
100,2.785714,4,0.18980288097043216,0.1648091988880465,0.2408188021228203,0.28372147911476947,0.187901363071095
100,3.0,0,0.18756633813495072,0.16297700277988375,0.23962850644427597,0.2823540109751254,0.1864939615314528
100,3.0,1,0.18927217589082637,0.16306545362648472,0.23881349507202426,0.2826638296208046,0.18634292110030626
100,3.0,2,0.1895754359363154,0.162143037654789,0.2390068233510235,0.28340290564039616,0.185577495772219
100,3.0,3,0.1893100833965125,0.16191559262067223,0.23854435178165276,0.2824282013791112,0.18504584241909122
100,3.0,4,0.18877937831690675,0.16163760424564064,0.2362926459438969,0.282666777982358,0.1845590181076103
125,0.0,1,0.05136467020470053,0.11785443517816528,0.284647460197119,0.030989957519525373,0.16922401264852832
125,0.0,0,0.05018953752843063,0.12062168309325247,0.2872630780894617,0.030421450232860393,0.17161353627626946
125,0.0,2,0.05140257771038666,0.11712155673490017,0.2832335102350265,0.03081379291671179,0.16828125368485214
125,0.0,3,0.05087187263078089,0.11814505938842558,0.28480667172100077,0.02972262837406886,0.1694511197665026
125,0.0,4,0.05053070507960576,0.11882739449077584,0.2860197119029568,0.030027362600334544,0.17016705386969783
125,0.214286,0,0.058150113722517056,0.13060399292393227,0.302289613343442,0.03488704465865194,0.18397532775581132
125,0.214286,1,0.058377558756633814,0.12934040940106142,0.3009476876421531,0.03519096658122435,0.18297893413030036
125,0.214286,2,0.05739196360879454,0.12807682587819055,0.2991470811220622,0.034644030470414096,0.1810341977369577
125,0.214286,3,0.058150113722517056,0.12945413191811977,0.30148976497346475,0.03509346005270948,0.1829073904341963
125,0.428571,1,0.06546626231993935,0.13991660348749052,0.3120204700530705,0.03947317592692877,0.19411918947360612
125,0.214286,4,0.05841546626231994,0.12916350770785948,0.3025360121304018,0.035734292453397834,0.1835628191686242
125,0.428571,0,0.06664139499620925,0.14025777103866566,0.31185746777862017,0.04063471003766682,0.19436808116922596
125,0.428571,2,0.06296436694465504,0.13901945918625222,0.3123540561031084,0.03877397800161257,0.19349053490134432
125,0.428571,3,0.06413949962092494,0.13922163254991154,0.3118650492797574,0.0390592018965787,0.1935484733411552
125,0.428571,4,0.06516300227445034,0.1391458175385393,0.3116186504927976,0.04056539345584076,0.19329261313137358
125,0.642857,0,0.07350265352539803,0.14960828910791002,0.31826762699014405,0.046129372901548796,0.20185355411279646
125,0.642857,2,0.07539802880970432,0.1501516300227445,0.31847611827141775,0.04742027389677124,0.20316166825802115
125,0.642857,1,0.07293404094010614,0.14872378064190042,0.31805534495830173,0.04676402276857167,0.20269786474359686
125,0.642857,3,0.07547384382107657,0.14992418498862775,0.31796815769522363,0.04757543894484759,0.20324359335973768
125,0.642857,4,0.0758150113722517,0.1513267626990144,0.31844579226686887,0.04602788006787249,0.20345973365703768
125,0.857143,0,0.0876800606520091,0.16316654030831437,0.32221758908263837,0.058579912632224986,0.2135051398408984
125,0.857143,1,0.08927217589082638,0.16293909527419762,0.32270280515542077,0.05816363707474398,0.21396842434018098
125,0.857143,2,0.08877937831690674,0.1633434420015163,0.32321455648218345,0.057898269492280094,0.21448379214705549
125,0.857143,3,0.08722517058377559,0.16434167298458427,0.3230742987111448,0.058820068714875384,0.21470686946281398
125,0.857143,4,0.08790750568612585,0.16370988122314886,0.3233282789992418,0.05929427355981563,0.21456431194554293
125,1.071429,0,0.11448066717210008,0.1828531715946424,0.3250909780136467,0.08507501775033996,0.22644590385804605
125,1.071429,1,0.1137983320697498,0.1822592873388931,0.3234078847611827,0.08557378726067126,0.22597208665584795
125,1.071429,2,0.1137983320697498,0.18277735658327016,0.3241243366186505,0.08632492749437404,0.22656347919990255
125,1.071429,3,0.11353297952994693,0.18258781905483953,0.32452994692949205,0.08401825577337328,0.22657388473666057
125,1.071429,4,0.11292645943896891,0.1813874147081122,0.32399545109931766,0.08593226891464194,0.2255311994586659
125,1.285714,0,0.16311599696739953,0.19761182714177408,0.316497346474602,0.14531090171727018,0.23462711277061038
125,1.285714,2,0.16254738438210767,0.20123831185241345,0.3159059893858984,0.14799100749726224,0.23573474651827525
125,1.285714,3,0.16057619408642912,0.19738438210765732,0.3145564821834723,0.14524298410291586,0.23383783951081813
125,1.285714,1,0.1598180439727066,0.1979529946929492,0.3140940106141016,0.14544405935232319,0.23380027855556573
125,1.5,1,0.20098559514783929,0.20003790750568612,0.2929226686884003,0.23048488513424065,0.22884816225966137
125,1.285714,4,0.16311599696739953,0.19930502906242104,0.31607278241091735,0.14778924028544954,0.23531482792914876
125,1.5,0,0.20197119029567853,0.20034116755117512,0.2950530705079606,0.23201797297134674,0.22974182330213044
125,1.5,2,0.20341167551175132,0.2010235026535254,0.2958984078847612,0.2326503664392216,0.2299656936705897
125,1.5,3,0.19943138741470812,0.1992797573919636,0.295420773313116,0.23266700362227274,0.22904556921305524
125,1.714286,0,0.20523123578468536,0.19064948193075562,0.2809855951478393,0.26630782398883235,0.21818456758508087
125,1.714286,3,0.20648218347232752,0.19229214051048774,0.2781159969673995,0.2663378190548395,0.21798432633963158
125,1.5,4,0.19977255496588325,0.20037907505686126,0.2969294920394238,0.23204699026438985,0.23022408154394988
125,1.714286,2,0.20534495830174374,0.19123073035127622,0.2782373009855951,0.26640945220645756,0.2177408394770392
125,1.714286,1,0.20307050796057619,0.19258276472074803,0.2817664897649735,0.2654649686510945,0.21984878751722925
125,1.714286,4,0.20299469294920394,0.19126863785696235,0.28094768764215317,0.2660370711337353,0.21877630803639753
125,1.928571,0,0.20500379075056863,0.18596158706090474,0.2704510993176649,0.2767914004115672,0.21130355354711403
125,1.928571,1,0.2018953752843063,0.1868208238564569,0.2706330553449583,0.2749020421916556,0.2126084338103187
125,1.928571,2,0.20348749052312357,0.1874020722769775,0.27154662623199394,0.27563305534495824,0.213074478616626
125,1.928571,3,0.20443517816527673,0.18647965630528177,0.26838134950720244,0.27499079389147624,0.2110942368045637
125,2.142857,0,0.20272934040940105,0.17954258276472074,0.26374526156178923,0.2816634625798765,0.20570643928777504
125,1.928571,4,0.20591357088703563,0.18757897397017942,0.271497346474602,0.27850314993321057,0.21315919292684002
125,2.142857,1,0.20242608036391205,0.17999747283295425,0.26216072782410915,0.281828555784204,0.20485368520414257
125,2.142857,2,0.20303260045489008,0.18208238564569118,0.2637414708112206,0.2800967844807875,0.2071426685465927
125,2.142857,3,0.20363912054586808,0.18126105635582512,0.26073540561031083,0.2804226987737223,0.20522750173786353
125,2.357143,0,0.19738438210765732,0.17539802880970431,0.25860121304018197,0.28103680036583756,0.20110827252737074
125,2.142857,4,0.2032221379833207,0.18085670962850645,0.26167551175132675,0.28181789053756445,0.20560102121894275
125,2.357143,1,0.19852160727824109,0.17541066464493302,0.2575322213798332,0.2844921597650938,0.20052381577352615
125,2.357143,2,0.1992418498862775,0.1774323982815264,0.25644806671721,0.28260153796165927,0.20170024935813857
125,2.357143,3,0.19962092494313874,0.17500631791761437,0.254393479909022,0.2840139987003141,0.19943134852840932
125,2.571429,1,0.1949962092494314,0.1714051048774324,0.2521455648218347,0.28386856625389606,0.19602225911946797
125,2.571429,0,0.19480667172100075,0.1717083649229214,0.2513912054586808,0.28334305089233064,0.19619660379363751
125,2.357143,4,0.2008718726307809,0.1771544099064948,0.2554397270659591,0.2835271881054671,0.20133327674853457
125,2.571429,2,0.1989764973464746,0.17380591357088704,0.2523502653525398,0.2860957826395658,0.1981078949649835
125,2.571429,3,0.1984078847611827,0.17265605256507455,0.25314253222137983,0.2834084262969782,0.19791090844970333
125,2.571429,4,0.19696739954510994,0.171986353297953,0.24977255496588324,0.2848319133061362,0.19602713299181085
125,2.785714,0,0.1947308567096285,0.16779125600202174,0.24269522365428356,0.2844704832906122,0.19038020190879937
125,2.785714,2,0.19306292645943898,0.16881475865554713,0.24292645943896893,0.2830969980865735,0.190846297406029
125,2.785714,1,0.19435178165276726,0.17034369471822086,0.24741849886277484,0.2850443156792664,0.19330665465987126
125,2.785714,3,0.19537528430629264,0.1702299722011625,0.2467740712661107,0.28511021757704846,0.19329385837127872
125,3.0,1,0.1913570887035633,0.16752590346221885,0.24572403335860502,0.2830137820859958,0.1913231600232272
125,3.0,0,0.19154662623199392,0.16487237806419006,0.24162244124336618,0.28331087464048044,0.18833627957792545
125,2.785714,4,0.19389689158453374,0.1688905736669194,0.2446360879454132,0.28427340938902723,0.19182440899496048
125,3.0,2,0.19147081122062168,0.1635203436947182,0.23989764973464747,0.2845078793458248,0.1868631269852454
125,3.0,3,0.19181197877179681,0.16309072529694213,0.2425056861258529,0.2849169945966762,0.1875981229390004
125,3.0,4,0.19029567854435178,0.16368460955269143,0.23938589840788477,0.2834998104624715,0.18662214853749942
150,0.0,0,0.04890068233510235,0.11498610058124842,0.27820697498104624,0.028902938734250334,0.1648189149426736
150,0.0,2,0.0488248673237301,0.1140889562800101,0.27671341925701287,0.0286186173989434,0.16405876971370326
150,0.0,1,0.05064442759666414,0.11623704826889057,0.27854056103108416,0.03085831919323201,0.165780924703965
150,0.0,3,0.0478013646702047,0.11344452868334597,0.2773881728582259,0.02725614342274691,0.16405043348215068
150,0.0,4,0.04689158453373768,0.11167551175132676,0.2752767247915087,0.02779367787044057,0.16196255572265686
150,0.214286,1,0.05769522365428355,0.12605509224159717,0.2959476876421531,0.03456090472580237,0.17879299807157917
150,0.214286,0,0.056520090978013644,0.12709123073035128,0.2968802122820318,0.034377985968205835,0.17992713484118675
150,0.214286,3,0.05564821834723275,0.12587819054839525,0.29559514783927215,0.03335649903125264,0.17907515975399033
150,0.214286,4,0.05716451857467779,0.12621935809957038,0.2976573161485974,0.03464866360999796,0.17970484902703934
150,0.214286,2,0.05750568612585292,0.12704068738943644,0.2961485974222896,0.034380122026065926,0.17918813570580766
150,0.428571,0,0.06326762699014404,0.1369345463735153,0.3083396512509477,0.037461535915857366,0.190415061614649
150,0.428571,1,0.06307808946171342,0.13591104371998988,0.3083358605003791,0.038176994957700036,0.19034895246638758
150,0.428571,3,0.06330553449583018,0.13626484710639372,0.3084609552691433,0.03931897360915557,0.19031115690263967
150,0.428571,2,0.06315390447308566,0.13597422289613342,0.3088286580742987,0.037888777573197585,0.19023138208234797
150,0.428571,4,0.06197877179681577,0.1352160727824109,0.308366186504928,0.03766926002142075,0.19003860121483176
150,0.642857,0,0.07164518574677786,0.1482183472327521,0.31709249431387415,0.04445547071494759,0.20136807606821785
150,0.642857,2,0.07266868840030326,0.14805408137477888,0.31546626231993935,0.04448451809331263,0.20021527348560147
150,0.642857,1,0.07009097801364671,0.14618397776093,0.3160993176648976,0.04302883978964343,0.19960675564315467
150,0.642857,3,0.07191053828658074,0.14733383876674247,0.3162168309325246,0.043243648988531475,0.20007417711953632
150,0.857143,0,0.0841546626231994,0.16017184735911044,0.31989385898407885,0.05553484181137706,0.21027271247546536
150,0.642857,4,0.0724412433661865,0.1474981046247157,0.3167892342683851,0.044184973585087314,0.20110610533370615
150,0.857143,1,0.0821076573161486,0.15890826383623957,0.3208491281273692,0.053746660529260984,0.21004313578191747
150,0.857143,2,0.0835860500379075,0.15959059893858984,0.32092115238817287,0.053488859405273356,0.21046870494747855
150,0.857143,3,0.08222137983320697,0.15900935051806925,0.32119787717968157,0.05305457778259143,0.21081018358700893
150,0.857143,4,0.0838893100833965,0.1604371998989133,0.32200530705079605,0.05456874195217638,0.2118659897121752
150,1.071429,0,0.10314632297194845,0.1753853929744756,0.3251933282789992,0.07471458055044106,0.22236086779992345
150,1.071429,2,0.10352539802880971,0.1757771038665656,0.3237263078089462,0.07701994355993598,0.22180635767538898
150,1.071429,4,0.10530705079605762,0.17510740459944402,0.32371493555724035,0.07743888166841162,0.22157711531218632
150,1.071429,1,0.10295678544351781,0.1765478898155168,0.32456027293404094,0.07522127754311227,0.22243082137093673
150,1.071429,3,0.10606520090978014,0.17534748546878948,0.3236087945413192,0.07833173881126874,0.22233997660323085
150,1.285714,0,0.1432524639878696,0.1949962092494314,0.31786201667930253,0.12124240345620178,0.2324535090943547
150,1.285714,1,0.1422289613343442,0.19481930755622948,0.3201213040181956,0.12006710531066103,0.23293121945535797
150,1.285714,2,0.14184988627748293,0.19462977002779883,0.3193366186504928,0.11882922969541618,0.23279650776434288
150,1.285714,3,0.14412433661865048,0.1950088450846601,0.31932145564821834,0.12145492617061988,0.23285109484455413
150,1.285714,4,0.14359363153904472,0.19299974728329541,0.3197498104624716,0.12390346522738485,0.23215897582767092
150,1.5,0,0.19063684609552692,0.20185746777862015,0.3016224412433662,0.20464139800474146,0.23241020107010804
150,1.5,1,0.18881728582259288,0.20125094768764215,0.303737680060652,0.19748998158778294,0.23283582510542447
150,1.5,4,0.19128127369219106,0.20111195350012637,0.3018309325246399,0.20325541234942296,0.23221779552560795
150,1.5,3,0.19006823351023502,0.2026535253980288,0.3027975739196361,0.20207200620961047,0.23328336935345906
150,1.5,2,0.1895754359363154,0.2004169825625474,0.30278620166793024,0.2004760250069196,0.23180767004991631
150,1.714286,1,0.2065959059893859,0.19469294920394237,0.28345337376800606,0.26029294078005216,0.22178082766128654
150,1.714286,0,0.20523123578468536,0.19495830174374526,0.28605761940864294,0.2573886843086995,0.22310375530746746
150,1.714286,2,0.20447308567096284,0.19360626737427344,0.285420773313116,0.25617432037257665,0.2216144043574436
150,1.714286,3,0.20413191811978773,0.19392216325499115,0.2831956027293404,0.25561184519296726,0.22119330607814297
150,1.714286,4,0.20462471569370735,0.19565327268132424,0.2858680818802123,0.25582963283873067,0.22306613661586142
150,1.928571,0,0.20269143290371494,0.18864038412939096,0.27463229719484455,0.2709733353791352,0.21541600779614808
150,1.928571,1,0.20432145564821835,0.18817285822592875,0.275470053070508,0.27193728413781487,0.21447630930377234
150,1.928571,2,0.20435936315390446,0.1890320950214809,0.2741887793783169,0.27172924413637073,0.21460258043787056
150,1.928571,3,0.20424564063684608,0.18840030326004548,0.27520090978013645,0.26870389424407615,0.21462586402817138
150,1.928571,4,0.20530705079605763,0.18803386403841293,0.2756709628506444,0.2728528857840837,0.2149607076764651
150,2.142857,0,0.20246398786959818,0.18030073287844325,0.2641736163760425,0.2788180529983032,0.20648374626948596
150,2.142857,1,0.2023502653525398,0.18500126358352287,0.267338893100834,0.27729123795082855,0.2090718715509861
150,2.142857,2,0.20231235784685367,0.18375031589588073,0.26671721000758153,0.27824250574629644,0.209900043129453
150,2.142857,3,0.20037907505686126,0.18538033864038414,0.2668536770280516,0.2766270142123061,0.21006348138282638
150,2.142857,4,0.20708870356330553,0.18473591104372,0.26634192570128884,0.2806291141677798,0.20968395532224565
150,2.357143,1,0.2007202426080364,0.1796310336113217,0.26054965883244885,0.2815483561380074,0.20419371523831895
150,2.357143,0,0.19920394238059136,0.1774450341167551,0.2598294162244124,0.279804114468633,0.2029336992440979
150,2.357143,2,0.20018953752843063,0.18059135708870355,0.26122441243366185,0.2809320884027101,0.20475358773743602
150,2.357143,3,0.20056861258529188,0.17840535759413698,0.26046626231993936,0.2815952140269805,0.2028553159604849
150,2.571429,0,0.19806671721000757,0.178316906747536,0.2561372251705838,0.28463249274943736,0.2013243914865029
150,2.357143,4,0.20140257771038667,0.17907505686125852,0.25859363153904474,0.2806895555796238,0.20358405336970975
150,2.571429,1,0.19833206974981046,0.1746398786959818,0.2554510993176649,0.2839396428270575,0.19960866012518766
150,2.571429,2,0.19620924943138743,0.17504422542330048,0.2555344958301744,0.2829190434071026,0.1992176084210462
150,2.571429,3,0.19981046247156936,0.17575183219610815,0.25444655041698255,0.2829827641190416,0.19953369882702515
150,2.571429,4,0.1981046247156937,0.17560020217336367,0.2543366186504928,0.281556599516228,0.1992023199895753
150,2.785714,0,0.19556482183472326,0.17225170583775587,0.24936315390447308,0.2833395760376428,0.19559427034645133
150,2.785714,1,0.19571645185746778,0.17158200657063433,0.24991281273692192,0.28296600659470256,0.19534714180274013
150,2.785714,2,0.19567854435178164,0.17180945160475108,0.2501137225170584,0.2831002623440076,0.19562271488938712
150,2.785714,4,0.19457922668688402,0.17052059641142278,0.24974222896133436,0.2836476497346475,0.1944724062886866
150,3.0,0,0.1947308567096285,0.16824614607025523,0.24694465504169827,0.28393824385958577,0.1922562265980331
150,3.0,1,0.19431387414708112,0.17033105888299216,0.24697498104624716,0.28483246988459265,0.1934035383180378
150,2.785714,3,0.19806671721000757,0.17247915087187263,0.25031463229719486,0.2839658471424961,0.19660099859691155
150,3.0,2,0.1935557240333586,0.16707101339398533,0.24374526156178924,0.28304412313320576,0.1904440601049757
150,3.0,3,0.19420015163002274,0.16838514025777104,0.2480098559514784,0.2835942633308061,0.1927466176321163
175,0.0,0,0.04700530705079606,0.11137225170583775,0.27208491281273695,0.02844843977520247,0.16012216287326977
150,3.0,4,0.1941243366186505,0.16857467778620167,0.24572782410917363,0.2813075532209346,0.19243398299735676
175,0.0,1,0.0464746019711903,0.10948951225676017,0.27150871872630783,0.028182951851450717,0.15965064175416951
175,0.0,2,0.04620924943138741,0.11106899166034875,0.2736087945413192,0.028152340036343065,0.16056021254970432
175,0.0,3,0.04666413949962093,0.10948951225676017,0.27005307050796057,0.028105557360674875,0.15855461856376002
175,0.0,4,0.045754359363153904,0.10961587060904726,0.27004548900682335,0.027827238047101584,0.15846027480445035
175,0.214286,0,0.054056103108415465,0.12274450341167552,0.290841546626232,0.03197501113156913,0.174676309760275
175,0.214286,1,0.0545489006823351,0.12304776345716452,0.2906974981046247,0.03285581910297604,0.17483511902825072
175,0.214286,2,0.05511751326762699,0.12279504675259034,0.2902956785443518,0.033971638566975944,0.1749253746866463
175,0.214286,3,0.05477634571645186,0.12156937073540561,0.29088703563305535,0.03304103938770353,0.1747704636386192
175,0.214286,4,0.05526914329037149,0.12319939347990902,0.2912699014404852,0.033213834434456115,0.17493662881216338
175,0.428571,1,0.062282031842304776,0.1322719231741218,0.3047915087187263,0.03823260767536734,0.18693837571280272
175,0.428571,0,0.06322971948445792,0.133737680060652,0.3042342683851403,0.03936563594353587,0.1875075881552433
175,0.428571,2,0.0627748294162244,0.13399039676522617,0.3049393479909022,0.03898953933354995,0.18730885334901554
175,0.428571,3,0.060272934040940106,0.13309325246398787,0.30652388172858225,0.03707484927253692,0.1878998606955291
175,0.428571,4,0.062206216830932526,0.13411675511751328,0.3065049279757392,0.03815163303127671,0.18804878747984252
175,0.642857,1,0.06880212282031842,0.1456153651756381,0.3140257771038666,0.042219123434058994,0.19814401103205476
175,0.642857,0,0.06959818043972707,0.14490775840283043,0.3126800606520091,0.04259227168249154,0.1973462094923025
175,0.642857,2,0.06865049279757392,0.14390952741976246,0.3141508718726308,0.04176894171871427,0.19736920902267163
175,0.642857,3,0.06914329037149355,0.143669446550417,0.3132903714935557,0.043631117850223236,0.1972590382847634
175,0.642857,4,0.06986353297952995,0.1451352034369472,0.3134988627748294,0.04168604161401735,0.1980126826036767
175,0.857143,0,0.07911296436694465,0.15610310841546626,0.3195526914329037,0.051187151762398166,0.20740473955615268
175,0.857143,1,0.07937831690674754,0.15553449583017437,0.3191432903714936,0.05199369411651443,0.20737755956015064
175,0.857143,2,0.08002274450341168,0.15537022997220115,0.3190674753601213,0.051137856962345206,0.2072167791827862
175,0.857143,3,0.07971948445792267,0.15561031084154664,0.319275966641395,0.05206648555302838,0.20745737809420084
175,0.857143,4,0.08180439727065959,0.1560020217336366,0.3187035633055345,0.052422094058750625,0.2076606860236343
175,1.071429,1,0.09848369977255497,0.17222643416729846,0.3242456406368461,0.06907910333706392,0.21975468892462927
175,1.071429,0,0.09636087945413192,0.17110184483194338,0.32449962092494317,0.06735381542053263,0.21949585977182623
175,1.071429,2,0.09924184988627749,0.1717210007581501,0.3240333586050038,0.06916737367173303,0.21959992957347269
175,1.071429,4,0.0969294920394238,0.16973717462724286,0.3237073540561031,0.0677458722938253,0.21890575571672724
175,1.071429,3,0.09586808188021229,0.16973717462724286,0.32299090219863535,0.06863176468464564,0.21774475227993279
175,1.285714,1,0.1300606520090978,0.18907000252716705,0.321868840030326,0.10423861571416537,0.22995452266032917
175,1.285714,0,0.13138741470811222,0.18977760929997473,0.32298711144806674,0.10519961611129162,0.2311778855646728
175,1.285714,2,0.12846853677028053,0.18790750568612585,0.32139499620924944,0.10283108896831414,0.22946079271501843
175,1.285714,3,0.13392721758908263,0.18925954005559767,0.32136087945413194,0.10709305089233064,0.23019345760470128
175,1.285714,4,0.13017437452615618,0.18894364417487997,0.32260424564063683,0.10430910562354838,0.2303148965229947
175,1.5,2,0.17706595905989386,0.20085923679555218,0.30970811220621686,0.1722223425635101,0.23412403282836386
175,1.5,1,0.17361637604245642,0.19992418498862774,0.31086808188021225,0.1678005072385285,0.23396862764337847
175,1.5,0,0.1765731614859742,0.20104877432398283,0.31071645185746777,0.17184896867516278,0.23523997323826365
175,1.5,4,0.17467778620166793,0.1995324740965378,0.3097005307050796,0.1704036698075743,0.23335875915101387
175,1.5,3,0.1765352539802881,0.2008971443012383,0.31010614101592116,0.16999757813158115,0.23435608594782895
175,1.714286,0,0.20257771038665656,0.19935557240333587,0.2941963608794541,0.2415584497635294,0.22842796453067876
175,1.714286,1,0.20371493555724032,0.19701794288602476,0.2898218347232752,0.24375633296027535,0.2255863345168431
175,1.714286,2,0.20288097043214556,0.19746019711902957,0.29214935557240335,0.2435663441520151,0.22598448904682447
175,1.714286,3,0.20163002274450342,0.1981172605509224,0.29233510235026533,0.243567592692877,0.2268723879042665
175,1.714286,4,0.20113722517058377,0.1975107404599444,0.29105003790750567,0.24165245135203434,0.22681518890443142
175,1.928571,0,0.2032221379833207,0.1919383371240839,0.27971948445792266,0.2656458416067969,0.21766943742049866
175,1.928571,1,0.20398028809704322,0.19283548142532222,0.2816906747536012,0.26391731951815345,0.22046965662828727
175,1.928571,2,0.2048521607278241,0.19171089208996714,0.28029188779378317,0.26565877829524537,0.21897142428410077
175,1.928571,3,0.20420773313115997,0.19009350518069246,0.2784647460197119,0.26875646834422423,0.21692797830834404
175,1.928571,4,0.20367702805155422,0.18941117007834218,0.2789196360879454,0.26509884532534267,0.21663938119156184
175,2.142857,1,0.20564821834723276,0.185948951225676,0.2700265352539803,0.2759830378954716,0.2119764345261319
175,2.142857,0,0.2035253980288097,0.18521607278241092,0.2723730098559515,0.27396503483880286,0.2120596634630955
175,2.142857,2,0.20420773313115997,0.18719989891331817,0.2704359363153904,0.27519362913221895,0.21256646309541188
175,2.142857,4,0.20606520090978014,0.18747788728834977,0.26968915845337377,0.27517452495276606,0.2123132026971037
175,2.142857,3,0.2008718726307809,0.18575941369724538,0.27326383623957545,0.27395005234846026,0.21291332245631844
175,2.357143,1,0.2004169825625474,0.18217083649229215,0.26365807429871113,0.27636593378822344,0.20676402071258754
175,2.357143,0,0.19988627748294163,0.18045236290118777,0.2660424564063685,0.2795157466575207,0.20670542415875454
175,2.357143,2,0.20144048521607277,0.18054081374778874,0.2657543593631539,0.27926482002960396,0.2065246060751737
175,2.357143,3,0.20272934040940105,0.1816654030831438,0.26326762699014405,0.27915973199995187,0.20597343431429366
175,2.357143,4,0.20068233510235026,0.18054081374778874,0.26317285822592873,0.2803965997569106,0.20598556683811417
175,2.571429,0,0.1970811220621683,0.1756886530199646,0.2565959059893859,0.27980042901669133,0.19976451426080907
175,2.571429,1,0.19833206974981046,0.17797573919636087,0.25634571645185744,0.280433123337786,0.20131216321291695
175,2.571429,2,0.19912812736921912,0.1771417740712661,0.2572706595905989,0.2823913919876771,0.20149211821188065
175,2.571429,3,0.19821834723275208,0.17849380844073792,0.2585178165276725,0.2789088354573571,0.20289682073792573
175,2.571429,4,0.19981046247156936,0.1774323982815264,0.25660348749052314,0.2807667093878239,0.2012530678930709
175,2.785714,2,0.1964746019711903,0.17282031842304776,0.2523464746019712,0.28319686631286334,0.19724967872622132
175,2.785714,3,0.19776345716451857,0.17450088450846601,0.2520394238059136,0.2845014260442615,0.19811634674872702
175,2.785714,0,0.19598180439727067,0.1730098559514784,0.2541925701288855,0.2825176751266592,0.1976769714768151
175,2.785714,1,0.1959059893858984,0.17340156684356836,0.24926080363912054,0.28150343875230155,0.19629144710398216
175,3.0,0,0.19408642911296436,0.16954763709881224,0.25108036391205457,0.28418151377306033,0.1948201385992956
175,2.785714,4,0.19628506444275967,0.17350265352539804,0.2524109173616376,0.2812296773650072,0.19761931614885173
175,3.0,1,0.19514783927217588,0.1695097295931261,0.2486808188021228,0.2828782777958289,0.19372200340756884
175,3.0,2,0.19510993176648977,0.1711271165024008,0.2496360879454132,0.2831921429173135,0.1949572780403884
175,3.0,3,0.19321455648218347,0.17106393732625727,0.25006444275966644,0.2815878581657581,0.1950824368736158
175,3.0,4,0.19620924943138743,0.17044478140005054,0.24832069749810462,0.28515274317965755,0.19421780950153414
200,0.0,0,0.0467778620166793,0.10737932777356583,0.2664177407126611,0.027966909154361768,0.1561325941613902
200,0.0,3,0.047573919636087945,0.10789739701794289,0.2666603487490523,0.028481067306882317,0.15635950013049635
200,0.0,2,0.04598180439727066,0.10809957038160223,0.2669522365428355,0.027636813001672745,0.15684161677444353
200,0.0,1,0.04450341167551175,0.10611574425069498,0.265606520090978,0.026037913522750523,0.15529948928175305
200,0.0,4,0.04476876421531463,0.10515542077331312,0.262172100075815,0.02657794505216795,0.15331173504065115
200,0.214286,0,0.05041698256254738,0.11992671215567349,0.28650113722517057,0.030303967050555373,0.1717866379646112
200,0.214286,1,0.05310841546626232,0.12069749810462471,0.28788097043214556,0.03218965486118632,0.17275053040130622
200,0.214286,2,0.05477634571645186,0.12057113975233763,0.28796815769522366,0.03346012792278903,0.17289531511055775
200,0.214286,3,0.05329795299469295,0.12125347485468789,0.2885178165276725,0.031990490029724296,0.17300029282609913
200,0.214286,4,0.05318423047763457,0.12158200657063432,0.2894010614101592,0.032229277230224916,0.17392234511355992
200,0.428571,0,0.062319939347990905,0.13145059388425576,0.3011827141774071,0.03759723576061711,0.18411020327625116
200,0.428571,2,0.062471569370735405,0.13177912560020216,0.3024715693707354,0.03734648964463218,0.18527786144608296
200,0.428571,1,0.05985595147839272,0.13142532221379832,0.3023161485974223,0.03602777476924558,0.18511112085425757
200,0.428571,3,0.06322971948445792,0.13156431640131414,0.30224791508718724,0.037867958530392196,0.1852673653600521
200,0.428571,4,0.06137225170583776,0.13158958807177154,0.3023692191053829,0.03709192269275666,0.18478119842586987
200,0.642857,0,0.06933282789992419,0.14112964366944655,0.31152767247915086,0.04340006257746971,0.1953139601688806
200,0.642857,1,0.0667172100075815,0.1412054586808188,0.31335481425322215,0.040613153904473086,0.19547935289748883
200,0.642857,2,0.0689158453373768,0.14152135456153653,0.312475360121304,0.04265943716379653,0.19559872934330916
200,0.642857,3,0.06739954510993176,0.14211523881728583,0.3123805913570887,0.041327740471978534,0.19581710520003814
200,0.642857,4,0.06853677028051554,0.14233004801617388,0.3117854435178165,0.041796424660336715,0.19573830720401203
200,0.857143,0,0.07835481425322213,0.15400555976750063,0.31847990902198636,0.05032422951490426,0.2057541395983736
200,0.857143,2,0.08059135708870356,0.15266616123325752,0.3185860500379075,0.05104714971659626,0.2052930028612972
200,0.857143,1,0.07960576194086429,0.15381602223907,0.3180932524639879,0.05002667063792917,0.20577196308672868
200,0.857143,3,0.07748294162244124,0.1532221379833207,0.3182562547384382,0.04995845217035513,0.20525276860322336
200,0.857143,4,0.0791887793783169,0.15389183725044225,0.31797194844579224,0.051824238540500854,0.20529195986568874
200,1.071429,1,0.09306292645943896,0.16851149861005812,0.3228809704321456,0.06603106911200164,0.2169032611908488
200,1.071429,0,0.0920773313115997,0.16713419257012888,0.3216603487490523,0.06257814662382516,0.21574438892781372
200,1.071429,3,0.09154662623199393,0.1640889562800101,0.32306671721000757,0.06418850861041915,0.21529541798322818
200,1.071429,2,0.09321455648218348,0.1663886782916351,0.3231918119787718,0.06646548611863243,0.21608841048978497
200,1.071429,4,0.09078847611827141,0.16547889815516806,0.3228392721758908,0.0632562848237602,0.21540514692924564
200,1.285714,0,0.11853677028051554,0.18305534495830175,0.3235253980288097,0.09252250382083589,0.22699488015031596
200,1.285714,2,0.11952236542835482,0.1838893100833965,0.32423047763457163,0.0910489097079317,0.22753047712211383
200,1.285714,1,0.11815769522365428,0.18316906747536013,0.32227445034116753,0.09199762025103193,0.22635062727892263
200,1.285714,3,0.11918119787717968,0.18409148344705584,0.3240940106141016,0.09307100436838875,0.22764110922748423
200,1.285714,4,0.11880212282031842,0.18397776092999749,0.3247498104624716,0.09244322899743673,0.2281091304210155
200,1.5,0,0.1621683093252464,0.1973338387667425,0.31476876421531463,0.15080986678219432,0.23317255207199591
200,1.5,1,0.16228203184230477,0.19710639373262573,0.3154056103108415,0.14651351733516255,0.23346584845233753
200,1.5,3,0.16194086429112964,0.1986858731362143,0.3156633813495072,0.15148478585267816,0.23499991329928935
200,1.5,2,0.16353297952994694,0.1989512256760172,0.3155193328278999,0.14867845710434796,0.23460503097387483
200,1.5,4,0.1607278241091736,0.19829416224412433,0.31592115238817287,0.1483204718581898,0.23470270329033377
200,1.714286,1,0.19689158453373767,0.19909021986353298,0.2989082638362396,0.22285414936760653,0.22981686971071405
200,1.714286,0,0.19799090219863533,0.1998736416477129,0.29685746777862015,0.22561933643813856,0.22943992756368914
200,1.714286,2,0.19476876421531464,0.19935557240333587,0.2983017437452616,0.22079524531571543,0.22987389021688087
200,1.714286,3,0.19916603487490522,0.20137730603992923,0.29827141774071264,0.22736810594846987,0.23054244973762278
200,1.714286,4,0.19920394238059136,0.2021986353297953,0.2963532979529947,0.2245079545591297,0.23046740319138986
200,1.928571,0,0.20579984836997725,0.19495830174374526,0.28300606520090976,0.2614989560393276,0.2209767967187914
200,1.928571,1,0.2014783927217589,0.19245640636846095,0.28443138741470814,0.25883723239106105,0.22063524319691563
200,1.928571,3,0.2049658832448825,0.19459186252211272,0.2837566338134951,0.25876576470871393,0.22121701405318667
200,1.928571,2,0.20326004548900684,0.19174879959565327,0.2829037149355572,0.2578755249888684,0.21959812846434112
200,2.142857,0,0.20276724791508718,0.18933535506696994,0.27460197119029567,0.268724216879069,0.21542299640422788
200,1.928571,4,0.2045489006823351,0.19312610563558252,0.28268385140257773,0.2602914816419365,0.22041203354575495
200,2.142857,1,0.20083396512509477,0.18781905483952488,0.2742418498862775,0.26703964944582836,0.21326827223218495
200,2.142857,3,0.20056861258529188,0.18573414202678798,0.2741622441243366,0.26968135131232174,0.2134534275100426
200,2.142857,2,0.20413191811978773,0.18920899671468283,0.275470053070508,0.27183592668808737,0.21562893545542777
200,2.142857,4,0.20246398786959818,0.18751579479403588,0.27667551175132676,0.2703327436610226,0.21516334265641648
200,2.357143,0,0.2029188779378317,0.18189284811726056,0.26683851402577713,0.27749631454805834,0.20802756149265944
200,2.357143,1,0.2020470053070508,0.18203184230477634,0.2656330553449583,0.276999831522197,0.20819657284987575
200,2.357143,2,0.2017437452615618,0.18438210765731614,0.2679226686884003,0.2781951213641888,0.20960349177633822
200,2.357143,3,0.2023502653525398,0.1844705585039171,0.2658112206216831,0.277021056716849,0.2092542537574656
200,2.357143,4,0.20079605761940864,0.1828152640889563,0.268366186504928,0.2753262452314765,0.20936856923431754
200,2.571429,1,0.20007581501137225,0.1802122820318423,0.2624260803639121,0.27955594064767675,0.2059415216906694
200,2.571429,0,0.2023502653525398,0.18153904473085672,0.2623161485974223,0.28155529080472225,0.20537570736988728
200,2.571429,2,0.19939347990902198,0.17925195855446044,0.25936315390447306,0.27956782434985616,0.2029238134956864
200,2.571429,4,0.2007202426080364,0.17906242102602982,0.26246019711902957,0.2790982225591778,0.20425906570905877
200,2.571429,3,0.1998483699772555,0.17776092999747284,0.26245261561789235,0.27818926976906505,0.2041957148243268
200,2.785714,0,0.20007581501137225,0.17544857215061915,0.2595754359363154,0.28279095514880204,0.20156480136858526
200,2.785714,1,0.19890068233510236,0.17600454890068234,0.25543214556482186,0.2816378750135384,0.20023087094140787
200,2.785714,2,0.19620924943138743,0.17587819054839524,0.25708870356330554,0.28068156792664,0.20084434488262626
200,2.785714,3,0.19666413949962092,0.1765226181450594,0.255959059893859,0.280144379460149,0.19975665662158773
200,2.785714,4,0.19920394238059136,0.17614354308819813,0.2556027293404094,0.2811022058558071,0.19950451837432864
200,3.0,1,0.1986732373009856,0.17482941622441242,0.2535746777862017,0.2832496961382481,0.19805664158039962
200,3.0,0,0.1983699772554966,0.17513267626990145,0.2527179681576952,0.28213231223750557,0.19825864678184124
200,3.0,2,0.1961713419257013,0.17397017942886026,0.25399545109931765,0.2832220326846938,0.19767861636792564
200,3.0,4,0.1949962092494314,0.17250442254233006,0.25034874905231236,0.2809287038039881,0.19573046817930712
200,3.0,3,0.19772554965883246,0.17263078089461714,0.25038665655799847,0.2842398341697053,0.19585886781194867
